id	token_json	built_from_json
0	"<unk>"	
1	"!"	
2	"\""	
3	"#"	
4	"$"	
5	"%"	
6	"&"	
7	"'"	
8	"("	
9	")"	
10	"*"	
11	"+"	
12	","	
13	"-"	
14	"."	
15	"/"	
16	"0"	
17	"1"	
18	"2"	
19	"3"	
20	"4"	
21	"5"	
22	"6"	
23	"7"	
24	"8"	
25	"9"	
26	":"	
27	";"	
28	"<"	
29	"="	
30	">"	
31	"?"	
32	"A"	
33	"B"	
34	"C"	
35	"D"	
36	"E"	
37	"F"	
38	"G"	
39	"H"	
40	"I"	
41	"J"	
42	"K"	
43	"L"	
44	"M"	
45	"N"	
46	"O"	
47	"P"	
48	"Q"	
49	"R"	
50	"S"	
51	"T"	
52	"U"	
53	"V"	
54	"W"	
55	"X"	
56	"Y"	
57	"Z"	
58	"["	
59	"\\"	
60	"]"	
61	"^"	
62	"_"	
63	"a"	
64	"b"	
65	"c"	
66	"d"	
67	"e"	
68	"f"	
69	"g"	
70	"h"	
71	"i"	
72	"j"	
73	"k"	
74	"l"	
75	"m"	
76	"n"	
77	"o"	
78	"p"	
79	"q"	
80	"r"	
81	"s"	
82	"t"	
83	"u"	
84	"v"	
85	"w"	
86	"x"	
87	"y"	
88	"z"	
89	"{"	
90	"|"	
91	"}"	
92	"°"	
93	"Ç"	
94	"Ö"	
95	"à"	
96	"á"	
97	"â"	
98	"ä"	
99	"ç"	
100	"è"	
101	"é"	
102	"ë"	
103	"í"	
104	"ó"	
105	"ö"	
106	"ø"	
107	"ü"	
108	"ā"	
109	"ē"	
110	"ğ"	
111	"ī"	
112	"ı"	
113	"ō"	
114	"Ś"	
115	"ş"	
116	"š"	
117	"ū"	
118	"ə"	
119	"ɦ"	
120	"ɪ"	
121	"ɾ"	
122	"ʊ"	
123	"ʱ"	
124	"ˈ"	
125	"ː"	
126	"ί"	
127	"α"	
128	"δ"	
129	"λ"	
130	"ν"	
131	"ς"	
132	"ό"	
133	"،"	
134	"ؒ"	
135	"ؓ"	
136	"؛"	
137	"؟"	
138	"ء"	
139	"آ"	
140	"أ"	
141	"ؤ"	
142	"إ"	
143	"ئ"	
144	"ا"	
145	"ب"	
146	"ة"	
147	"ت"	
148	"ث"	
149	"ج"	
150	"ح"	
151	"خ"	
152	"د"	
153	"ذ"	
154	"ر"	
155	"ز"	
156	"س"	
157	"ش"	
158	"ص"	
159	"ض"	
160	"ط"	
161	"ظ"	
162	"ع"	
163	"غ"	
164	"ـ"	
165	"ف"	
166	"ق"	
167	"ك"	
168	"ل"	
169	"م"	
170	"ن"	
171	"ه"	
172	"و"	
173	"ى"	
174	"ي"	
175	"ً"	
176	"ٌ"	
177	"ٍ"	
178	"َ"	
179	"ُ"	
180	"ِ"	
181	"ّ"	
182	"ْ"	
183	"ٓ"	
184	"ٖ"	
185	"ٗ"	
186	"٫"	
187	"ٰ"	
188	"ٹ"	
189	"پ"	
190	"چ"	
191	"ڈ"	
192	"ڑ"	
193	"ژ"	
194	"ک"	
195	"گ"	
196	"ں"	
197	"ھ"	
198	"ہ"	
199	"ۂ"	
200	"ۃ"	
201	"ی"	
202	"ے"	
203	"۔"	
204	"۰"	
205	"۱"	
206	"۲"	
207	"ँ"	
208	"ं"	
209	"ः"	
210	"अ"	
211	"आ"	
212	"इ"	
213	"ई"	
214	"उ"	
215	"ऊ"	
216	"ऋ"	
217	"ए"	
218	"ऐ"	
219	"ऑ"	
220	"ओ"	
221	"औ"	
222	"क"	
223	"ख"	
224	"ग"	
225	"घ"	
226	"ङ"	
227	"च"	
228	"छ"	
229	"ज"	
230	"झ"	
231	"ञ"	
232	"ट"	
233	"ठ"	
234	"ड"	
235	"ढ"	
236	"ण"	
237	"त"	
238	"थ"	
239	"द"	
240	"ध"	
241	"न"	
242	"प"	
243	"फ"	
244	"ब"	
245	"भ"	
246	"म"	
247	"य"	
248	"र"	
249	"ल"	
250	"व"	
251	"श"	
252	"ष"	
253	"स"	
254	"ह"	
255	"़"	
256	"ा"	
257	"ि"	
258	"ी"	
259	"ु"	
260	"ू"	
261	"ृ"	
262	"े"	
263	"ै"	
264	"ॉ"	
265	"ो"	
266	"ौ"	
267	"्"	
268	"ॐ"	
269	"।"	
270	"॥"	
271	"०"	
272	"१"	
273	"२"	
274	"३"	
275	"४"	
276	"५"	
277	"६"	
278	"७"	
279	"८"	
280	"९"	
281	"॰"	
282	"ఁ"	
283	"ం"	
284	"ః"	
285	"అ"	
286	"ఆ"	
287	"ఇ"	
288	"ఈ"	
289	"ఉ"	
290	"ఊ"	
291	"ఋ"	
292	"ఎ"	
293	"ఏ"	
294	"ఐ"	
295	"ఒ"	
296	"ఓ"	
297	"ఔ"	
298	"క"	
299	"ఖ"	
300	"గ"	
301	"ఘ"	
302	"ఙ"	
303	"చ"	
304	"ఛ"	
305	"జ"	
306	"ఝ"	
307	"ఞ"	
308	"ట"	
309	"ఠ"	
310	"డ"	
311	"ఢ"	
312	"ణ"	
313	"త"	
314	"థ"	
315	"ద"	
316	"ధ"	
317	"న"	
318	"ప"	
319	"ఫ"	
320	"బ"	
321	"భ"	
322	"మ"	
323	"య"	
324	"ర"	
325	"ఱ"	
326	"ల"	
327	"ళ"	
328	"వ"	
329	"శ"	
330	"ష"	
331	"స"	
332	"హ"	
333	"ా"	
334	"ి"	
335	"ీ"	
336	"ు"	
337	"ూ"	
338	"ృ"	
339	"ె"	
340	"ే"	
341	"ై"	
342	"ొ"	
343	"ో"	
344	"ౌ"	
345	"్"	
346	"౦"	
347	"౧"	
348	"Ἰ"	
349	"​"	
350	"‌"	
351	"‍"	
352	"‎"	
353	"–"	
354	"—"	
355	"‘"	
356	"’"	
357	"“"	
358	"”"	
359	"†"	
360	"…"	
361	"′"	
362	"₹"	
363	"→"	
364	"−"	
365	"▁"	
366	"లు"	["ల", "ు"]
367	"లో"	["ల", "ో"]
368	"ది"	["ద", "ి"]
369	"ని"	["న", "ి"]
370	"के"	["क", "े"]
371	"భా"	["భ", "ా"]
372	"రు"	["ర", "ు"]
373	"రా"	["ర", "ా"]
374	"గా"	["గ", "ా"]
375	"मे"	["म", "े"]
376	"में"	["मे", "ं"]
377	"దే"	["ద", "ే"]
378	"ప్"	["ప", "్"]
379	"ప్ర"	["ప్", "ర"]
380	"का"	["क", "ा"]
381	"వి"	["వ", "ి"]
382	"రి"	["ర", "ి"]
383	"भा"	["भ", "ा"]
384	"కా"	["క", "ా"]
385	"కు"	["క", "ు"]
386	"మా"	["మ", "ా"]
387	"పా"	["ప", "ా"]
388	"ము"	["మ", "ు"]
389	"ను"	["న", "ు"]
390	"డు"	["డ", "ు"]
391	"వా"	["వ", "ా"]
392	"है"	["ह", "ै"]
393	"నా"	["న", "ా"]
394	"रा"	["र", "ा"]
395	"డి"	["డ", "ి"]
396	"యి"	["య", "ి"]
397	"తి"	["త", "ి"]
398	"या"	["य", "ा"]
399	"की"	["क", "ी"]
400	"से"	["स", "े"]
401	"కి"	["క", "ి"]
402	"సం"	["స", "ం"]
403	"ने"	["न", "े"]
404	"టి"	["ట", "ి"]
405	"శం"	["శ", "ం"]
406	"శా"	["శ", "ా"]
407	"చి"	["చ", "ి"]
408	"తా"	["త", "ా"]
409	"वि"	["व", "ि"]
410	"ना"	["न", "ा"]
411	"రం"	["ర", "ం"]
412	"प्"	["प", "्"]
413	"प्र"	["प्", "र"]
414	"था"	["थ", "ा"]
415	"పు"	["ప", "ు"]
416	"తీ"	["త", "ీ"]
417	"సా"	["స", "ా"]
418	"దా"	["ద", "ా"]
419	"ता"	["त", "ा"]
420	"న్"	["న", "్"]
421	"న్న"	["న్", "న"]
422	"లి"	["ల", "ి"]
423	"యా"	["య", "ా"]
424	"सा"	["स", "ा"]
425	"గు"	["గ", "ు"]
426	"న్నా"	["న్", "నా"]
427	"मा"	["म", "ा"]
428	"తం"	["త", "ం"]
429	"జా"	["జ", "ా"]
430	"సి"	["స", "ి"]
431	"చే"	["చ", "ే"]
432	"ఉం"	["ఉ", "ం"]
433	"को"	["क", "ो"]
434	"ती"	["त", "ी"]
435	"कि"	["क", "ि"]
436	"नि"	["न", "ि"]
437	"ति"	["त", "ि"]
438	"దు"	["ద", "ు"]
439	"నే"	["న", "ే"]
440	"డా"	["డ", "ా"]
441	"తో"	["త", "ో"]
442	"మం"	["మ", "ం"]
443	"वा"	["व", "ा"]
444	"हैं"	["है", "ं"]
445	"కూ"	["క", "ూ"]
446	"जा"	["ज", "ा"]
447	"చా"	["చ", "ా"]
448	"ధి"	["ధ", "ి"]
449	"పం"	["ప", "ం"]
450	"ర్"	["ర", "్"]
451	"మి"	["మ", "ి"]
452	"త్"	["త", "్"]
453	"త్ర"	["త్", "ర"]
454	"కో"	["క", "ో"]
455	"మై"	["మ", "ై"]
456	"दे"	["द", "े"]
457	"सं"	["स", "ं"]
458	"న్ని"	["న్", "ని"]
459	"మొ"	["మ", "ొ"]
460	"లం"	["ల", "ం"]
461	"ధా"	["ధ", "ా"]
462	"हु"	["ह", "ु"]
463	"ణా"	["ణ", "ా"]
464	"సు"	["స", "ు"]
465	"లా"	["ల", "ా"]
466	"వు"	["వ", "ు"]
467	"నం"	["న", "ం"]
468	"शा"	["श", "ा"]
469	"హా"	["హ", "ా"]
470	"గి"	["గ", "ి"]
471	"తు"	["త", "ు"]
472	"हा"	["ह", "ा"]
473	"वं"	["व", "ं"]
474	"గం"	["గ", "ం"]
475	"रि"	["र", "ि"]
476	"ల్"	["ల", "్"]
477	"స్"	["స", "్"]
478	"స్థ"	["స్", "థ"]
479	"స్థా"	["స్థ", "ా"]
480	"పే"	["ప", "ే"]
481	"వే"	["వ", "ే"]
482	"రో"	["ర", "ో"]
483	"लि"	["ल", "ि"]
484	"री"	["र", "ी"]
485	"బా"	["బ", "ా"]
486	"पा"	["प", "ा"]
487	"యు"	["య", "ు"]
488	"ప్రా"	["ప్", "రా"]
489	"भी"	["भ", "ी"]
490	"కొ"	["క", "ొ"]
491	"दि"	["द", "ि"]
492	"హి"	["హ", "ి"]
493	"హిం"	["హి", "ం"]
494	"కం"	["క", "ం"]
495	"धि"	["ध", "ि"]
496	"యం"	["య", "ం"]
497	"జి"	["జ", "ి"]
498	"ఇం"	["ఇ", "ం"]
499	"వం"	["వ", "ం"]
500	"వ్"	["వ", "్"]
501	"వ్య"	["వ్", "య"]
502	"నీ"	["న", "ీ"]
503	"నుం"	["ను", "ం"]
504	"పె"	["ప", "ె"]
505	"రై"	["ర", "ై"]
506	"స్తా"	["స్", "తా"]
507	"जि"	["ज", "ि"]
508	"టు"	["ట", "ు"]
509	"మీ"	["మ", "ీ"]
510	"టా"	["ట", "ా"]
511	"हो"	["ह", "ो"]
512	"ला"	["ल", "ा"]
513	"అం"	["అ", "ం"]
514	"క్"	["క", "్"]
515	"క్ష"	["క్", "ష"]
516	"కీ"	["క", "ీ"]
517	"లే"	["ల", "ే"]
518	"ली"	["ल", "ी"]
519	"मि"	["म", "ि"]
520	"नी"	["न", "ी"]
521	"స్తు"	["స్", "తు"]
522	"हि"	["ह", "ि"]
523	"చిం"	["చి", "ం"]
524	"धा"	["ध", "ा"]
525	"ते"	["त", "े"]
526	"ధ్"	["ధ", "్"]
527	"ధ్య"	["ధ్", "య"]
528	"ప్రాం"	["ప్రా", "ం"]
529	"पू"	["प", "ू"]
530	"मु"	["म", "ु"]
531	"పో"	["ప", "ో"]
532	"रू"	["र", "ू"]
533	"త్రి"	["త్", "రి"]
534	"పూ"	["ప", "ూ"]
535	"క్క"	["క్", "క"]
536	"తె"	["త", "ె"]
537	"ఖ్"	["ఖ", "్"]
538	"ఖ్య"	["ఖ్", "య"]
539	"జు"	["జ", "ు"]
540	"సిం"	["సి", "ం"]
541	"మే"	["మ", "ే"]
542	"त्"	["त", "्"]
543	"त्र"	["त्", "र"]
544	"వె"	["వ", "ె"]
545	"దీ"	["ద", "ీ"]
546	"త్త"	["త్", "త"]
547	"र्"	["र", "्"]
548	"र्व"	["र्", "व"]
549	"క్కు"	["క్", "కు"]
550	"क्"	["क", "्"]
551	"क्ष"	["क्", "ष"]
552	"क्षे"	["क्ष", "े"]
553	"ज्"	["ज", "्"]
554	"ज्य"	["ज्", "य"]
555	"स्"	["स", "्"]
556	"स्था"	["स्", "था"]
557	"ద్"	["ద", "్"]
558	"ద్ర"	["ద్", "ర"]
559	"పి"	["ప", "ి"]
560	"క్షి"	["క్ష", "ి"]
561	"మూ"	["మ", "ూ"]
562	"ద్ద"	["ద్", "ద"]
563	"చు"	["చ", "ు"]
564	"దూ"	["ద", "ూ"]
565	"सी"	["स", "ी"]
566	"స్వా"	["స్", "వా"]
567	"ట్"	["ట", "్"]
568	"ట్ట"	["ట్", "ట"]
569	"ణం"	["ణ", "ం"]
570	"గో"	["గ", "ో"]
571	"सि"	["स", "ि"]
572	"ర్వ"	["ర్", "వ"]
573	"భి"	["భ", "ి"]
574	"భు"	["భ", "ు"]
575	"रे"	["र", "े"]
576	"రిం"	["రి", "ం"]
577	"दा"	["द", "ा"]
578	"यु"	["य", "ु"]
579	"गा"	["ग", "ा"]
580	"రె"	["ర", "ె"]
581	"రెం"	["రె", "ం"]
582	"बा"	["ब", "ा"]
583	"प्रा"	["प्", "रा"]
584	"पु"	["प", "ु"]
585	"शि"	["श", "ि"]
586	"కుం"	["కు", "ం"]
587	"చె"	["చ", "ె"]
588	"చెం"	["చె", "ం"]
589	"బం"	["బ", "ం"]
590	"ची"	["च", "ी"]
591	"षा"	["ष", "ा"]
592	"ల్లా"	["ల్", "లా"]
593	"ల్లో"	["ల్", "లో"]
594	"డం"	["డ", "ం"]
595	"ర్గా"	["ర్", "గా"]
596	"బి"	["బ", "ి"]
597	"కే"	["క", "ే"]
598	"వై"	["వ", "ై"]
599	"न्"	["न", "्"]
600	"न्त"	["न्", "त"]
601	"యో"	["య", "ో"]
602	"కేం"	["కే", "ం"]
603	"क्षि"	["क्ष", "ि"]
604	"लो"	["ल", "ो"]
605	"नो"	["न", "ो"]
606	"नों"	["नो", "ं"]
607	"త్య"	["త్", "య"]
608	"ర్య"	["ర్", "య"]
609	"ले"	["ल", "े"]
610	"పై"	["ప", "ై"]
611	"త్వం"	["త్", "వం"]
612	"క్ర"	["క్", "ర"]
613	"క్రీ"	["క్ర", "ీ"]
614	"ప్ప"	["ప్", "ప"]
615	"न्य"	["न्", "य"]
616	"जी"	["ज", "ी"]
617	"ओं"	["ओ", "ं"]
618	"భూ"	["భ", "ూ"]
619	"రీ"	["ర", "ీ"]
620	"ష్"	["ష", "్"]
621	"ష్ట్"	["ష్", "ట్"]
622	"ష్ట్ర"	["ష్ట్", "ర"]
623	"లీ"	["ల", "ీ"]
624	"గ్"	["గ", "్"]
625	"గ్రా"	["గ్", "రా"]
626	"ర్ట"	["ర్", "ట"]
627	"ర్టీ"	["ర్ట", "ీ"]
628	"నె"	["న", "ె"]
629	"ణి"	["ణ", "ి"]
630	"స్క"	["స్", "క"]
631	"స్కృ"	["స్క", "ృ"]
632	"ల్ల"	["ల్", "ల"]
633	"టుం"	["టు", "ం"]
634	"ध्"	["ध", "्"]
635	"ध्य"	["ध्", "य"]
636	"दी"	["द", "ी"]
637	"र्य"	["र्", "य"]
638	"यो"	["य", "ो"]
639	"यों"	["यो", "ं"]
640	"చ్"	["చ", "్"]
641	"చ్చిం"	["చ్", "చిం"]
642	"त्त"	["त्", "त"]
643	"మె"	["మ", "ె"]
644	"టే"	["ట", "ే"]
645	"ష్ట్రా"	["ష్ట్", "రా"]
646	"స్వ"	["స్", "వ"]
647	"సాం"	["సా", "ం"]
648	"र्ष"	["र्", "ष"]
649	"డిం"	["డి", "ం"]
650	"जो"	["ज", "ो"]
651	"గీ"	["గ", "ీ"]
652	"శ్"	["శ", "్"]
653	"శ్రీ"	["శ్", "రీ"]
654	"ధిం"	["ధి", "ం"]
655	"త్స"	["త్", "స"]
656	"दो"	["द", "ो"]
657	"ర్యా"	["ర్", "యా"]
658	"డే"	["డ", "ే"]
659	"स्व"	["स्", "व"]
660	"వీ"	["వ", "ీ"]
661	"పిం"	["పి", "ం"]
662	"नु"	["न", "ु"]
663	"శి"	["శ", "ి"]
664	"ద్ధి"	["ద్", "ధి"]
665	"రూ"	["ర", "ూ"]
666	"ग्"	["ग", "्"]
667	"ग्रे"	["ग्", "रे"]
668	"टि"	["ट", "ि"]
669	"సౌ"	["స", "ౌ"]
670	"चा"	["च", "ा"]
671	"సై"	["స", "ై"]
672	"కాం"	["కా", "ం"]
673	"र्ण"	["र्", "ण"]
674	"ही"	["ह", "ी"]
675	"టం"	["ట", "ం"]
676	"ద్ధ"	["ద్", "ధ"]
677	"र्वा"	["र्", "वा"]
678	"तु"	["त", "ु"]
679	"షు"	["ష", "ు"]
680	"జీ"	["జ", "ీ"]
681	"రే"	["ర", "ే"]
682	"ర్ప"	["ర్", "ప"]
683	"లిం"	["లి", "ం"]
684	"బు"	["బ", "ు"]
685	"श्"	["श", "्"]
686	"श्व"	["श्", "व"]
687	"स्ता"	["स्", "ता"]
688	"టీ"	["ట", "ీ"]
689	"తే"	["త", "ే"]
690	"ढ़"	["ढ", "़"]
691	"త్వ"	["త్", "వ"]
692	"గ్రె"	["గ్", "రె"]
693	"న్నో"	["న్న", "ో"]
694	"हे"	["ह", "े"]
695	"కృ"	["క", "ృ"]
696	"मी"	["म", "ी"]
697	"చం"	["చ", "ం"]
698	"ర్లు"	["ర్", "లు"]
699	"లై"	["ల", "ై"]
700	"దం"	["ద", "ం"]
701	"रो"	["र", "ो"]
702	"వృ"	["వ", "ృ"]
703	"प्त"	["प्", "त"]
704	"జ్"	["జ", "్"]
705	"జ్య"	["జ్", "య"]
706	"ర్ల"	["ర్", "ల"]
707	"र्म"	["र्", "म"]
708	"क्त"	["क्", "त"]
709	"గే"	["గ", "ే"]
710	"वे"	["व", "े"]
711	"द्"	["द", "्"]
712	"द्ध"	["द्", "ध"]
713	"पि"	["प", "ि"]
714	"చీ"	["చ", "ీ"]
715	"ద్దు"	["ద్", "దు"]
716	"చ్చి"	["చ్", "చి"]
717	"త్రం"	["త్", "రం"]
718	"డ్"	["డ", "్"]
719	"भू"	["भ", "ू"]
720	"త్వా"	["త్", "వా"]
721	"ड़"	["ड", "़"]
722	"శ్ర"	["శ్", "ర"]
723	"శ్వ"	["శ్", "వ"]
724	"अं"	["अ", "ं"]
725	"ర్ధి"	["ర్", "ధి"]
726	"व्"	["व", "्"]
727	"व्य"	["व्", "य"]
728	"యిం"	["యి", "ం"]
729	"स्त"	["स्", "त"]
730	"హు"	["హ", "ు"]
731	"ड़ा"	["ड़", "ा"]
732	"कु"	["क", "ु"]
733	"ధు"	["ధ", "ు"]
734	"न्द्"	["न्", "द्"]
735	"न्द्र"	["न्द्", "र"]
736	"खा"	["ख", "ा"]
737	"మ్"	["మ", "్"]
738	"మ్మ"	["మ్", "మ"]
739	"ముం"	["ము", "ం"]
740	"ధీ"	["ధ", "ీ"]
741	"ద్య"	["ద్", "య"]
742	"ళి"	["ళ", "ి"]
743	"शो"	["श", "ो"]
744	"शों"	["शो", "ं"]
745	"టె"	["ట", "ె"]
746	"తూ"	["త", "ూ"]
747	"ట్లు"	["ట్", "లు"]
748	"సే"	["స", "ే"]
749	"थी"	["थ", "ी"]
750	"धी"	["ध", "ी"]
751	"చూ"	["చ", "ూ"]
752	"బ్"	["బ", "్"]
753	"బ్రి"	["బ్", "రి"]
754	"ల్లీ"	["ల్", "లీ"]
755	"ట్టు"	["ట్", "టు"]
756	"स्क"	["स्", "क"]
757	"स्कृ"	["स्क", "ृ"]
758	"ర్తి"	["ర్", "తి"]
759	"हीं"	["ही", "ं"]
760	"न्दी"	["न्", "दी"]
761	"తుం"	["తు", "ం"]
762	"చై"	["చ", "ై"]
763	"న్‌"	["న్", "‌"]
764	"గిం"	["గి", "ం"]
765	"भि"	["भ", "ि"]
766	"मो"	["म", "ो"]
767	"షా"	["ష", "ా"]
768	"न्न"	["न्", "न"]
769	"ज्यो"	["ज्य", "ो"]
770	"ज्यों"	["ज्यो", "ं"]
771	"ये"	["य", "े"]
772	"पी"	["प", "ी"]
773	"జ్యా"	["జ్", "యా"]
774	"సూ"	["స", "ూ"]
775	"द्वा"	["द्", "वा"]
776	"णा"	["ण", "ा"]
777	"ద్వా"	["ద్", "వా"]
778	"ద్రం"	["ద్", "రం"]
779	"ట్టి"	["ట్", "టి"]
780	"కొం"	["కొ", "ం"]
781	"జం"	["జ", "ం"]
782	"गु"	["ग", "ु"]
783	"స్తుం"	["స్తు", "ం"]
784	"బె"	["బ", "ె"]
785	"బెం"	["బె", "ం"]
786	"ళా"	["ళ", "ా"]
787	"పొ"	["ప", "ొ"]
788	"పొం"	["పొ", "ం"]
789	"ర్‌"	["ర్", "‌"]
790	"ట్టా"	["ట్", "టా"]
791	"లె"	["ల", "ె"]
792	"నో"	["న", "ో"]
793	"విం"	["వి", "ం"]
794	"रु"	["र", "ु"]
795	"म्"	["म", "्"]
796	"म्ब"	["म्", "ब"]
797	"त्री"	["त्", "री"]
798	"क्षा"	["क्ष", "ा"]
799	"न्ध"	["न्", "ध"]
800	"వ్యా"	["వ్", "యా"]
801	"థా"	["థ", "ా"]
802	"शी"	["श", "ी"]
803	"ఆం"	["ఆ", "ం"]
804	"ఢి"	["ఢ", "ి"]
805	"क्ति"	["क्", "ति"]
806	"सू"	["स", "ू"]
807	"త్తం"	["త్", "తం"]
808	"र्थ"	["र्", "थ"]
809	"మిం"	["మి", "ం"]
810	"श्च"	["श्", "च"]
811	"श्चि"	["श्च", "ि"]
812	"బ్దం"	["బ్", "దం"]
813	"ప్పు"	["ప్", "పు"]
814	"దిం"	["ది", "ం"]
815	"ర్టు"	["ర్", "టు"]
816	"జ్యం"	["జ్", "యం"]
817	"यी"	["य", "ी"]
818	"స్య"	["స్", "య"]
819	"टे"	["ट", "े"]
820	"మ్రా"	["మ్", "రా"]
821	"ట్ల"	["ట్", "ల"]
822	"కె"	["క", "ె"]
823	"ల్వే"	["ల్", "వే"]
824	"కిం"	["కి", "ం"]
825	"ణు"	["ణ", "ు"]
826	"स्थ"	["स्", "थ"]
827	"स्थि"	["स्थ", "ि"]
828	"ద్రా"	["ద్", "రా"]
829	"న్యా"	["న్", "యా"]
830	"र्मा"	["र्", "मा"]
831	"స్త్ర"	["స్", "త్ర"]
832	"స్త్రీ"	["స్త్ర", "ీ"]
833	"స్త"	["స్", "త"]
834	"న్ను"	["న్", "ను"]
835	"చ్చు"	["చ్", "చు"]
836	"నూ"	["న", "ూ"]
837	"र्त"	["र्", "त"]
838	"క్తి"	["క్", "తి"]
839	"म्रा"	["म्", "रा"]
840	"శీ"	["శ", "ీ"]
841	"सै"	["स", "ै"]
842	"ళం"	["ళ", "ం"]
843	"ష్ణ"	["ష్", "ణ"]
844	"ళ్"	["ళ", "్"]
845	"ళ్ల"	["ళ్", "ల"]
846	"ष्"	["ष", "्"]
847	"ष्ट"	["ष्", "ट"]
848	"ष्ट्"	["ष्ट", "्"]
849	"ष्ट्री"	["ष्ट्", "री"]
850	"न्तु"	["न्त", "ु"]
851	"रों"	["रो", "ं"]
852	"గాం"	["గా", "ం"]
853	"డో"	["డ", "ో"]
854	"न्त्री"	["न्", "त्री"]
855	"चि"	["च", "ि"]
856	"त्व"	["त्", "व"]
857	"मू"	["म", "ू"]
858	"హై"	["హ", "ై"]
859	"वी"	["व", "ी"]
860	"लों"	["लो", "ं"]
861	"कृ"	["क", "ृ"]
862	"बी"	["ब", "ी"]
863	"गी"	["ग", "ी"]
864	"न्या"	["न्", "या"]
865	"त्य"	["त्", "य"]
866	"లెం"	["లె", "ం"]
867	"बं"	["ब", "ं"]
868	"ण्"	["ण", "्"]
869	"ण्ड"	["ण्", "ड"]
870	"शे"	["श", "े"]
871	"భ్"	["భ", "్"]
872	"భ్యు"	["భ్", "యు"]
873	"ద్యా"	["ద్", "యా"]
874	"సె"	["స", "ె"]
875	"క్‌"	["క్", "‌"]
876	"पे"	["प", "े"]
877	"ల్లి"	["ల్", "లి"]
878	"ర్థ"	["ర్", "థ"]
879	"ర్థి"	["ర్థ", "ి"]
880	"टी"	["ट", "ी"]
881	"హె"	["హ", "ె"]
882	"త్యం"	["త్", "యం"]
883	"ర్వా"	["ర్", "వా"]
884	"म्भ"	["म्", "भ"]
885	"శ్చి"	["శ్", "చి"]
886	"द्वी"	["द्", "वी"]
887	"డ్డు"	["డ్", "డు"]
888	"ड़ी"	["ड़", "ी"]
889	"ర్ణ"	["ర్", "ణ"]
890	"न्त्र"	["न्", "त्र"]
891	"భిం"	["భి", "ం"]
892	"न्हे"	["न्", "हे"]
893	"न्हें"	["न्हे", "ं"]
894	"ఖం"	["ఖ", "ం"]
895	"క్యా"	["క్", "యా"]
896	"ष्ट्र"	["ष्ट्", "र"]
897	"బై"	["బ", "ై"]
898	"బీ"	["బ", "ీ"]
899	"టూ"	["ట", "ూ"]
900	"द्य"	["द्", "य"]
901	"ద్వీ"	["ద్", "వీ"]
902	"द्यो"	["द्", "यो"]
903	"मं"	["म", "ं"]
904	"మో"	["మ", "ో"]
905	"ख्"	["ख", "्"]
906	"ख्य"	["ख्", "य"]
907	"क्र"	["क्", "र"]
908	"र्ग"	["र्", "ग"]
909	"పీ"	["ప", "ీ"]
910	"న్య"	["న్", "య"]
911	"थे"	["थ", "े"]
912	"सु"	["स", "ु"]
913	"పాం"	["పా", "ం"]
914	"ర్గం"	["ర్", "గం"]
915	"यू"	["य", "ू"]
916	"ब्"	["ब", "्"]
917	"ब्दी"	["ब्", "दी"]
918	"म्प"	["म्", "प"]
919	"ద్ధం"	["ద్ధ", "ం"]
920	"गो"	["ग", "ो"]
921	"गों"	["गो", "ं"]
922	"ల్‌"	["ల్", "‌"]
923	"స్త్రం"	["స్", "త్రం"]
924	"ర్శ"	["ర్", "శ"]
925	"छो"	["छ", "ो"]
926	"डि"	["ड", "ि"]
927	"याँ"	["या", "ँ"]
928	"స్థి"	["స్థ", "ి"]
929	"టై"	["ట", "ై"]
930	"च्"	["च", "्"]
931	"च्च"	["च्", "च"]
932	"धु"	["ध", "ु"]
933	"ర్పు"	["ర్", "పు"]
934	"स्त्र"	["स्", "त्र"]
935	"ర్తిం"	["ర్తి", "ం"]
936	"త్రా"	["త్", "రా"]
937	"ళ్ళ"	["ళ్", "ళ"]
938	"वीं"	["वी", "ं"]
939	"हाँ"	["हा", "ँ"]
940	"స్లా"	["స్", "లా"]
941	"जै"	["ज", "ै"]
942	"డ్డా"	["డ్", "డా"]
943	"गि"	["ग", "ि"]
944	"క్షం"	["క్ష", "ం"]
945	"చ్చ"	["చ్", "చ"]
946	"र्थि"	["र्थ", "ि"]
947	"మ్య"	["మ్", "య"]
948	"तृ"	["त", "ृ"]
949	"ర్వీ"	["ర్వ", "ీ"]
950	"ర్జా"	["ర్", "జా"]
951	"ర్మిం"	["ర్", "మిం"]
952	"భౌ"	["భ", "ౌ"]
953	"श्चा"	["श्", "चा"]
954	"బూ"	["బ", "ూ"]
955	"శే"	["శ", "ే"]
956	"बो"	["ब", "ो"]
957	"ఖ్యా"	["ఖ్", "యా"]
958	"ర్యం"	["ర్", "యం"]
959	"జూ"	["జ", "ూ"]
960	"ख्या"	["ख्", "या"]
961	"బ్ర"	["బ్", "ర"]
962	"कॉ"	["क", "ॉ"]
963	"कॉं"	["कॉ", "ं"]
964	"दू"	["द", "ू"]
965	"ఫ్"	["ఫ", "్"]
966	"డై"	["డ", "ై"]
967	"గె"	["గ", "ె"]
968	"र्षो"	["र्ष", "ो"]
969	"र्षों"	["र्षो", "ं"]
970	"र्वो"	["र्व", "ो"]
971	"హ్"	["హ", "్"]
972	"హ్మ"	["హ్", "మ"]
973	"कों"	["को", "ं"]
974	"ఎం"	["ఎ", "ం"]
975	"व्या"	["व्", "या"]
976	"टा"	["ट", "ा"]
977	"ब्रि"	["ब्", "रि"]
978	"శో"	["శ", "ో"]
979	"మౌ"	["మ", "ౌ"]
980	"एँ"	["ए", "ँ"]
981	"णु"	["ण", "ु"]
982	"तो"	["त", "ो"]
983	"ర్త"	["ర్", "త"]
984	"క్రి"	["క్", "రి"]
985	"वै"	["व", "ै"]
986	"इं"	["इ", "ं"]
987	"ड़े"	["ड़", "े"]
988	"ద్యు"	["ద్", "యు"]
989	"सिं"	["सि", "ं"]
990	"బ్‌"	["బ్", "‌"]
991	"త్తా"	["త్", "తా"]
992	"र्ति"	["र्", "ति"]
993	"ళు"	["ళ", "ు"]
994	"ज्ञ"	["ज्", "ञ"]
995	"ज्ञा"	["ज्ञ", "ा"]
996	"న్మ"	["న్", "మ"]
997	"ధం"	["ధ", "ం"]
998	"ప్రి"	["ప్ర", "ి"]
999	"త్‌"	["త్", "‌"]
1000	"ర్ణం"	["ర్", "ణం"]
1001	"चु"	["च", "ु"]
1002	"హం"	["హ", "ం"]
1003	"క్ట"	["క్", "ట"]
1004	"క్టో"	["క్ట", "ో"]
1005	"ష్ట"	["ష్", "ట"]
1006	"హో"	["హ", "ో"]
1007	"శ్‌"	["శ్", "‌"]
1008	"न्त्"	["न्", "त्"]
1009	"न्त्रि"	["न्त्", "रि"]
1010	"णी"	["ण", "ी"]
1011	"మెం"	["మె", "ం"]
1012	"शु"	["श", "ु"]
1013	"ట్‌"	["ట్", "‌"]
1014	"లాం"	["లా", "ం"]
1015	"గ్లా"	["గ్", "లా"]
1016	"घो"	["घ", "ो"]
1017	"डॉ"	["ड", "ॉ"]
1018	"ర్ణా"	["ర్", "ణా"]
1019	"न्द"	["न्", "द"]
1020	"एं"	["ए", "ं"]
1021	"ర్గ"	["ర్", "గ"]
1022	"षि"	["ष", "ि"]
1023	"టో"	["ట", "ో"]
1024	"శ్మీ"	["శ్", "మీ"]
1025	"శై"	["శ", "ై"]
1026	"జ్యాం"	["జ్యా", "ం"]
1027	"జై"	["జ", "ై"]
1028	"చ్చే"	["చ్", "చే"]
1029	"गं"	["ग", "ं"]
1030	"ర్చు"	["ర్", "చు"]
1031	"डी"	["ड", "ी"]
1032	"శె"	["శ", "ె"]
1033	"त्रि"	["त्", "रि"]
1034	"స్తూ"	["స్", "తూ"]
1035	"प्ले"	["प्", "ले"]
1036	"ర్ష"	["ర్", "ష"]
1037	"స్ట్"	["స్", "ట్"]
1038	"జో"	["జ", "ో"]
1039	"मृ"	["म", "ृ"]
1040	"త్యే"	["త్య", "ే"]
1041	"त्या"	["त्", "या"]
1042	"ల్లు"	["ల్", "లు"]
1043	"ग्र"	["ग्", "र"]
1044	"త్ర్య"	["త్", "ర్య"]
1045	"र्श"	["र्", "श"]
1046	"क्रि"	["क्", "रि"]
1047	"सो"	["स", "ो"]
1048	"ట్లా"	["ట్", "లా"]
1049	"న్నీ"	["న్న", "ీ"]
1050	"ళ్ళు"	["ళ్ళ", "ు"]
1051	"డ్డ"	["డ్", "డ"]
1052	"బౌ"	["బ", "ౌ"]
1053	"థి"	["థ", "ి"]
1054	"ల్ప"	["ల్", "ప"]
1055	"दृ"	["द", "ृ"]
1056	"द्र"	["द्", "र"]
1057	"रं"	["र", "ं"]
1058	"గ్రం"	["గ్", "రం"]
1059	"గ్గ"	["గ్", "గ"]
1060	"बे"	["ब", "े"]
1061	"ఖా"	["ఖ", "ా"]
1062	"اً"	["ا", "ً"]
1063	"డ్ల"	["డ్", "ల"]
1064	"न्हो"	["न्", "हो"]
1065	"न्हों"	["न्हो", "ं"]
1066	"ర్చి"	["ర్", "చి"]
1067	"तः"	["त", "ः"]
1068	"చో"	["చ", "ో"]
1069	"క్య"	["క్", "య"]
1070	"डा"	["ड", "ा"]
1071	"యూ"	["య", "ూ"]
1072	"ఫి"	["ఫ", "ి"]
1073	"స్లిం"	["స్", "లిం"]
1074	"స్వీ"	["స్వ", "ీ"]
1075	"స్తీ"	["స్", "తీ"]
1076	"క్తు"	["క్", "తు"]
1077	"ర్కొ"	["ర్", "కొ"]
1078	"ङ्"	["ङ", "्"]
1079	"ङ्घ"	["ङ्", "घ"]
1080	"నై"	["న", "ై"]
1081	"ణిం"	["ణి", "ం"]
1082	"రొ"	["ర", "ొ"]
1083	"तं"	["त", "ं"]
1084	"त्रो"	["त्र", "ो"]
1085	"त्रों"	["त्रो", "ं"]
1086	"लु"	["ल", "ु"]
1087	"గ్లీ"	["గ్", "లీ"]
1088	"त्ये"	["त्", "ये"]
1089	"ऊँ"	["ऊ", "ँ"]
1090	"श्री"	["श्", "री"]
1091	"न्ति"	["न्", "ति"]
1092	"స్టే"	["స్", "టే"]
1093	"ల్యం"	["ల్", "యం"]
1094	"थि"	["थ", "ि"]
1095	"सां"	["सा", "ं"]
1096	"मौ"	["म", "ौ"]
1097	"ठा"	["ठ", "ा"]
1098	"बि"	["ब", "ि"]
1099	"ष्ण"	["ष्", "ण"]
1100	"पं"	["प", "ं"]
1101	"జ్ఞ"	["జ్", "ఞ"]
1102	"జ్ఞా"	["జ్ఞ", "ా"]
1103	"ఖ్యం"	["ఖ్", "యం"]
1104	"लं"	["ल", "ं"]
1105	"प्रै"	["प्र", "ै"]
1106	"न्दो"	["न्", "दो"]
1107	"ర్పా"	["ర్", "పా"]
1108	"स्तृ"	["स्त", "ृ"]
1109	"जू"	["ज", "ू"]
1110	"चे"	["च", "े"]
1111	"ष्टि"	["ष्", "टि"]
1112	"ड़ो"	["ड़", "ो"]
1113	"బొ"	["బ", "ొ"]
1114	"र्या"	["र्", "या"]
1115	"నిం"	["ని", "ం"]
1116	"हिं"	["हि", "ं"]
1117	"फि"	["फ", "ि"]
1118	"ధూ"	["ధ", "ూ"]
1119	"న్స్"	["న్", "స్"]
1120	"కై"	["క", "ై"]
1121	"फै"	["फ", "ै"]
1122	"पो"	["प", "ो"]
1123	"త్ర్యం"	["త్", "ర్యం"]
1124	"द्धि"	["द्", "धि"]
1125	"पै"	["प", "ै"]
1126	"బే"	["బ", "ే"]
1127	"घा"	["घ", "ा"]
1128	"గ్రీ"	["గ్", "రీ"]
1129	"त्पा"	["त्", "पा"]
1130	"ధ్యా"	["ధ్", "యా"]
1131	"భం"	["భ", "ం"]
1132	"बै"	["ब", "ै"]
1133	"यि"	["य", "ि"]
1134	"త్మా"	["త్", "మా"]
1135	"బ్ది"	["బ్", "ది"]
1136	"ష్ణా"	["ష్", "ణా"]
1137	"ल्"	["ल", "्"]
1138	"ल्ली"	["ल्", "ली"]
1139	"ట్రో"	["ట్", "రో"]
1140	"ध्या"	["ध्", "या"]
1141	"వుం"	["వు", "ం"]
1142	"త్రు"	["త్", "రు"]
1143	"न्दू"	["न्", "दू"]
1144	"ర్షి"	["ర్ష", "ి"]
1145	"ज़"	["ज", "़"]
1146	"ज़ी"	["ज़", "ी"]
1147	"ఖో"	["ఖ", "ో"]
1148	"న్నై"	["న్న", "ై"]
1149	"ष्ठ"	["ष्", "ठ"]
1150	"प्रौ"	["प्र", "ौ"]
1151	"कें"	["के", "ं"]
1152	"వ్వ"	["వ్", "వ"]
1153	"స్రా"	["స్", "రా"]
1154	"త్సా"	["త్", "సా"]
1155	"ఫ్ఘ"	["ఫ్", "ఘ"]
1156	"ర్కొం"	["ర్", "కొం"]
1157	"ఘం"	["ఘ", "ం"]
1158	"క్త"	["క్", "త"]
1159	"ప్రీ"	["ప్ర", "ీ"]
1160	"ప్రీం"	["ప్రీ", "ం"]
1161	"मै"	["म", "ै"]
1162	"वृ"	["व", "ृ"]
1163	"फ्"	["फ", "्"]
1164	"फ्री"	["फ्", "री"]
1165	"ష్టు"	["ష్", "టు"]
1166	"तों"	["तो", "ं"]
1167	"यें"	["ये", "ं"]
1168	"లౌ"	["ల", "ౌ"]
1169	"गे"	["ग", "े"]
1170	"ల్తా"	["ల్", "తా"]
1171	"ర్థ్"	["ర్థ", "్"]
1172	"ర్థ్యం"	["ర్థ్", "యం"]
1173	"మ్మూ"	["మ్", "మూ"]
1174	"र्वी"	["र्व", "ी"]
1175	"शै"	["श", "ै"]
1176	"తోం"	["తో", "ం"]
1177	"మాం"	["మా", "ం"]
1178	"న్లు"	["న్", "లు"]
1179	"డ్డీ"	["డ్డ", "ీ"]
1180	"గ్గు"	["గ్", "గు"]
1181	"बौ"	["ब", "ौ"]
1182	"మైం"	["మై", "ం"]
1183	"हां"	["हा", "ं"]
1184	"स्य"	["स्", "य"]
1185	"ङ्ख्या"	["ङ्", "ख्या"]
1186	"గౌ"	["గ", "ౌ"]
1187	"ర‌"	["ర", "‌"]
1188	"ఢా"	["ఢ", "ా"]
1189	"कां"	["का", "ं"]
1190	"ల్లె"	["ల్ల", "ె"]
1191	"పౌ"	["ప", "ౌ"]
1192	"कं"	["क", "ं"]
1193	"ట్నం"	["ట్", "నం"]
1194	"ర్శి"	["ర్", "శి"]
1195	"ర్శిం"	["ర్శి", "ం"]
1196	"ద్ది"	["ద్", "ది"]
1197	"సొ"	["స", "ొ"]
1198	"नै"	["न", "ै"]
1199	"नौ"	["न", "ौ"]
1200	"ప్పి"	["ప్", "పి"]
1201	"ల్లూ"	["ల్ల", "ూ"]
1202	"र्भ"	["र्", "भ"]
1203	"గృ"	["గ", "ృ"]
1204	"స్టా"	["స్", "టా"]
1205	"यं"	["य", "ं"]
1206	"स्लि"	["स्", "लि"]
1207	"నృ"	["న", "ృ"]
1208	"ర్కె"	["ర్", "కె"]
1209	"డ్లు"	["డ్", "లు"]
1210	"దై"	["ద", "ై"]
1211	"स्ट"	["स्", "ट"]
1212	"हुँ"	["हु", "ँ"]
1213	"जु"	["ज", "ु"]
1214	"णि"	["ण", "ि"]
1215	"र्मि"	["र्", "मि"]
1216	"షం"	["ష", "ం"]
1217	"र्ध"	["र्", "ध"]
1218	"దృ"	["ద", "ృ"]
1219	"షే"	["ష", "ే"]
1220	"दु"	["द", "ु"]
1221	"ण्डि"	["ण्ड", "ि"]
1222	"म्मि"	["म्", "मि"]
1223	"یٰ"	["ی", "ٰ"]
1224	"ళూ"	["ళ", "ూ"]
1225	"హే"	["హ", "ే"]
1226	"त्न"	["त्", "न"]
1227	"స్ట"	["స్", "ట"]
1228	"न्धी"	["न्", "धी"]
1229	"म्प्र"	["म्", "प्र"]
1230	"भो"	["भ", "ो"]
1231	"न्द्री"	["न्द्", "री"]
1232	"ద్ధా"	["ద్", "ధా"]
1233	"बां"	["बा", "ं"]
1234	"ల్స్"	["ల్", "స్"]
1235	"వో"	["వ", "ో"]
1236	"आं"	["आ", "ं"]
1237	"र्घ"	["र्", "घ"]
1238	"मां"	["मा", "ं"]
1239	"శ్రా"	["శ్", "రా"]
1240	"న్నం"	["న్న", "ం"]
1241	"తృ"	["త", "ృ"]
1242	"డ్‌"	["డ్", "‌"]
1243	"బ్రా"	["బ్", "రా"]
1244	"ట్రా"	["ట్", "రా"]
1245	"दों"	["दो", "ं"]
1246	"त्म"	["त्", "म"]
1247	"ష్టి"	["ష్", "టి"]
1248	"प्रि"	["प्र", "ि"]
1249	"झा"	["झ", "ा"]
1250	"ल्प"	["ल्", "प"]
1251	"भु"	["भ", "ु"]
1252	"వూ"	["వ", "ూ"]
1253	"क्यों"	["क्", "यों"]
1254	"र्च"	["र्", "च"]
1255	"ర్భ"	["ర్", "భ"]
1256	"భ్య"	["భ్", "య"]
1257	"त्प"	["त्", "प"]
1258	"ర్వం"	["ర్", "వం"]
1259	"ర్మి"	["ర్", "మి"]
1260	"న్నె"	["న్న", "ె"]
1261	"ప్ల"	["ప్", "ల"]
1262	"स्ति"	["स्", "ति"]
1263	"र्षि"	["र्ष", "ि"]
1264	"स्ला"	["स्", "ला"]
1265	"ర్థా"	["ర్", "థా"]
1266	"ఖి"	["ఖ", "ి"]
1267	"यां"	["या", "ं"]
1268	"चं"	["च", "ं"]
1269	"श्रे"	["श्", "रे"]
1270	"चो"	["च", "ो"]
1271	"ట్టం"	["ట్ట", "ం"]
1272	"ద్ధు"	["ద్ధ", "ు"]
1273	"लौ"	["ल", "ौ"]
1274	"ర్క్"	["ర్", "క్"]
1275	"हॉ"	["ह", "ॉ"]
1276	"హ్రూ"	["హ్", "రూ"]
1277	"ధ్యం"	["ధ్", "యం"]
1278	"न्दु"	["न्द", "ु"]
1279	"క్యు"	["క్", "యు"]
1280	"पाँ"	["पा", "ँ"]
1281	"స్థీ"	["స్థ", "ీ"]
1282	"डु"	["ड", "ु"]
1283	"ర్తా"	["ర్", "తా"]
1284	"खे"	["ख", "े"]
1285	"ष्क"	["ष्", "क"]
1286	"त्यु"	["त्", "यु"]
1287	"ణే"	["ణ", "ే"]
1288	"म्न"	["म्", "न"]
1289	"षी"	["ष", "ी"]
1290	"भ्"	["भ", "्"]
1291	"भ्य"	["भ्", "य"]
1292	"ద్వి"	["ద్", "వి"]
1293	"द्रो"	["द्", "रो"]
1294	"శ్వా"	["శ్", "వా"]
1295	"యాం"	["యా", "ం"]
1296	"థ్"	["థ", "్"]
1297	"ఠీ"	["ఠ", "ీ"]
1298	"బాం"	["బా", "ం"]
1299	"गां"	["गा", "ं"]
1300	"జ్‌"	["జ్", "‌"]
1301	"श्मी"	["श्", "मी"]
1302	"व्र"	["व्", "र"]
1303	"ర్దూ"	["ర్", "దూ"]
1304	"ర్ణిం"	["ర్", "ణిం"]
1305	"ब्र"	["ब्", "र"]
1306	"स्यों"	["स्", "यों"]
1307	"चौ"	["च", "ौ"]
1308	"फ्रा"	["फ्", "रा"]
1309	"फ्रां"	["फ्रा", "ं"]
1310	"म्भि"	["म्", "भि"]
1311	"మ్‌"	["మ్", "‌"]
1312	"ష్టం"	["ష్", "టం"]
1313	"डो"	["ड", "ो"]
1314	"ఫు"	["ఫ", "ు"]
1315	"స్సా"	["స్", "సా"]
1316	"తై"	["త", "ై"]
1317	"न्धु"	["न्ध", "ु"]
1318	"लू"	["ल", "ू"]
1319	"న్స"	["న్", "స"]
1320	"న్సీ"	["న్స", "ీ"]
1321	"ఘు"	["ఘ", "ు"]
1322	"ल्त"	["ल्", "त"]
1323	"ర్షా"	["ర్", "షా"]
1324	"लै"	["ल", "ै"]
1325	"लैं"	["लै", "ं"]
1326	"శ్లో"	["శ్", "లో"]
1327	"खी"	["ख", "ी"]
1328	"క్నా"	["క్", "నా"]
1329	"ప్పిం"	["ప్", "పిం"]
1330	"ర్రి"	["ర్", "రి"]
1331	"न्धो"	["न्ध", "ो"]
1332	"न्धों"	["न्धो", "ं"]
1333	"त्ति"	["त्", "ति"]
1334	"ङ्गी"	["ङ्", "गी"]
1335	"ङ्घी"	["ङ्घ", "ी"]
1336	"ఘి"	["ఘ", "ి"]
1337	"र्क"	["र्", "क"]
1338	"ఠి"	["ఠ", "ి"]
1339	"ల్లిం"	["ల్", "లిం"]
1340	"खि"	["ख", "ि"]
1341	"ग्री"	["ग्", "री"]
1342	"ద్దం"	["ద్ద", "ం"]
1343	"గ్గి"	["గ్", "గి"]
1344	"खो"	["ख", "ो"]
1345	"ర్తె"	["ర్", "తె"]
1346	"ర్వ్య"	["ర్", "వ్య"]
1347	"त्ता"	["त्", "ता"]
1348	"త్మి"	["త్", "మి"]
1349	"ట్టూ"	["ట్ట", "ూ"]
1350	"క్రై"	["క్", "రై"]
1351	"క్కొ"	["క్", "కొ"]
1352	"ద్భ"	["ద్", "భ"]
1353	"ब्द"	["ब्", "द"]
1354	"ల్పిం"	["ల్", "పిం"]
1355	"ల్పు"	["ల్", "పు"]
1356	"नृ"	["न", "ृ"]
1357	"బ్యా"	["బ్", "యా"]
1358	"मों"	["मो", "ं"]
1359	"ढ़ा"	["ढ़", "ा"]
1360	"గ్లం"	["గ్", "లం"]
1361	"न्दि"	["न्", "दि"]
1362	"ట్టె"	["ట్ట", "ె"]
1363	"सौ"	["स", "ौ"]
1364	"మ్యా"	["మ్", "యా"]
1365	"ड़ि"	["ड़", "ि"]
1366	"ల్పం"	["ల్", "పం"]
1367	"ర్ఘ"	["ర్", "ఘ"]
1368	"द्वि"	["द्", "वि"]
1369	"ప్లా"	["ప్", "లా"]
1370	"ద్రీ"	["ద్ర", "ీ"]
1371	"ల్పో"	["ల్", "పో"]
1372	"యీ"	["య", "ీ"]
1373	"హొ"	["హ", "ొ"]
1374	"जों"	["जो", "ं"]
1375	"స్థూ"	["స్థ", "ూ"]
1376	"జ్రా"	["జ్", "రా"]
1377	"గ్నే"	["గ్", "నే"]
1378	"డ్జ"	["డ్", "జ"]
1379	"డ్జె"	["డ్జ", "ె"]
1380	"न्यू"	["न्य", "ू"]
1381	"ఫ్రా"	["ఫ్", "రా"]
1382	"ल्य"	["ल्", "य"]
1383	"पों"	["पो", "ं"]
1384	"गौ"	["ग", "ौ"]
1385	"स्प"	["स्", "प"]
1386	"ग्य"	["ग्", "य"]
1387	"र्षा"	["र्", "षा"]
1388	"क्स"	["क्", "स"]
1389	"క్యం"	["క్", "యం"]
1390	"ఘో"	["ఘ", "ో"]
1391	"గ్రాం"	["గ్రా", "ం"]
1392	"फु"	["फ", "ु"]
1393	"हू"	["ह", "ू"]
1394	"స్యం"	["స్", "యం"]
1395	"शां"	["शा", "ं"]
1396	"ర్టి"	["ర్", "టి"]
1397	"జె"	["జ", "ె"]
1398	"జెం"	["జె", "ం"]
1399	"फा"	["फ", "ा"]
1400	"స్తృ"	["స్త", "ృ"]
1401	"డ్స్"	["డ్", "స్"]
1402	"छे"	["छ", "े"]
1403	"ప్తు"	["ప్", "తు"]
1404	"డ్యు"	["డ్", "యు"]
1405	"फ़"	["फ", "़"]
1406	"ర్గీ"	["ర్", "గీ"]
1407	"న్మా"	["న్", "మా"]
1408	"ర్క్‌"	["ర్", "క్‌"]
1409	"ర్మే"	["ర్", "మే"]
1410	"హ్నా"	["హ్", "నా"]
1411	"డ్రై"	["డ్", "రై"]
1412	"ల్వా"	["ల్", "వా"]
1413	"గ్లే"	["గ్", "లే"]
1414	"గ్న"	["గ్", "న"]
1415	"క్రా"	["క్", "రా"]
1416	"క్రాం"	["క్రా", "ం"]
1417	"क्ट"	["क्", "ट"]
1418	"क्टू"	["क्ट", "ू"]
1419	"ङ्ग"	["ङ्", "ग"]
1420	"र्णि"	["र्ण", "ि"]
1421	"म्पू"	["म्", "पू"]
1422	"స్స"	["స్", "స"]
1423	"స్సీ"	["స్స", "ీ"]
1424	"ల్గి"	["ల్", "గి"]
1425	"ఫ్ట్‌"	["ఫ్", "ట్‌"]
1426	"వీం"	["వీ", "ం"]
1427	"హ్వా"	["హ్", "వా"]
1428	"श्य"	["श्", "य"]
1429	"प्ति"	["प्", "ति"]
1430	"र्गी"	["र्", "गी"]
1431	"స్వే"	["స్", "వే"]
1432	"र्द"	["र्", "द"]
1433	"డ్య"	["డ్", "య"]
1434	"త్ర్యా"	["త్", "ర్యా"]
1435	"ల్దీ"	["ల్", "దీ"]
1436	"చ్ఛ"	["చ్", "ఛ"]
1437	"చ్ఛా"	["చ్ఛ", "ా"]
1438	"డ్రా"	["డ్", "రా"]
1439	"स्टा"	["स्", "टा"]
1440	"ర్వో"	["ర్వ", "ో"]
1441	"र्मो"	["र्म", "ो"]
1442	"र्मों"	["र्मो", "ं"]
1443	"హ్రా"	["హ్", "రా"]
1444	"ట్యం"	["ట్", "యం"]
1445	"ద్వై"	["ద్", "వై"]
1446	"బ్రె"	["బ్", "రె"]
1447	"झे"	["झ", "े"]
1448	"स्तु"	["स्", "तु"]
1449	"త్కృ"	["త్", "కృ"]
1450	"ర్సిం"	["ర్", "సిం"]
1451	"డుం"	["డు", "ం"]
1452	"षो"	["ष", "ो"]
1453	"षों"	["षो", "ं"]
1454	"ర్షం"	["ర్ష", "ం"]
1455	"స్లే"	["స్", "లే"]
1456	"गाँ"	["गा", "ँ"]
1457	"नीं"	["नी", "ं"]
1458	"णो"	["ण", "ो"]
1459	"णों"	["णो", "ं"]
1460	"స్తాం"	["స్తా", "ం"]
1461	"र्र"	["र्", "र"]
1462	"झौ"	["झ", "ौ"]
1463	"खं"	["ख", "ं"]
1464	"చ్య"	["చ్", "య"]
1465	"त्था"	["त्", "था"]
1466	"డ్మిం"	["డ్", "మిం"]
1467	"ర్జె"	["ర్", "జె"]
1468	"ర్స"	["ర్", "స"]
1469	"ర్సీ"	["ర్స", "ీ"]
1470	"బ్సై"	["బ్", "సై"]
1471	"టోం"	["టో", "ం"]
1472	"స్లో"	["స్", "లో"]
1473	"ష్ట్యా"	["ష్ట్", "యా"]
1474	"ష్కు"	["ష్", "కు"]
1475	"జౌ"	["జ", "ౌ"]
1476	"पृ"	["प", "ृ"]
1477	"ట్కా"	["ట్", "కా"]
1478	"న్కు"	["న్", "కు"]
1479	"ణ్"	["ణ", "్"]
1480	"ణ్వ"	["ణ్", "వ"]
1481	"ద్ధిం"	["ద్", "ధిం"]
1482	"सॉ"	["स", "ॉ"]
1483	"న్తో"	["న్", "తో"]
1484	"ష్పం"	["ష్", "పం"]
1485	"ల్పే"	["ల్", "పే"]
1486	"ञ्"	["ञ", "्"]
1487	"ञ्चा"	["ञ्", "चा"]
1488	"न्थी"	["न्", "थी"]
1489	"వ‌"	["వ", "‌"]
1490	"న్లీ"	["న్", "లీ"]
1491	"बु"	["ब", "ु"]
1492	"గ్డ"	["గ్", "డ"]
1493	"డ్చు"	["డ్", "చు"]
1494	"ఫ్ఘా"	["ఫ్ఘ", "ా"]
1495	"వ్య‌"	["వ్య", "‌"]
1496	"స్రి"	["స్", "రి"]
1497	"र्ट"	["र्", "ट"]
1498	"గ్భా"	["గ్", "భా"]
1499	"బ్డే"	["బ్", "డే"]
1500	"రోః"	["రో", "ః"]
1501	"ధుా"	["ధు", "ా"]
1502	"స్థ‌"	["స్థ", "‌"]
1503	"र्रा"	["र्", "रा"]
1504	"गू"	["ग", "ू"]
1505	"ल्म"	["ल्", "म"]
1506	"फ़ि"	["फ़", "ि"]
1507	"ठी"	["ठ", "ी"]
1508	"प्रे"	["प्र", "े"]
1509	"त्ती"	["त्", "ती"]
1510	"पां"	["पा", "ं"]
1511	"भे"	["भ", "े"]
1512	"कू"	["क", "ू"]
1513	"ह्"	["ह", "्"]
1514	"ह्म"	["ह्", "म"]
1515	"त्मा"	["त्", "मा"]
1516	"द्रा"	["द्", "रा"]
1517	"ग्ला"	["ग्", "ला"]
1518	"र्ना"	["र्", "ना"]
1519	"विं"	["वि", "ं"]
1520	"स्त्री"	["स्", "त्री"]
1521	"र्जा"	["र्", "जा"]
1522	"र्ता"	["र्", "ता"]
1523	"बॉ"	["ब", "ॉ"]
1524	"सों"	["सो", "ं"]
1525	"ड़ों"	["ड़ो", "ं"]
1526	"घु"	["घ", "ु"]
1527	"वें"	["वे", "ं"]
1528	"धे"	["ध", "े"]
1529	"त्का"	["त्", "का"]
1530	"टो"	["ट", "ो"]
1531	"टों"	["टो", "ं"]
1532	"ल्ले"	["ल्", "ले"]
1533	"र्धा"	["र्", "धा"]
1534	"ठि"	["ठ", "ि"]
1535	"स्रो"	["स्", "रो"]
1536	"कै"	["क", "ै"]
1537	"क्षी"	["क्ष", "ी"]
1538	"ग्रा"	["ग्", "रा"]
1539	"तां"	["ता", "ं"]
1540	"डे"	["ड", "े"]
1541	"क्रा"	["क्", "रा"]
1542	"नः"	["न", "ः"]
1543	"र्चा"	["र्", "चा"]
1544	"त्रा"	["त्", "रा"]
1545	"म्र"	["म्", "र"]
1546	"र्टि"	["र्", "टि"]
1547	"म्बे"	["म्ब", "े"]
1548	"स्ट्"	["स्ट", "्"]
1549	"स्ट्रे"	["स्ट्", "रे"]
1550	"श्रि"	["श्", "रि"]
1551	"श्वि"	["श्", "वि"]
1552	"त्कृ"	["त्", "कृ"]
1553	"छू"	["छ", "ू"]
1554	"क्षो"	["क्ष", "ो"]
1555	"क्षों"	["क्षो", "ं"]
1556	"फ़्"	["फ़", "्"]
1557	"फ़्ट"	["फ़्", "ट"]
1558	"स्त्रि"	["स्", "त्रि"]
1559	"शः"	["श", "ः"]
1560	"ञ्ज"	["ञ्", "ज"]
1561	"वाँ"	["वा", "ँ"]
1562	"رِ"	["ر", "ِ"]
1563	"ल्सि"	["ल्", "सि"]
1564	"क्षु"	["क्ष", "ु"]
1565	"द्धो"	["द्ध", "ो"]
1566	"द्धों"	["द्धो", "ं"]
1567	"न्म"	["न्", "म"]
1568	"श्र"	["श्", "र"]
1569	"यीं"	["यी", "ं"]
1570	"त्‍"	["त्", "‍"]
1571	"त्‍व"	["त्‍", "व"]
1572	"ढा"	["ढ", "ा"]
1573	"ढाँ"	["ढा", "ँ"]
1574	"ल्यों"	["ल्", "यों"]
1575	"ष्ट्रों"	["ष्ट्", "रों"]
1576	"ल्पा"	["ल्", "पा"]
1577	"रै"	["र", "ै"]
1578	"रैं"	["रै", "ं"]
1579	"ग्ले"	["ग्", "ले"]
1580	"ङ्क"	["ङ्", "क"]
1581	"ङ्गा"	["ङ्", "गा"]
1582	"ण्ण"	["ण्", "ण"]
1583	"मुं"	["मु", "ं"]
1584	"खें"	["खे", "ं"]
1585	"भौ"	["भ", "ौ"]
1586	"खु"	["ख", "ु"]
1587	"رَ"	["ر", "َ"]
1588	"स्वी"	["स्व", "ी"]
1589	"नं"	["न", "ं"]
1590	"ष्य"	["ष्", "य"]
1591	"छा"	["छ", "ा"]
1592	"जं"	["ज", "ं"]
1593	"लिं"	["लि", "ं"]
1594	"प्रो"	["प्र", "ो"]
1595	"बू"	["ब", "ू"]
1596	"ग्रं"	["ग्र", "ं"]
1597	"کُ"	["ک", "ُ"]
1598	"لٰ"	["ل", "ٰ"]
1599	"र्स"	["र्", "स"]
1600	"म्मा"	["म्", "मा"]
1601	"किं"	["कि", "ं"]
1602	"ष्णु"	["ष्", "णु"]
1603	"म्म"	["म्", "म"]
1604	"लॉ"	["ल", "ॉ"]
1605	"फे"	["फ", "े"]
1606	"द्दे"	["द्", "दे"]
1607	"ऊं"	["ऊ", "ं"]
1608	"च्चा"	["च्", "चा"]
1609	"चै"	["च", "ै"]
1610	"बैं"	["बै", "ं"]
1611	"बें"	["बे", "ं"]
1612	"द्री"	["द्", "री"]
1613	"फू"	["फ", "ू"]
1614	"ग्वे"	["ग्", "वे"]
1615	"व्यं"	["व्य", "ं"]
1616	"ढ़ी"	["ढ़", "ी"]
1617	"लाँ"	["ला", "ँ"]
1618	"नां"	["ना", "ं"]
1619	"ईं"	["ई", "ं"]
1620	"सृ"	["स", "ृ"]
1621	"बाँ"	["बा", "ँ"]
1622	"ट्"	["ट", "्"]
1623	"ट्रो"	["ट्", "रो"]
1624	"र्प"	["र्", "प"]
1625	"रिं"	["रि", "ं"]
1626	"ब्ब"	["ब्", "ब"]
1627	"क्श"	["क्", "श"]
1628	"घि"	["घ", "ि"]
1629	"क्ष्"	["क्ष", "्"]
1630	"क्ष्य"	["क्ष्", "य"]
1631	"घू"	["घ", "ू"]
1632	"त्थ"	["त्", "थ"]
1633	"चू"	["च", "ू"]
1634	"ल्या"	["ल्", "या"]
1635	"ख्यि"	["ख्य", "ि"]
1636	"क्री"	["क्", "री"]
1637	"ष्म"	["ष्", "म"]
1638	"प्प"	["प्", "प"]
1639	"भ्र"	["भ्", "र"]
1640	"जे"	["ज", "े"]
1641	"जें"	["जे", "ं"]
1642	"पें"	["पे", "ं"]
1643	"शृ"	["श", "ृ"]
1644	"शृं"	["शृ", "ं"]
1645	"द्रि"	["द्", "रि"]
1646	"ट्टा"	["ट्", "टा"]
1647	"क्ता"	["क्", "ता"]
1648	"रॉ"	["र", "ॉ"]
1649	"ण्डा"	["ण्ड", "ा"]
1650	"म्य"	["म्", "य"]
1651	"टें"	["टे", "ं"]
1652	"श्न"	["श्", "न"]
1653	"चों"	["चो", "ं"]
1654	"ष्टा"	["ष्ट", "ा"]
1655	"ष्ठि"	["ष्ठ", "ि"]
1656	"धो"	["ध", "ो"]
1657	"र्जि"	["र्", "जि"]
1658	"ण्ट"	["ण्", "ट"]
1659	"घं"	["घ", "ं"]
1660	"र्मी"	["र्", "मी"]
1661	"न्हीं"	["न्", "हीं"]
1662	"घी"	["घ", "ी"]
1663	"व्यु"	["व्", "यु"]
1664	"र्जी"	["र्", "जी"]
1665	"भां"	["भा", "ं"]
1666	"दें"	["दे", "ं"]
1667	"र्थी"	["र्", "थी"]
1668	"ट्य"	["ट्", "य"]
1669	"त्मि"	["त्", "मि"]
1670	"तीं"	["ती", "ं"]
1671	"ब्लि"	["ब्", "लि"]
1672	"ष्का"	["ष्", "का"]
1673	"त्यौ"	["त्य", "ौ"]
1674	"र्ब"	["र्", "ब"]
1675	"ब्रे"	["ब्", "रे"]
1676	"ण्डे"	["ण्ड", "े"]
1677	"न्ती"	["न्", "ती"]
1678	"त्वो"	["त्व", "ो"]
1679	"त्वों"	["त्वो", "ं"]
1680	"झु"	["झ", "ु"]
1681	"ष्णा"	["ष्", "णा"]
1682	"त्रु"	["त्र", "ु"]
1683	"ल्ट"	["ल्", "ट"]
1684	"ऐं"	["ऐ", "ं"]
1685	"बँ"	["ब", "ँ"]
1686	"र्द्ध"	["र्", "द्ध"]
1687	"प्ला"	["प्", "ला"]
1688	"ब्स"	["ब्", "स"]
1689	"द्भ"	["द्", "भ"]
1690	"प्पा"	["प्", "पा"]
1691	"پُ"	["پ", "ُ"]
1692	"ग्रु"	["ग्", "रु"]
1693	"ध्रु"	["ध्", "रु"]
1694	"डां"	["डा", "ं"]
1695	"म्बो"	["म्ब", "ो"]
1696	"र्द्र"	["र्", "द्र"]
1697	"क्यो"	["क्", "यो"]
1698	"प्य"	["प्", "य"]
1699	"प्ट"	["प्", "ट"]
1700	"म्बि"	["म्ब", "ि"]
1701	"चें"	["चे", "ं"]
1702	"ल्टी"	["ल्", "टी"]
1703	"द्दों"	["द्", "दों"]
1704	"क्के"	["क्", "के"]
1705	"पूं"	["पू", "ं"]
1706	"ल्में"	["ल्", "में"]
1707	"व्‍"	["व्", "‍"]
1708	"व्‍या"	["व्‍", "या"]
1709	"न्मा"	["न्", "मा"]
1710	"क्लि"	["क्", "लि"]
1711	"ढि"	["ढ", "ि"]
1712	"ल्टा"	["ल्", "टा"]
1713	"न्नौ"	["न्न", "ौ"]
1714	"म्या"	["म्", "या"]
1715	"स्टॉ"	["स्ट", "ॉ"]
1716	"गॉ"	["ग", "ॉ"]
1717	"त्यों"	["त्", "यों"]
1718	"र्चे"	["र्", "चे"]
1719	"पैं"	["पै", "ं"]
1720	"ड़ें"	["ड़े", "ं"]
1721	"द्भा"	["द्", "भा"]
1722	"न्सा"	["न्", "सा"]
1723	"न्द्रा"	["न्द्", "रा"]
1724	"म्यां"	["म्", "यां"]
1725	"न्टा"	["न्", "टा"]
1726	"ल्‍"	["ल्", "‍"]
1727	"ल्‍प"	["ल्‍", "प"]
1728	"ज्यी"	["ज्य", "ी"]
1729	"म्बू"	["म्ब", "ू"]
1730	"त्‍त"	["त्‍", "त"]
1731	"ड्"	["ड", "्"]
1732	"ड्य"	["ड्", "य"]
1733	"लीं"	["ली", "ं"]
1734	"म्‍"	["म्", "‍"]
1735	"म्‍ब"	["म्‍", "ब"]
1736	"पीं"	["पी", "ं"]
1737	"ढ़ो"	["ढ़", "ो"]
1738	"द्वे"	["द्", "वे"]
1739	"श्वी"	["श्व", "ी"]
1740	"रोँ"	["रो", "ँ"]
1741	"थ्"	["थ", "्"]
1742	"थ्या"	["थ्", "या"]
1743	"न्मी"	["न्", "मी"]
1744	"च्छ"	["च्", "छ"]
1745	"च्छु"	["च्छ", "ु"]
1746	"न्मों"	["न्", "मों"]
1747	"स्क्री"	["स्", "क्री"]
1748	"ष्ट्रा"	["ष्ट्", "रा"]
1749	"ङ्का"	["ङ्", "का"]
1750	"ब्बि"	["ब्", "बि"]
1751	"त्ख"	["त्", "ख"]
1752	"بً"	["ب", "ً"]
1753	"ड्यों"	["ड्", "यों"]
1754	"न्स्ट"	["न्", "स्ट"]
1755	"में‌"	["में", "‌"]
1756	"ङ्ग्रा"	["ङ्", "ग्रा"]
1757	"ल्ल्"	["ल्", "ल्"]
1758	"ल्ल्व"	["ल्ल्", "व"]
1759	"ल्ल्वो"	["ल्ल्व", "ो"]
1760	"ल्ल्वों"	["ल्ल्वो", "ं"]
1761	"ङ्की"	["ङ्", "की"]
1762	"नाा"	["ना", "ा"]
1763	"ञ्चों"	["ञ्", "चों"]
1764	"इ़"	["इ", "़"]
1765	"र्रों"	["र्", "रों"]
1766	"फ्राँ"	["फ्रा", "ँ"]
1767	"श्‍"	["श्", "‍"]
1768	"श्‍यी"	["श्‍", "यी"]
1769	"ङ्कों"	["ङ्", "कों"]
1770	"न्तु्"	["न्तु", "्"]
1771	"ख्न"	["ख्", "न"]
1772	"▁t"	["▁", "t"]
1773	"▁a"	["▁", "a"]
1774	"in"	["i", "n"]
1775	"he"	["h", "e"]
1776	"nd"	["n", "d"]
1777	"on"	["o", "n"]
1778	"re"	["r", "e"]
1779	"▁the"	["▁t", "he"]
1780	"er"	["e", "r"]
1781	"st"	["s", "t"]
1782	"▁o"	["▁", "o"]
1783	"al"	["a", "l"]
1784	"an"	["a", "n"]
1785	"en"	["e", "n"]
1786	"at"	["a", "t"]
1787	"it"	["i", "t"]
1788	"▁c"	["▁", "c"]
1789	"ed"	["e", "d"]
1790	"▁s"	["▁", "s"]
1791	"ar"	["a", "r"]
1792	"▁in"	["▁", "in"]
1793	"▁and"	["▁a", "nd"]
1794	"▁I"	["▁", "I"]
1795	"▁of"	["▁o", "f"]
1796	"es"	["e", "s"]
1797	"or"	["o", "r"]
1798	"ion"	["i", "on"]
1799	"▁ک"	["▁", "ک"]
1800	"▁p"	["▁", "p"]
1801	"▁f"	["▁", "f"]
1802	"ic"	["i", "c"]
1803	"▁w"	["▁", "w"]
1804	"▁m"	["▁", "m"]
1805	"is"	["i", "s"]
1806	"▁b"	["▁", "b"]
1807	"▁1"	["▁", "1"]
1808	"▁Ind"	["▁I", "nd"]
1809	"▁ا"	["▁", "ا"]
1810	"▁Indi"	["▁Ind", "i"]
1811	"ro"	["r", "o"]
1812	"ing"	["in", "g"]
1813	"▁అ"	["▁", "అ"]
1814	"▁م"	["▁", "م"]
1815	"as"	["a", "s"]
1816	"ent"	["en", "t"]
1817	"▁के"	["▁", "के"]
1818	"▁l"	["▁", "l"]
1819	"▁d"	["▁", "d"]
1820	"▁భా"	["▁", "భా"]
1821	"▁e"	["▁", "e"]
1822	"▁में"	["▁", "में"]
1823	"▁to"	["▁t", "o"]
1824	"▁("	["▁", "("]
1825	"ou"	["o", "u"]
1826	"▁India"	["▁Indi", "a"]
1827	"▁re"	["▁", "re"]
1828	"▁ప్ర"	["▁", "ప్ర"]
1829	"ly"	["l", "y"]
1830	"ది."	["ది", "."]
1831	"om"	["o", "m"]
1832	"▁భార"	["▁భా", "ర"]
1833	"▁ہ"	["▁", "ہ"]
1834	"▁ب"	["▁", "ب"]
1835	"▁भा"	["▁", "भा"]
1836	"▁T"	["▁", "T"]
1837	"▁अ"	["▁", "अ"]
1838	"▁h"	["▁", "h"]
1839	"il"	["i", "l"]
1840	"▁A"	["▁", "A"]
1841	"▁19"	["▁1", "9"]
1842	"ur"	["u", "r"]
1843	"ec"	["e", "c"]
1844	"▁ప"	["▁", "ప"]
1845	"▁n"	["▁", "n"]
1846	"یں"	["ی", "ں"]
1847	"iv"	["i", "v"]
1848	"ra"	["r", "a"]
1849	"▁C"	["▁", "C"]
1850	"▁है"	["▁", "है"]
1851	"▁स"	["▁", "स"]
1852	"▁g"	["▁", "g"]
1853	"▁भार"	["▁भा", "र"]
1854	"ation"	["at", "ion"]
1855	"th"	["t", "h"]
1856	"▁2"	["▁", "2"]
1857	"▁ఆ"	["▁", "ఆ"]
1858	"▁س"	["▁", "س"]
1859	"ul"	["u", "l"]
1860	"ol"	["o", "l"]
1861	"▁ఉ"	["▁", "ఉ"]
1862	"▁का"	["▁", "का"]
1863	"▁భారత"	["▁భార", "త"]
1864	"▁S"	["▁", "S"]
1865	"▁B"	["▁", "B"]
1866	"us"	["u", "s"]
1867	"▁प"	["▁", "प"]
1868	"▁మ"	["▁", "మ"]
1869	"ور"	["و", "ر"]
1870	"ig"	["i", "g"]
1871	"le"	["l", "e"]
1872	"ار"	["ا", "ر"]
1873	"▁వి"	["▁", "వి"]
1874	"ce"	["c", "e"]
1875	"▁రా"	["▁", "రా"]
1876	"▁ت"	["▁", "ت"]
1877	"00"	["0", "0"]
1878	"am"	["a", "m"]
1879	"▁त"	["▁", "त"]
1880	"▁کے"	["▁ک", "ے"]
1881	"im"	["i", "m"]
1882	"id"	["i", "d"]
1883	"▁సం"	["▁", "సం"]
1884	"▁క"	["▁", "క"]
1885	"ist"	["i", "st"]
1886	"▁స"	["▁", "స"]
1887	"یا"	["ی", "ا"]
1888	"దేశం"	["దే", "శం"]
1889	"▁The"	["▁T", "he"]
1890	"▁की"	["▁", "की"]
1891	"ver"	["v", "er"]
1892	"▁వ"	["▁", "వ"]
1893	"▁भारत"	["▁भार", "त"]
1894	"ut"	["u", "t"]
1895	"s,"	["s", ","]
1896	"ان"	["ا", "ن"]
1897	"▁th"	["▁t", "h"]
1898	"et"	["e", "t"]
1899	"▁ఇ"	["▁", "ఇ"]
1900	"▁میں"	["▁م", "یں"]
1901	"ad"	["a", "d"]
1902	"▁ए"	["▁", "ए"]
1903	"▁పా"	["▁", "పా"]
1904	"▁M"	["▁", "M"]
1905	"▁से"	["▁", "से"]
1906	"▁है।"	["▁है", "।"]
1907	"ow"	["o", "w"]
1908	"▁for"	["▁f", "or"]
1909	"ct"	["c", "t"]
1910	"▁प्र"	["▁", "प्र"]
1911	"▁پ"	["▁", "پ"]
1912	"▁ج"	["▁", "ج"]
1913	"ast"	["a", "st"]
1914	"▁क"	["▁", "क"]
1915	"▁उ"	["▁", "उ"]
1916	"▁st"	["▁", "st"]
1917	"'s"	["'", "s"]
1918	"▁జ"	["▁", "జ"]
1919	"ir"	["i", "r"]
1920	"ge"	["g", "e"]
1921	"▁P"	["▁", "P"]
1922	"లు,"	["లు", ","]
1923	"ate"	["at", "e"]
1924	"em"	["e", "m"]
1925	"ies"	["i", "es"]
1926	"▁by"	["▁b", "y"]
1927	"యి."	["యి", "."]
1928	"▁आ"	["▁", "आ"]
1929	"▁ब"	["▁", "ब"]
1930	"▁కా"	["▁", "కా"]
1931	"▁वि"	["▁", "वि"]
1932	"▁is"	["▁", "is"]
1933	"▁త"	["▁", "త"]
1934	"ch"	["c", "h"]
1935	"el"	["e", "l"]
1936	"▁د"	["▁", "د"]
1937	"▁کی"	["▁ک", "ی"]
1938	"s."	["s", "."]
1939	"ain"	["a", "in"]
1940	"▁ن"	["▁", "ن"]
1941	"rom"	["ro", "m"]
1942	"▁اور"	["▁ا", "ور"]
1943	"▁as"	["▁a", "s"]
1944	"ith"	["it", "h"]
1945	"▁ఉం"	["▁", "ఉం"]
1946	"▁بھ"	["▁ب", "ھ"]
1947	"▁r"	["▁", "r"]
1948	"▁on"	["▁", "on"]
1949	"▁su"	["▁s", "u"]
1950	"▁H"	["▁", "H"]
1951	"▁तथा"	["▁त", "था"]
1952	"▁Indian"	["▁Indi", "an"]
1953	"▁को"	["▁", "को"]
1954	"▁ఈ"	["▁", "ఈ"]
1955	"▁ఎ"	["▁", "ఎ"]
1956	"రు."	["రు", "."]
1957	"తీయ"	["తీ", "య"]
1958	"▁మా"	["▁", "మా"]
1959	"od"	["o", "d"]
1960	"▁१"	["▁", "१"]
1961	"se"	["s", "e"]
1962	"res"	["re", "s"]
1963	"▁E"	["▁", "E"]
1964	"ial"	["i", "al"]
1965	"ab"	["a", "b"]
1966	"▁इ"	["▁", "इ"]
1967	"est"	["e", "st"]
1968	"▁रा"	["▁", "रा"]
1969	"ment"	["m", "ent"]
1970	"▁with"	["▁w", "ith"]
1971	"▁ہے"	["▁ہ", "ے"]
1972	"her"	["he", "r"]
1973	"ical"	["ic", "al"]
1974	"▁G"	["▁", "G"]
1975	"▁wh"	["▁w", "h"]
1976	"ere"	["e", "re"]
1977	"▁or"	["▁o", "r"]
1978	"and"	["a", "nd"]
1979	"▁it"	["▁", "it"]
1980	"▁from"	["▁f", "rom"]
1981	"ter"	["t", "er"]
1982	"▁con"	["▁c", "on"]
1983	"▁हैं"	["▁", "हैं"]
1984	"av"	["a", "v"]
1985	"op"	["o", "p"]
1986	"ill"	["il", "l"]
1987	"un"	["u", "n"]
1988	"if"	["i", "f"]
1989	"▁ex"	["▁e", "x"]
1990	"▁ని"	["▁", "ని"]
1991	"ال"	["ا", "ل"]
1992	"▁సా"	["▁", "సా"]
1993	"ive"	["iv", "e"]
1994	"du"	["d", "u"]
1995	"▁వా"	["▁", "వా"]
1996	"▁سے"	["▁س", "ے"]
1997	"▁و"	["▁", "و"]
1998	"▁భారతదేశం"	["▁భారత", "దేశం"]
1999	"ity"	["it", "y"]
2000	"ud"	["u", "d"]
2001	"▁was"	["▁w", "as"]
2002	"ian"	["i", "an"]
2003	"▁D"	["▁", "D"]
2004	"ay"	["a", "y"]
2005	"▁कि"	["▁", "कि"]
2006	"um"	["u", "m"]
2007	"ort"	["or", "t"]
2008	"ارت"	["ار", "ت"]
2009	"▁ర"	["▁", "ర"]
2010	"▁ఒ"	["▁", "ఒ"]
2011	"ang"	["an", "g"]
2012	"▁20"	["▁2", "0"]
2013	"▁న"	["▁", "న"]
2014	"ot"	["o", "t"]
2015	"ers"	["er", "s"]
2016	"▁ग"	["▁", "ग"]
2017	"ong"	["on", "g"]
2018	"▁కూ"	["▁", "కూ"]
2019	"▁జా"	["▁", "జా"]
2020	"▁al"	["▁a", "l"]
2021	"▁सा"	["▁", "सा"]
2022	"▁be"	["▁b", "e"]
2023	"ect"	["ec", "t"]
2024	"▁औ"	["▁", "औ"]
2025	"▁an"	["▁a", "n"]
2026	"▁com"	["▁c", "om"]
2027	"▁ने"	["▁", "ने"]
2028	"),"	[")", ","]
2029	"▁ر"	["▁", "ر"]
2030	"▁पर"	["▁प", "र"]
2031	"▁بھارت"	["▁بھ", "ارت"]
2032	"وں"	["و", "ں"]
2033	"ure"	["u", "re"]
2034	"gh"	["g", "h"]
2035	"▁म"	["▁", "म"]
2036	"▁और"	["▁औ", "र"]
2037	"▁In"	["▁I", "n"]
2038	"▁mo"	["▁m", "o"]
2039	"▁ل"	["▁", "ل"]
2040	"నికి"	["ని", "కి"]
2041	"oc"	["o", "c"]
2042	"న్నాయి."	["న్నా", "యి."]
2043	"ich"	["ic", "h"]
2044	"▁v"	["▁", "v"]
2045	"▁are"	["▁a", "re"]
2046	"ern"	["er", "n"]
2047	"▁सं"	["▁", "सं"]
2048	"▁దే"	["▁", "దే"]
2049	"▁ज"	["▁", "ज"]
2050	"ام"	["ا", "م"]
2051	"▁చే"	["▁", "చే"]
2052	"లలో"	["ల", "లో"]
2053	"▁N"	["▁", "N"]
2054	"▁మొ"	["▁", "మొ"]
2055	"▁नि"	["▁", "नि"]
2056	"▁اس"	["▁ا", "س"]
2057	"▁जा"	["▁", "जा"]
2058	"▁pro"	["▁p", "ro"]
2059	"▁آ"	["▁", "آ"]
2060	"pp"	["p", "p"]
2061	"ult"	["ul", "t"]
2062	"ak"	["a", "k"]
2063	"▁which"	["▁wh", "ich"]
2064	"▁ع"	["▁", "ع"]
2065	"ند"	["ن", "د"]
2066	"ant"	["an", "t"]
2067	"▁\""	["▁", "\""]
2068	"ری"	["ر", "ی"]
2069	"▁has"	["▁h", "as"]
2070	"▁१९"	["▁१", "९"]
2071	"▁sp"	["▁s", "p"]
2072	"▁कर"	["▁क", "र"]
2073	"▁లో"	["▁", "లో"]
2074	"▁India's"	["▁India", "'s"]
2075	"ri"	["r", "i"]
2076	"▁द"	["▁", "द"]
2077	"rit"	["r", "it"]
2078	"▁ہے۔"	["▁ہے", "۔"]
2079	"▁int"	["▁in", "t"]
2080	"ous"	["ou", "s"]
2081	"ition"	["it", "ion"]
2082	"ear"	["e", "ar"]
2083	"▁mill"	["▁m", "ill"]
2084	"▁एवं"	["▁ए", "वं"]
2085	"▁de"	["▁d", "e"]
2086	"మైన"	["మై", "న"]
2087	"ات"	["ا", "ت"]
2088	"▁ద"	["▁", "ద"]
2089	"▁W"	["▁", "W"]
2090	"ac"	["a", "c"]
2091	"▁ఉంది."	["▁ఉం", "ది."]
2092	"▁ar"	["▁a", "r"]
2093	"ism"	["is", "m"]
2094	"▁cent"	["▁c", "ent"]
2095	"ست"	["س", "ت"]
2096	"art"	["ar", "t"]
2097	"a,"	["a", ","]
2098	"▁हैं।"	["▁हैं", "।"]
2099	"▁ح"	["▁", "ح"]
2100	"▁व"	["▁", "व"]
2101	"▁R"	["▁", "R"]
2102	"▁ఏ"	["▁", "ఏ"]
2103	"లను"	["ల", "ను"]
2104	"▁کا"	["▁ک", "ا"]
2105	"▁کر"	["▁ک", "ر"]
2106	"over"	["o", "ver"]
2107	"▁न"	["▁", "न"]
2108	"▁చ"	["▁", "చ"]
2109	"pt"	["p", "t"]
2110	"▁ز"	["▁", "ز"]
2111	"▁పే"	["▁", "పే"]
2112	"▁एक"	["▁ए", "क"]
2113	"ld"	["l", "d"]
2114	"तीय"	["ती", "य"]
2115	"▁گ"	["▁", "گ"]
2116	"▁ఇం"	["▁", "ఇం"]
2117	"اد"	["ا", "د"]
2118	"og"	["o", "g"]
2119	"rou"	["ro", "u"]
2120	"▁inc"	["▁in", "c"]
2121	"▁its"	["▁it", "s"]
2122	"▁ఒక"	["▁ఒ", "క"]
2123	"▁దేశం"	["▁", "దేశం"]
2124	"ائ"	["ا", "ئ"]
2125	"os"	["o", "s"]
2126	"▁ప్రా"	["▁", "ప్రా"]
2127	"▁rel"	["▁re", "l"]
2128	"లకు"	["ల", "కు"]
2129	"▁भी"	["▁", "भी"]
2130	"es,"	["es", ","]
2131	"age"	["a", "ge"]
2132	"▁నా"	["▁", "నా"]
2133	"▁य"	["▁", "य"]
2134	"▁ఉన్నాయి."	["▁ఉ", "న్నాయి."]
2135	"▁र"	["▁", "र"]
2136	"▁రై"	["▁", "రై"]
2137	"▁२"	["▁", "२"]
2138	"▁हो"	["▁", "हो"]
2139	"ated"	["at", "ed"]
2140	"▁ము"	["▁", "ము"]
2141	"▁గ"	["▁", "గ"]
2142	"▁کو"	["▁ک", "و"]
2143	"con"	["c", "on"]
2144	"ry"	["r", "y"]
2145	"ish"	["is", "h"]
2146	"▁दे"	["▁", "दे"]
2147	"▁pl"	["▁p", "l"]
2148	"▁3"	["▁", "3"]
2149	"یہ"	["ی", "ہ"]
2150	"▁ch"	["▁c", "h"]
2151	"▁అధి"	["▁అ", "ధి"]
2152	"nt"	["n", "t"]
2153	"▁भारतीय"	["▁भार", "तीय"]
2154	"▁ای"	["▁ا", "ی"]
2155	"▁అం"	["▁", "అం"]
2156	"▁इस"	["▁इ", "स"]
2157	"▁हु"	["▁", "हु"]
2158	"▁ہو"	["▁ہ", "و"]
2159	"ary"	["ar", "y"]
2160	"ution"	["ut", "ion"]
2161	"ag"	["a", "g"]
2162	"qu"	["q", "u"]
2163	"igh"	["ig", "h"]
2164	"▁195"	["▁19", "5"]
2165	"▁शा"	["▁", "शा"]
2166	"▁వ్య"	["▁", "వ్య"]
2167	"▁million"	["▁mill", "ion"]
2168	"▁సి"	["▁", "సి"]
2169	"▁7"	["▁", "7"]
2170	"ین"	["ی", "ن"]
2171	"డు."	["డు", "."]
2172	"▁కు"	["▁", "కు"]
2173	"▁కో"	["▁", "కో"]
2174	"aj"	["a", "j"]
2175	"▁پر"	["▁پ", "ر"]
2176	"▁ان"	["▁ا", "ن"]
2177	"ally"	["al", "ly"]
2178	"▁భారతీయ"	["▁భార", "తీయ"]
2179	"our"	["ou", "r"]
2180	"ther"	["t", "her"]
2181	"▁co"	["▁c", "o"]
2182	"red"	["re", "d"]
2183	"▁ش"	["▁", "ش"]
2184	"overn"	["over", "n"]
2185	"ass"	["as", "s"]
2186	"▁చి"	["▁", "చి"]
2187	"▁per"	["▁p", "er"]
2188	"▁le"	["▁l", "e"]
2189	"▁at"	["▁a", "t"]
2190	"stit"	["st", "it"]
2191	"▁శా"	["▁", "శా"]
2192	"▁కూడా"	["▁కూ", "డా"]
2193	"▁जि"	["▁", "जि"]
2194	"▁బ"	["▁", "బ"]
2195	"లోని"	["లో", "ని"]
2196	"▁-"	["▁", "-"]
2197	"rad"	["ra", "d"]
2198	"▁ف"	["▁", "ف"]
2199	"▁నుం"	["▁", "నుం"]
2200	"▁8"	["▁", "8"]
2201	"ave"	["av", "e"]
2202	"▁J"	["▁", "J"]
2203	"▁were"	["▁w", "ere"]
2204	"▁జాతీయ"	["▁జా", "తీయ"]
2205	"▁Hin"	["▁H", "in"]
2206	"▁un"	["▁", "un"]
2207	"ens"	["en", "s"]
2208	"▁ప్రాం"	["▁", "ప్రాం"]
2209	"▁పు"	["▁", "పు"]
2210	"▁sh"	["▁s", "h"]
2211	"ore"	["o", "re"]
2212	"▁మం"	["▁", "మం"]
2213	"▁భారతదే"	["▁భారత", "దే"]
2214	"▁किया"	["▁कि", "या"]
2215	"▁into"	["▁int", "o"]
2216	"▁5"	["▁", "5"]
2217	"ces"	["c", "es"]
2218	"▁F"	["▁", "F"]
2219	"▁ق"	["▁", "ق"]
2220	"ire"	["i", "re"]
2221	"▁201"	["▁20", "1"]
2222	"▁Ch"	["▁C", "h"]
2223	"mp"	["m", "p"]
2224	"لا"	["ل", "ا"]
2225	"చిన"	["చి", "న"]
2226	"▁ad"	["▁a", "d"]
2227	"ew"	["e", "w"]
2228	"▁ہیں"	["▁ہ", "یں"]
2229	"▁y"	["▁", "y"]
2230	"▁تھ"	["▁ت", "ھ"]
2231	"▁దేశా"	["▁దే", "శా"]
2232	"ions"	["ion", "s"]
2233	"▁मा"	["▁", "मा"]
2234	"▁18"	["▁1", "8"]
2235	"▁part"	["▁p", "art"]
2236	"▁L"	["▁", "L"]
2237	"000"	["00", "0"]
2238	"▁తె"	["▁", "తె"]
2239	"▁వ్యవ"	["▁వ్య", "వ"]
2240	"outh"	["ou", "th"]
2241	"▁reg"	["▁re", "g"]
2242	"▁sub"	["▁su", "b"]
2243	"▁cont"	["▁con", "t"]
2244	"▁comp"	["▁com", "p"]
2245	"▁As"	["▁A", "s"]
2246	"ates"	["at", "es"]
2247	"ap"	["a", "p"]
2248	"▁se"	["▁s", "e"]
2249	"▁pr"	["▁p", "r"]
2250	"▁have"	["▁h", "ave"]
2251	"▁u"	["▁", "u"]
2252	"▁نے"	["▁ن", "ے"]
2253	"overnment"	["overn", "ment"]
2254	"▁పరి"	["▁ప", "రి"]
2255	"▁cl"	["▁c", "l"]
2256	"▁స్థా"	["▁", "స్థా"]
2257	"so"	["s", "o"]
2258	"ide"	["id", "e"]
2259	"arge"	["ar", "ge"]
2260	"▁పం"	["▁", "పం"]
2261	"▁India,"	["▁India", ","]
2262	"all"	["al", "l"]
2263	")."	[")", "."]
2264	"లతో"	["ల", "తో"]
2265	"angu"	["ang", "u"]
2266	"▁ہند"	["▁ہ", "ند"]
2267	"▁pop"	["▁p", "op"]
2268	"ub"	["u", "b"]
2269	"hi"	["h", "i"]
2270	"uring"	["ur", "ing"]
2271	"▁కొ"	["▁", "కొ"]
2272	"any"	["an", "y"]
2273	"یر"	["ی", "ر"]
2274	"ence"	["en", "ce"]
2275	"end"	["e", "nd"]
2276	"▁ఉన్న"	["▁ఉ", "న్న"]
2277	"ational"	["ation", "al"]
2278	"ance"	["an", "ce"]
2279	"▁హిం"	["▁", "హిం"]
2280	"ine"	["in", "e"]
2281	"▁4"	["▁", "4"]
2282	"erv"	["er", "v"]
2283	"▁K"	["▁", "K"]
2284	"▁that"	["▁th", "at"]
2285	"००"	["०", "०"]
2286	"stitution"	["stit", "ution"]
2287	"▁शास"	["▁शा", "स"]
2288	"▁శ"	["▁", "శ"]
2289	"▁क्षे"	["▁", "क्षे"]
2290	"చింది."	["చిం", "ది."]
2291	"▁ప్రధా"	["▁ప్ర", "ధా"]
2292	"▁మొద"	["▁మొ", "ద"]
2293	"▁large"	["▁l", "arge"]
2294	"▁రో"	["▁", "రో"]
2295	"uc"	["u", "c"]
2296	"▁popul"	["▁pop", "ul"]
2297	"ural"	["ur", "al"]
2298	"▁200"	["▁2", "00"]
2299	"▁ra"	["▁", "ra"]
2300	"▁197"	["▁19", "7"]
2301	"▁res"	["▁re", "s"]
2302	"▁పె"	["▁", "పె"]
2303	"نے"	["ن", "ے"]
2304	"▁relig"	["▁rel", "ig"]
2305	"▁U"	["▁", "U"]
2306	"low"	["l", "ow"]
2307	"mer"	["m", "er"]
2308	"ans"	["an", "s"]
2309	"▁दि"	["▁", "दि"]
2310	"fter"	["f", "ter"]
2311	"▁O"	["▁", "O"]
2312	"▁خ"	["▁", "خ"]
2313	"▁sy"	["▁s", "y"]
2314	"▁Th"	["▁T", "h"]
2315	"ress"	["res", "s"]
2316	"▁year"	["▁y", "ear"]
2317	"▁ప్రధాన"	["▁ప్రధా", "న"]
2318	"లుగు"	["లు", "గు"]
2319	"▁పేరు"	["▁పే", "రు"]
2320	"▁wor"	["▁w", "or"]
2321	"▁194"	["▁19", "4"]
2322	"19"	["1", "9"]
2323	"اہ"	["ا", "ہ"]
2324	"li"	["l", "i"]
2325	"▁तक"	["▁त", "क"]
2326	"▁మధ్య"	["▁మ", "ధ్య"]
2327	"▁V"	["▁", "V"]
2328	"▁langu"	["▁l", "angu"]
2329	"ok"	["o", "k"]
2330	"▁पा"	["▁", "पा"]
2331	"estern"	["est", "ern"]
2332	"row"	["ro", "w"]
2333	"▁ac"	["▁a", "c"]
2334	"▁నుండి"	["▁నుం", "డి"]
2335	"▁गया"	["▁ग", "या"]
2336	"ome"	["om", "e"]
2337	"▁ప్రభు"	["▁ప్ర", "భు"]
2338	"▁en"	["▁", "en"]
2339	"ard"	["ar", "d"]
2340	"ajor"	["aj", "or"]
2341	"▁ప్రపం"	["▁ప్ర", "పం"]
2342	"▁196"	["▁19", "6"]
2343	"▁అధికా"	["▁అధి", "కా"]
2344	"▁dec"	["▁d", "ec"]
2345	"we"	["w", "e"]
2346	"▁చెం"	["▁", "చెం"]
2347	"रूप"	["रू", "प"]
2348	"తర"	["త", "ర"]
2349	"▁था"	["▁", "था"]
2350	"▁पू"	["▁", "पू"]
2351	"డిన"	["డి", "న"]
2352	"ame"	["am", "e"]
2353	"▁हि"	["▁", "हि"]
2354	"▁form"	["▁for", "m"]
2355	"▁వం"	["▁", "వం"]
2356	"▁భారతదేశ"	["▁భారతదే", "శ"]
2357	"act"	["a", "ct"]
2358	"▁प्रा"	["▁", "प्रा"]
2359	"రిత్ర"	["రి", "త్ర"]
2360	"hed"	["he", "d"]
2361	"▁bec"	["▁b", "ec"]
2362	"▁शासन"	["▁शास", "न"]
2363	"▁साथ"	["▁सा", "थ"]
2364	"లు."	["లు", "."]
2365	"▁k"	["▁", "k"]
2366	"▁श"	["▁", "श"]
2367	"conom"	["con", "om"]
2368	"▁ना"	["▁", "ना"]
2369	"ber"	["b", "er"]
2370	"▁దక్షి"	["▁ద", "క్షి"]
2371	"irst"	["ir", "st"]
2372	"▁ط"	["▁", "ط"]
2373	"reat"	["re", "at"]
2374	"▁రెం"	["▁", "రెం"]
2375	"▁exp"	["▁ex", "p"]
2376	"▁over"	["▁o", "ver"]
2377	"▁چ"	["▁", "چ"]
2378	"▁6"	["▁", "6"]
2379	"రువా"	["రు", "వా"]
2380	"▁their"	["▁the", "ir"]
2381	"ury"	["ur", "y"]
2382	"ئی"	["ئ", "ی"]
2383	"▁مل"	["▁م", "ل"]
2384	"▁వె"	["▁", "వె"]
2385	"ric"	["r", "ic"]
2386	"▁government"	["▁g", "overnment"]
2387	"lud"	["l", "ud"]
2388	"▁ప్రాంతా"	["▁ప్రాం", "తా"]
2389	"దిన"	["ది", "న"]
2390	"stem"	["st", "em"]
2391	"▁కేం"	["▁", "కేం"]
2392	"lic"	["l", "ic"]
2393	"▁తరువా"	["▁త", "రువా"]
2394	"ust"	["u", "st"]
2395	"▁system"	["▁sy", "stem"]
2396	"▁199"	["▁19", "9"]
2397	"ess"	["es", "s"]
2398	"▁یہ"	["▁", "یہ"]
2399	"▁ایک"	["▁ای", "ک"]
2400	"▁జరి"	["▁జ", "రి"]
2401	"▁अधि"	["▁अ", "धि"]
2402	"ced"	["c", "ed"]
2403	"▁ag"	["▁a", "g"]
2404	"▁राज"	["▁रा", "ज"]
2405	"▁క్రీ"	["▁", "క్రీ"]
2406	"▁వే"	["▁", "వే"]
2407	"▁ल"	["▁", "ल"]
2408	"%),"	["%", "),"]
2409	"ign"	["ig", "n"]
2410	"▁జి"	["▁", "జి"]
2411	"▁जन"	["▁ज", "न"]
2412	"▁also"	["▁al", "so"]
2413	"▁not"	["▁n", "ot"]
2414	"▁यह"	["▁य", "ह"]
2415	"radition"	["rad", "ition"]
2416	"▁he"	["▁", "he"]
2417	"▁అనే"	["▁అ", "నే"]
2418	"रण"	["र", "ण"]
2419	"▁includ"	["▁inc", "lud"]
2420	"▁రాజ"	["▁రా", "జ"]
2421	"e,"	["e", ","]
2422	"ia"	["i", "a"]
2423	"▁art"	["▁ar", "t"]
2424	"▁first"	["▁f", "irst"]
2425	"dh"	["d", "h"]
2426	"▁लि"	["▁", "लि"]
2427	"ious"	["i", "ous"]
2428	"▁کہ"	["▁ک", "ہ"]
2429	"▁జనా"	["▁జ", "నా"]
2430	"used"	["us", "ed"]
2431	"▁वा"	["▁", "वा"]
2432	"▁major"	["▁m", "ajor"]
2433	"▁వ్యవస్థ"	["▁వ్యవ", "స్థ"]
2434	"ik"	["i", "k"]
2435	"▁el"	["▁e", "l"]
2436	"i,"	["i", ","]
2437	"▁सम"	["▁स", "म"]
2438	"ains"	["ain", "s"]
2439	"▁పో"	["▁", "పో"]
2440	"▁పార్టీ"	["▁పా", "ర్టీ"]
2441	"▁उप"	["▁उ", "प"]
2442	"ount"	["ou", "nt"]
2443	"▁జనాభా"	["▁జనా", "భా"]
2444	"لی"	["ل", "ی"]
2445	"▁గు"	["▁", "గు"]
2446	"orm"	["or", "m"]
2447	",000"	[",", "000"]
2448	"lim"	["l", "im"]
2449	"▁population"	["▁popul", "ation"]
2450	"rough"	["rou", "gh"]
2451	"▁భారతదేశంలో"	["▁భారతదేశం", "లో"]
2452	"▁दक्षि"	["▁द", "क्षि"]
2453	"ose"	["o", "se"]
2454	"▁భాష"	["▁భా", "ష"]
2455	"es."	["es", "."]
2456	"▁Hindu"	["▁Hin", "du"]
2457	"▁మూ"	["▁", "మూ"]
2458	"▁–"	["▁", "–"]
2459	"▁भाषा"	["▁भा", "षा"]
2460	"▁అయి"	["▁అ", "యి"]
2461	"▁202"	["▁20", "2"]
2462	"▁جن"	["▁ج", "ن"]
2463	"▁econom"	["▁e", "conom"]
2464	"ough"	["ou", "gh"]
2465	"▁జిల్లా"	["▁జి", "ల్లా"]
2466	"▁చా"	["▁", "చా"]
2467	"▁Al"	["▁A", "l"]
2468	"▁जिस"	["▁जि", "स"]
2469	"▁Mus"	["▁M", "us"]
2470	"▁ఇది"	["▁ఇ", "ది"]
2471	"▁ہیں۔"	["▁ہیں", "۔"]
2472	"▁rep"	["▁re", "p"]
2473	"▁बा"	["▁", "बा"]
2474	"న్నారు."	["న్నా", "రు."]
2475	"reas"	["re", "as"]
2476	"▁రైలు"	["▁రై", "లు"]
2477	"▁ca"	["▁c", "a"]
2478	"▁bo"	["▁b", "o"]
2479	"▁end"	["▁e", "nd"]
2480	"rop"	["ro", "p"]
2481	"وج"	["و", "ج"]
2482	"▁గ్రా"	["▁", "గ్రా"]
2483	"▁दक्षिण"	["▁दक्षि", "ण"]
2484	"▁ల"	["▁", "ల"]
2485	"▁more"	["▁mo", "re"]
2486	"▁కలి"	["▁క", "లి"]
2487	"ep"	["e", "p"]
2488	"ight"	["igh", "t"]
2489	"بان"	["ب", "ان"]
2490	"سی"	["س", "ی"]
2491	"olog"	["ol", "og"]
2492	"▁tradition"	["▁t", "radition"]
2493	"▁dis"	["▁d", "is"]
2494	"▁మార్గా"	["▁మా", "ర్గా"]
2495	"▁grow"	["▁g", "row"]
2496	"▁ہندو"	["▁ہند", "و"]
2497	"▁Brit"	["▁B", "rit"]
2498	"▁ص"	["▁", "ص"]
2499	"धान"	["धा", "न"]
2500	"▁హిందూ"	["▁హిం", "దూ"]
2501	"గిన"	["గి", "న"]
2502	"▁ext"	["▁ex", "t"]
2503	"e."	["e", "."]
2504	"▁రాష్ట్రా"	["▁రా", "ష్ట్రా"]
2505	"lo"	["l", "o"]
2506	"ublic"	["ub", "lic"]
2507	"▁रूप"	["▁", "रूप"]
2508	"▁mar"	["▁m", "ar"]
2509	"చ్చింది."	["చ్చిం", "ది."]
2510	"कार"	["का", "र"]
2511	"▁ఇతర"	["▁ఇ", "తర"]
2512	"▁British"	["▁Brit", "ish"]
2513	"ater"	["at", "er"]
2514	"▁Muslim"	["▁Mus", "lim"]
2515	"రణం"	["ర", "ణం"]
2516	"▁बहु"	["▁ब", "हु"]
2517	"▁చె"	["▁", "చె"]
2518	"ستان"	["ست", "ان"]
2519	"ord"	["or", "d"]
2520	"ace"	["a", "ce"]
2521	"▁సాం"	["▁", "సాం"]
2522	"▁రాష్ట్ర"	["▁రా", "ష్ట్ర"]
2523	"▁मु"	["▁", "मु"]
2524	"క్కువ"	["క్కు", "వ"]
2525	"▁ملک"	["▁مل", "ک"]
2526	"▁j"	["▁", "j"]
2527	"లన"	["ల", "న"]
2528	"دی"	["د", "ی"]
2529	"ell"	["el", "l"]
2530	"ru"	["r", "u"]
2531	"ever"	["e", "ver"]
2532	"1."	["1", "."]
2533	"▁most"	["▁mo", "st"]
2534	"రణ"	["ర", "ణ"]
2535	"دہ"	["د", "ہ"]
2536	"1,"	["1", ","]
2537	"▁है,"	["▁है", ","]
2538	"uddh"	["ud", "dh"]
2539	"▁Buddh"	["▁B", "uddh"]
2540	"gan"	["g", "an"]
2541	"▁زبان"	["▁ز", "بان"]
2542	"▁पु"	["▁", "पु"]
2543	"ph"	["p", "h"]
2544	"eral"	["er", "al"]
2545	"నిమా"	["ని", "మా"]
2546	"▁had"	["▁h", "ad"]
2547	"▁దా"	["▁", "దా"]
2548	"▁India."	["▁India", "."]
2549	"ادی"	["اد", "ی"]
2550	"▁region"	["▁reg", "ion"]
2551	"▁ab"	["▁a", "b"]
2552	"inist"	["in", "ist"]
2553	"vel"	["v", "el"]
2554	"▁स्था"	["▁", "स्था"]
2555	"▁సినిమా"	["▁సి", "నిమా"]
2556	"mpire"	["mp", "ire"]
2557	"▁pol"	["▁p", "ol"]
2558	"▁num"	["▁n", "um"]
2559	"▁other"	["▁o", "ther"]
2560	"▁జన"	["▁జ", "న"]
2561	"▁bet"	["▁b", "et"]
2562	"ral"	["r", "al"]
2563	"▁this"	["▁th", "is"]
2564	"నాలు"	["నా", "లు"]
2565	"▁తరువాత"	["▁తరువా", "త"]
2566	"ities"	["it", "ies"]
2567	"▁ध"	["▁", "ध"]
2568	"▁సు"	["▁", "సు"]
2569	"ween"	["we", "en"]
2570	"▁state"	["▁st", "ate"]
2571	"▁It"	["▁I", "t"]
2572	"ied"	["i", "ed"]
2573	"▁Con"	["▁C", "on"]
2574	"▁such"	["▁su", "ch"]
2575	"▁जो"	["▁", "जो"]
2576	"ted"	["t", "ed"]
2577	"▁بھی"	["▁بھ", "ی"]
2578	"లంలో"	["లం", "లో"]
2579	"▁sc"	["▁s", "c"]
2580	"wo"	["w", "o"]
2581	"ban"	["b", "an"]
2582	"▁శ్రీ"	["▁", "శ్రీ"]
2583	"▁చరిత్ర"	["▁చ", "రిత్ర"]
2584	"▁కం"	["▁", "కం"]
2585	"▁लो"	["▁", "लो"]
2586	"▁क्षेत्र"	["▁क्षे", "त्र"]
2587	"وم"	["و", "م"]
2588	"ient"	["i", "ent"]
2589	"రాలు"	["రా", "లు"]
2590	"▁వచ్చింది."	["▁వ", "చ్చింది."]
2591	"▁కి"	["▁", "కి"]
2592	"▁10"	["▁1", "0"]
2593	"▁South"	["▁S", "outh"]
2594	"▁दो"	["▁", "दो"]
2595	"ound"	["ou", "nd"]
2596	"کھ"	["ک", "ھ"]
2597	"▁inf"	["▁in", "f"]
2598	"▁భూ"	["▁", "భూ"]
2599	"యాలు"	["యా", "లు"]
2600	"▁सब"	["▁स", "ब"]
2601	"कर"	["क", "र"]
2602	"▁बना"	["▁ब", "ना"]
2603	"▁పూ"	["▁", "పూ"]
2604	"y."	["y", "."]
2605	"▁సౌ"	["▁", "సౌ"]
2606	"▁ఉప"	["▁ఉ", "ప"]
2607	"▁elect"	["▁el", "ect"]
2608	"odern"	["od", "ern"]
2609	"▁లే"	["▁", "లే"]
2610	"ially"	["ial", "ly"]
2611	"isation"	["is", "ation"]
2612	"▁9"	["▁", "9"]
2613	"గా,"	["గా", ","]
2614	"▁सबसे"	["▁सब", "से"]
2615	"ium"	["i", "um"]
2616	"▁after"	["▁a", "fter"]
2617	"▁comm"	["▁com", "m"]
2618	"atic"	["at", "ic"]
2619	"▁between"	["▁bet", "ween"]
2620	"orth"	["or", "th"]
2621	"own"	["ow", "n"]
2622	"▁పెద్ద"	["▁పె", "ద్ద"]
2623	"▁years"	["▁year", "s"]
2624	"20"	["2", "0"]
2625	"▁CE"	["▁C", "E"]
2626	"▁serv"	["▁s", "erv"]
2627	".7"	[".", "7"]
2628	"▁अप"	["▁अ", "प"]
2629	"▁soc"	["▁s", "oc"]
2630	"▁అతి"	["▁అ", "తి"]
2631	"▁جو"	["▁ج", "و"]
2632	"▁but"	["▁b", "ut"]
2633	"▁పాకి"	["▁పా", "కి"]
2634	"▁century"	["▁cent", "ury"]
2635	"arli"	["ar", "li"]
2636	"▁తెలుగు"	["▁తె", "లుగు"]
2637	"▁rul"	["▁r", "ul"]
2638	"رب"	["ر", "ب"]
2639	"▁సౌక"	["▁సౌ", "క"]
2640	"istor"	["ist", "or"]
2641	"owever"	["ow", "ever"]
2642	"ament"	["am", "ent"]
2643	"వాణా"	["వా", "ణా"]
2644	"▁me"	["▁m", "e"]
2645	"▁उत्त"	["▁उ", "त्त"]
2646	"రంగా"	["రం", "గా"]
2647	"owever,"	["owever", ","]
2648	"▁1950"	["▁195", "0"]
2649	"ower"	["ow", "er"]
2650	"▁స్వా"	["▁", "స్వా"]
2651	"iver"	["iv", "er"]
2652	"▁rec"	["▁re", "c"]
2653	"▁ప్రతి"	["▁ప్ర", "తి"]
2654	"పతి"	["ప", "తి"]
2655	"▁language"	["▁langu", "age"]
2656	"▁ఉత్త"	["▁ఉ", "త్త"]
2657	"▁ह"	["▁", "ह"]
2658	"▁కాం"	["▁", "కాం"]
2659	"▁religious"	["▁relig", "ious"]
2660	"▁రోజు"	["▁రో", "జు"]
2661	"ost"	["o", "st"]
2662	"▁bas"	["▁b", "as"]
2663	"اب"	["ا", "ب"]
2664	"▁मि"	["▁", "मि"]
2665	"▁St"	["▁S", "t"]
2666	"اک"	["ا", "ک"]
2667	"▁inter"	["▁in", "ter"]
2668	"▁cult"	["▁c", "ult"]
2669	"les"	["l", "es"]
2670	"▁class"	["▁cl", "ass"]
2671	"▁యు"	["▁", "యు"]
2672	"ree"	["re", "e"]
2673	"out"	["ou", "t"]
2674	"ng"	["n", "g"]
2675	"inent"	["in", "ent"]
2676	"ages"	["ag", "es"]
2677	"eng"	["en", "g"]
2678	"ised"	["is", "ed"]
2679	"▁బం"	["▁", "బం"]
2680	"نی"	["ن", "ی"]
2681	"ff"	["f", "f"]
2682	"▁ప్రపంచ"	["▁ప్రపం", "చ"]
2683	"▁నే"	["▁", "నే"]
2684	"▁వై"	["▁", "వై"]
2685	"har"	["h", "ar"]
2686	"▁అను"	["▁అ", "ను"]
2687	"ific"	["if", "ic"]
2688	"▁ro"	["▁", "ro"]
2689	"▁کیا"	["▁ک", "یا"]
2690	"▁विश्व"	["▁वि", "श्व"]
2691	"▁अनु"	["▁अ", "नु"]
2692	"nder"	["nd", "er"]
2693	"ures"	["u", "res"]
2694	"▁This"	["▁Th", "is"]
2695	"ے۔"	["ے", "۔"]
2696	"▁సంస్కృ"	["▁సం", "స్కృ"]
2697	"ప్పటి"	["ప్ప", "టి"]
2698	"▁two"	["▁t", "wo"]
2699	"▁بن"	["▁ب", "ن"]
2700	"تی"	["ت", "ی"]
2701	"ite"	["it", "e"]
2702	"▁राज्य"	["▁रा", "ज्य"]
2703	"▁మహా"	["▁మ", "హా"]
2704	"ss"	["s", "s"]
2705	"▁సిం"	["▁", "సిం"]
2706	"iod"	["i", "od"]
2707	"mong"	["m", "ong"]
2708	"▁సంవ"	["▁సం", "వ"]
2709	"urban"	["ur", "ban"]
2710	"▁जाता"	["▁जा", "ता"]
2711	"لہ"	["ل", "ہ"]
2712	"▁increas"	["▁inc", "reas"]
2713	"▁cons"	["▁con", "s"]
2714	"▁हुआ"	["▁हु", "आ"]
2715	"hen"	["he", "n"]
2716	"عد"	["ع", "د"]
2717	"చారు."	["చా", "రు."]
2718	"▁cast"	["▁c", "ast"]
2719	"▁నగ"	["▁న", "గ"]
2720	"ie"	["i", "e"]
2721	"▁मध्य"	["▁म", "ध्य"]
2722	"ular"	["ul", "ar"]
2723	"▁off"	["▁of", "f"]
2724	"ov"	["o", "v"]
2725	"ime"	["im", "e"]
2726	"▁than"	["▁th", "an"]
2727	"▁spec"	["▁sp", "ec"]
2728	"ivers"	["iv", "ers"]
2729	"క,"	["క", ","]
2730	"ప్రదా"	["ప్ర", "దా"]
2731	"▁during"	["▁d", "uring"]
2732	"▁بڑ"	["▁ب", "ڑ"]
2733	"▁గో"	["▁", "గో"]
2734	"▁च"	["▁", "च"]
2735	"ائی"	["ائ", "ی"]
2736	"मान"	["मा", "न"]
2737	"▁بر"	["▁ب", "ر"]
2738	"▁సమ"	["▁స", "మ"]
2739	"▁ter"	["▁t", "er"]
2740	"▁బా"	["▁", "బా"]
2741	"▁15"	["▁1", "5"]
2742	"▁భ"	["▁", "భ"]
2743	"चीन"	["ची", "न"]
2744	"▁sur"	["▁s", "ur"]
2745	"▁రవాణా"	["▁ర", "వాణా"]
2746	"▁స్వ"	["▁", "స్వ"]
2747	"able"	["ab", "le"]
2748	"omp"	["om", "p"]
2749	"▁رہ"	["▁ر", "ہ"]
2750	"రిక"	["రి", "క"]
2751	"▁మార్గాలు"	["▁మార్గా", "లు"]
2752	"مال"	["م", "ال"]
2753	"ered"	["ere", "d"]
2754	"▁ఎక్కువ"	["▁ఎ", "క్కువ"]
2755	"iz"	["i", "z"]
2756	"▁Pl"	["▁P", "l"]
2757	"▁ప్రజ"	["▁ప్ర", "జ"]
2758	"vent"	["v", "ent"]
2759	"▁supp"	["▁su", "pp"]
2760	"▁తి"	["▁", "తి"]
2761	"ise"	["is", "e"]
2762	"▁తన"	["▁త", "న"]
2763	"یت"	["ی", "ت"]
2764	"▁ال"	["▁ا", "ل"]
2765	"▁కాంగ్రె"	["▁కాం", "గ్రె"]
2766	"▁app"	["▁a", "pp"]
2767	"abl"	["ab", "l"]
2768	"CE"	["C", "E"]
2769	"▁pe"	["▁p", "e"]
2770	"ack"	["ac", "k"]
2771	"▁1947"	["▁194", "7"]
2772	"▁ముఖ్య"	["▁ము", "ఖ్య"]
2773	"eg"	["e", "g"]
2774	"▁కాలంలో"	["▁కా", "లంలో"]
2775	"▁ref"	["▁re", "f"]
2776	"▁అని"	["▁అ", "ని"]
2777	"▁రాజకీ"	["▁రాజ", "కీ"]
2778	"▁However,"	["▁H", "owever,"]
2779	"▁ఏర్ప"	["▁ఏ", "ర్ప"]
2780	"▁దక్షిణా"	["▁దక్షి", "ణా"]
2781	"▁found"	["▁f", "ound"]
2782	"▁సంగీ"	["▁సం", "గీ"]
2783	"▁Un"	["▁U", "n"]
2784	"یس"	["ی", "س"]
2785	"▁పట్ట"	["▁ప", "ట్ట"]
2786	"imal"	["im", "al"]
2787	"▁علا"	["▁ع", "لا"]
2788	"-d"	["-", "d"]
2789	"اق"	["ا", "ق"]
2790	"▁వీ"	["▁", "వీ"]
2791	"▁२०"	["▁२", "०"]
2792	"ول"	["و", "ل"]
2793	"itary"	["it", "ary"]
2794	"▁రెండు"	["▁రెం", "డు"]
2795	"▁చిన్న"	["▁చి", "న్న"]
2796	"rist"	["r", "ist"]
2797	"ically"	["ical", "ly"]
2798	"▁12"	["▁1", "2"]
2799	"▁By"	["▁B", "y"]
2800	"▁నె"	["▁", "నె"]
2801	".."	[".", "."]
2802	"ollow"	["ol", "low"]
2803	"▁देश"	["▁दे", "श"]
2804	"▁17"	["▁1", "7"]
2805	"▁ఎన్నో"	["▁ఎ", "న్నో"]
2806	"ond"	["o", "nd"]
2807	"ations"	["ation", "s"]
2808	"▁సమా"	["▁స", "మా"]
2809	"▁దీ"	["▁", "దీ"]
2810	"▁اپ"	["▁ا", "پ"]
2811	"▁East"	["▁E", "ast"]
2812	"▁new"	["▁n", "ew"]
2813	"ountry"	["ount", "ry"]
2814	"▁Empire"	["▁E", "mpire"]
2815	"lear"	["le", "ar"]
2816	"▁स्व"	["▁", "स्व"]
2817	"ative"	["at", "ive"]
2818	"ود"	["و", "د"]
2819	"iff"	["if", "f"]
2820	"ech"	["ec", "h"]
2821	"▁अं"	["▁", "अं"]
2822	"▁نہ"	["▁ن", "ہ"]
2823	"रिक"	["रि", "क"]
2824	"▁mid"	["▁m", "id"]
2825	"▁,"	["▁", ","]
2826	"▁been"	["▁be", "en"]
2827	"اری"	["ار", "ی"]
2828	"▁ind"	["▁in", "d"]
2829	"▁అయిన"	["▁అయి", "న"]
2830	"▁many"	["▁m", "any"]
2831	"▁growth"	["▁grow", "th"]
2832	"ians"	["ian", "s"]
2833	"▁नाम"	["▁ना", "म"]
2834	"డియా"	["డి", "యా"]
2835	"▁సంవత్స"	["▁సంవ", "త్స"]
2836	"▁fam"	["▁f", "am"]
2837	"imp"	["im", "p"]
2838	"▁them"	["▁the", "m"]
2839	"▁अधिक"	["▁अधि", "क"]
2840	"▁urban"	["▁", "urban"]
2841	"aw"	["a", "w"]
2842	"▁దేశ"	["▁దే", "శ"]
2843	"▁modern"	["▁m", "odern"]
2844	"▁సరి"	["▁స", "రి"]
2845	"enn"	["en", "n"]
2846	"▁pre"	["▁p", "re"]
2847	"▁సాధిం"	["▁సా", "ధిం"]
2848	"▁under"	["▁u", "nder"]
2849	"ited"	["it", "ed"]
2850	"▁दिया"	["▁दि", "या"]
2851	"▁non"	["▁n", "on"]
2852	"ics"	["ic", "s"]
2853	"▁pres"	["▁p", "res"]
2854	"▁آب"	["▁آ", "ب"]
2855	"ید"	["ی", "د"]
2856	"▁through"	["▁th", "rough"]
2857	"ice"	["ic", "e"]
2858	"ross"	["ro", "ss"]
2859	"ade"	["ad", "e"]
2860	"▁198"	["▁19", "8"]
2861	"raph"	["ra", "ph"]
2862	"▁ప్రస్తు"	["▁ప్ర", "స్తు"]
2863	"▁అభి"	["▁అ", "భి"]
2864	"▁north"	["▁n", "orth"]
2865	"న్,"	["న్", ","]
2866	"▁مت"	["▁م", "ت"]
2867	"5,"	["5", ","]
2868	"నంలో"	["నం", "లో"]
2869	"0%"	["0", "%"]
2870	"రాల"	["రా", "ల"]
2871	"▁भू"	["▁", "भू"]
2872	"తము"	["త", "ము"]
2873	"▁Christ"	["▁Ch", "rist"]
2874	"▁చెందిన"	["▁చెం", "దిన"]
2875	"ongress"	["ong", "ress"]
2876	"▁समय"	["▁सम", "य"]
2877	"▁nort"	["▁n", "ort"]
2878	"ib"	["i", "b"]
2879	"▁پہ"	["▁پ", "ہ"]
2880	"▁గల"	["▁గ", "ల"]
2881	"▁మొదటి"	["▁మొద", "టి"]
2882	"ten"	["t", "en"]
2883	"▁both"	["▁bo", "th"]
2884	"▁high"	["▁h", "igh"]
2885	"ction"	["ct", "ion"]
2886	"▁రహ"	["▁ర", "హ"]
2887	"▁కేంద్ర"	["▁కేం", "ద్ర"]
2888	"▁later"	["▁l", "ater"]
2889	"amp"	["am", "p"]
2890	"anges"	["ang", "es"]
2891	"▁2011"	["▁201", "1"]
2892	"▁western"	["▁w", "estern"]
2893	"హద్దు"	["హ", "ద్దు"]
2894	"esp"	["es", "p"]
2895	"ies,"	["ies", ","]
2896	"cont"	["con", "t"]
2897	"▁धर्म"	["▁ध", "र्म"]
2898	"▁అత్య"	["▁అ", "త్య"]
2899	"مان"	["م", "ان"]
2900	"cc"	["c", "c"]
2901	"▁land"	["▁l", "and"]
2902	"▁BCE"	["▁B", "CE"]
2903	"▁బ్రి"	["▁", "బ్రి"]
2904	"సియా"	["సి", "యా"]
2905	"▁long"	["▁l", "ong"]
2906	"uclear"	["uc", "lear"]
2907	"ములో"	["ము", "లో"]
2908	"sl"	["s", "l"]
2909	"▁సరిహద్దు"	["▁సరి", "హద్దు"]
2910	"▁out"	["▁o", "ut"]
2911	"▁శతా"	["▁శ", "తా"]
2912	"▁ముం"	["▁", "ముం"]
2913	"ون"	["و", "ن"]
2914	"▁Hind"	["▁Hin", "d"]
2915	"కారం"	["కా", "రం"]
2916	"लय"	["ल", "य"]
2917	"▁రహదా"	["▁రహ", "దా"]
2918	"గంగా"	["గం", "గా"]
2919	"use"	["us", "e"]
2920	"▁చై"	["▁", "చై"]
2921	"▁caste"	["▁cast", "e"]
2922	"▁ఇండియా"	["▁ఇం", "డియా"]
2923	"velop"	["vel", "op"]
2924	"▁उत्तर"	["▁उत्त", "र"]
2925	"▁అత్యధి"	["▁అత్య", "ధి"]
2926	"ists"	["ist", "s"]
2927	"▁one"	["▁on", "e"]
2928	"▁est"	["▁e", "st"]
2929	"▁world"	["▁wor", "ld"]
2930	"ild"	["il", "d"]
2931	"ھی"	["ھ", "ی"]
2932	"వి."	["వి", "."]
2933	"تے"	["ت", "ے"]
2934	"▁loc"	["▁l", "oc"]
2935	"సింది."	["సిం", "ది."]
2936	"ism,"	["ism", ","]
2937	"▁number"	["▁num", "ber"]
2938	"a."	["a", "."]
2939	"lu"	["l", "u"]
2940	"▁पूर्व"	["▁पू", "र्व"]
2941	"sh"	["s", "h"]
2942	"▁ప్రభుత్వం"	["▁ప్రభు", "త్వం"]
2943	"▁ప్రము"	["▁ప్ర", "ము"]
2944	"▁tr"	["▁t", "r"]
2945	"▁మే"	["▁", "మే"]
2946	"దేశా"	["దే", "శా"]
2947	"▁था।"	["▁था", "।"]
2948	"▁economic"	["▁econom", "ic"]
2949	"eat"	["e", "at"]
2950	"చబ"	["చ", "బ"]
2951	"▁ఐ"	["▁", "ఐ"]
2952	"ement"	["em", "ent"]
2953	"▁करने"	["▁कर", "ने"]
2954	"డవ"	["డ", "వ"]
2955	"▁గ్రామం"	["▁గ్రా", "మం"]
2956	"رو"	["ر", "و"]
2957	"merg"	["mer", "g"]
2958	"rib"	["ri", "b"]
2959	"मुख"	["मु", "ख"]
2960	"▁वर्ष"	["▁व", "र्ष"]
2961	"▁emerg"	["▁e", "merg"]
2962	"▁(1"	["▁(", "1"]
2963	"▁became"	["▁bec", "ame"]
2964	"▁క్రీడ"	["▁క్రీ", "డ"]
2965	"ensus"	["ens", "us"]
2966	"सार"	["सा", "र"]
2967	"ile"	["il", "e"]
2968	"▁ఆర్ధి"	["▁ఆ", "ర్ధి"]
2969	"▁प्रमुख"	["▁प्र", "मुख"]
2970	"▁రాజకీయ"	["▁రాజకీ", "య"]
2971	"▁कु"	["▁", "कु"]
2972	"▁జరిగిన"	["▁జరి", "గిన"]
2973	"round"	["rou", "nd"]
2974	"اع"	["ا", "ع"]
2975	"▁histor"	["▁h", "istor"]
2976	"ood"	["o", "od"]
2977	"▁Pun"	["▁P", "un"]
2978	"jab"	["j", "ab"]
2979	"▁ई"	["▁", "ई"]
2980	"▁regional"	["▁region", "al"]
2981	"ennium"	["enn", "ium"]
2982	"▁Punjab"	["▁Pun", "jab"]
2983	"▁थी"	["▁", "थी"]
2984	"continent"	["cont", "inent"]
2985	"ared"	["a", "red"]
2986	"▁Sik"	["▁S", "ik"]
2987	"▁నిర్వ"	["▁ని", "ర్వ"]
2988	"▁పై"	["▁", "పై"]
2989	"▁బహు"	["▁బ", "హు"]
2990	"▁ఆర్ధిక"	["▁ఆర్ధి", "క"]
2991	"▁dance"	["▁d", "ance"]
2992	"▁علاق"	["▁علا", "ق"]
2993	"▁سات"	["▁س", "ات"]
2994	"▁period"	["▁per", "iod"]
2995	"▁यु"	["▁", "यु"]
2996	"▁lead"	["▁le", "ad"]
2997	"▁द्वा"	["▁", "द्वा"]
2998	"విధ"	["వి", "ధ"]
2999	"▁महा"	["▁म", "हा"]
3000	"ived"	["iv", "ed"]
3001	"ately"	["ate", "ly"]
3002	"▁دی"	["▁د", "ی"]
3003	"ach"	["a", "ch"]
3004	"cient"	["c", "ient"]
3005	"▁ది"	["▁", "ది"]
3006	"देश"	["दे", "श"]
3007	"▁చైనా"	["▁చై", "నా"]
3008	"نیا"	["ن", "یا"]
3009	"aint"	["ain", "t"]
3010	"▁گیا"	["▁گ", "یا"]
3011	"▁rem"	["▁re", "m"]
3012	"నిక"	["ని", "క"]
3013	"▁مش"	["▁م", "ش"]
3014	"▁వివిధ"	["▁వి", "విధ"]
3015	"▁polit"	["▁pol", "it"]
3016	"▁निर्वा"	["▁नि", "र्वा"]
3017	"కోవ"	["కో", "వ"]
3018	"▁produ"	["▁pro", "du"]
3019	"▁अन्य"	["▁अ", "न्य"]
3020	"au"	["a", "u"]
3021	"▁सि"	["▁", "सि"]
3022	"read"	["re", "ad"]
3023	"بی"	["ب", "ی"]
3024	"ex"	["e", "x"]
3025	"▁مع"	["▁م", "ع"]
3026	"▁బెం"	["▁", "బెం"]
3027	"టుంది."	["టుం", "ది."]
3028	"▁east"	["▁e", "ast"]
3029	"▁మీ"	["▁", "మీ"]
3030	"▁south"	["▁s", "outh"]
3031	"▁हैं,"	["▁हैं", ","]
3032	"▁develop"	["▁de", "velop"]
3033	"up"	["u", "p"]
3034	"y,"	["y", ","]
3035	"▁Congress"	["▁C", "ongress"]
3036	"▁لی"	["▁ل", "ی"]
3037	"▁సై"	["▁", "సై"]
3038	"ments"	["ment", "s"]
3039	"▁कार्य"	["▁का", "र्य"]
3040	"▁mov"	["▁mo", "v"]
3041	"▁ప్రముఖ"	["▁ప్రము", "ఖ"]
3042	"▁بعد"	["▁ب", "عد"]
3043	"లుగా"	["లు", "గా"]
3044	"▁कारण"	["▁का", "रण"]
3045	"are"	["a", "re"]
3046	"und"	["u", "nd"]
3047	"▁war"	["▁w", "ar"]
3048	"▁మి"	["▁", "మి"]
3049	"ا۔"	["ا", "۔"]
3050	"▁వచ్చి"	["▁వ", "చ్చి"]
3051	"▁ती"	["▁", "ती"]
3052	"▁ఒకటి"	["▁ఒక", "టి"]
3053	"▁sign"	["▁s", "ign"]
3054	"निक"	["नि", "क"]
3055	"▁med"	["▁m", "ed"]
3056	"లైన"	["లై", "న"]
3057	"▁ही"	["▁", "ही"]
3058	"డింది."	["డిం", "ది."]
3059	"▁చేయ"	["▁చే", "య"]
3060	"arliament"	["arli", "ament"]
3061	"▁उन"	["▁उ", "न"]
3062	"ors"	["or", "s"]
3063	"▁हुई"	["▁हु", "ई"]
3064	"రంలో"	["రం", "లో"]
3065	"▁रहा"	["▁र", "हा"]
3066	"stitutional"	["stitution", "al"]
3067	"ఢిల్లీ"	["ఢి", "ల్లీ"]
3068	"▁हिन्दी"	["▁हि", "न्दी"]
3069	"%)"	["%", ")"]
3070	"▁census"	["▁c", "ensus"]
3071	"▁مق"	["▁م", "ق"]
3072	"▁द्वारा"	["▁द्वा", "रा"]
3073	"rew"	["re", "w"]
3074	"ife"	["if", "e"]
3075	"ugh"	["u", "gh"]
3076	"రత"	["ర", "త"]
3077	"▁they"	["▁the", "y"]
3078	"▁Beng"	["▁B", "eng"]
3079	"▁gen"	["▁g", "en"]
3080	"▁అనేక"	["▁అనే", "క"]
3081	".8"	[".", "8"]
3082	"o-"	["o", "-"]
3083	"▁రూ"	["▁", "రూ"]
3084	"టారు."	["టా", "రు."]
3085	"▁Bengal"	["▁Beng", "al"]
3086	"▁among"	["▁a", "mong"]
3087	"▁there"	["▁the", "re"]
3088	"▁Sikh"	["▁Sik", "h"]
3089	"▁mil"	["▁m", "il"]
3090	"نا"	["ن", "ا"]
3091	"وگ"	["و", "گ"]
3092	"▁శి"	["▁", "శి"]
3093	"▁Isl"	["▁I", "sl"]
3094	"as,"	["as", ","]
3095	"▁جات"	["▁ج", "ات"]
3096	"▁స్వాతం"	["▁స్వా", "తం"]
3097	"▁ద్వా"	["▁", "ద్వా"]
3098	"మంత్రి"	["మం", "త్రి"]
3099	"ue"	["u", "e"]
3100	"ollowing"	["ollow", "ing"]
3101	"స్తారు."	["స్తా", "రు."]
3102	"▁دنیا"	["▁د", "نیا"]
3103	"▁राज्यों"	["▁रा", "ज्यों"]
3104	"omen"	["om", "en"]
3105	"ket"	["k", "et"]
3106	"▁తా"	["▁", "తా"]
3107	"▁public"	["▁p", "ublic"]
3108	"▁మన"	["▁మ", "న"]
3109	"▁नहीं"	["▁न", "हीं"]
3110	"echn"	["ech", "n"]
3111	"शिया"	["शि", "या"]
3112	"▁states"	["▁st", "ates"]
3113	"▁Asia"	["▁As", "ia"]
3114	"▁sec"	["▁s", "ec"]
3115	"▁some"	["▁s", "ome"]
3116	"▁इसके"	["▁इस", "के"]
3117	"▁गु"	["▁", "गु"]
3118	"▁రకా"	["▁ర", "కా"]
3119	"irect"	["ire", "ct"]
3120	"▁non-"	["▁non", "-"]
3121	"తం,"	["తం", ","]
3122	"very"	["ver", "y"]
3123	"రుగు"	["రు", "గు"]
3124	"▁last"	["▁l", "ast"]
3125	"▁Plate"	["▁Pl", "ate"]
3126	"cent"	["c", "ent"]
3127	"▁began"	["▁be", "gan"]
3128	"▁غ"	["▁", "غ"]
3129	"▁తమి"	["▁త", "మి"]
3130	"ually"	["u", "ally"]
3131	"ourt"	["our", "t"]
3132	"स्तान"	["स्ता", "न"]
3133	"ould"	["ou", "ld"]
3134	"▁country"	["▁c", "ountry"]
3135	"▁१९६"	["▁१९", "६"]
3136	"▁local"	["▁loc", "al"]
3137	"డు,"	["డు", ","]
3138	"rol"	["ro", "l"]
3139	"ract"	["ra", "ct"]
3140	"▁శతాబ్దం"	["▁శతా", "బ్దం"]
3141	"hem"	["he", "m"]
3142	"▁social"	["▁soc", "ial"]
3143	"ince"	["in", "ce"]
3144	"▁నడి"	["▁న", "డి"]
3145	"dle"	["d", "le"]
3146	"▁including"	["▁includ", "ing"]
3147	"▁man"	["▁m", "an"]
3148	"here"	["he", "re"]
3149	"వరి"	["వ", "రి"]
3150	"▁women"	["▁w", "omen"]
3151	"ins"	["in", "s"]
3152	"▁Western"	["▁W", "estern"]
3153	"వృద్ధి"	["వృ", "ద్ధి"]
3154	"▁col"	["▁c", "ol"]
3155	"ograph"	["og", "raph"]
3156	"▁across"	["▁ac", "ross"]
3157	"▁చూ"	["▁", "చూ"]
3158	"ర్,"	["ర్", ","]
3159	"iter"	["it", "er"]
3160	"▁ساتھ"	["▁سات", "ھ"]
3161	"▁పండు"	["▁పం", "డు"]
3162	"▁परि"	["▁प", "रि"]
3163	"▁రాష్ట్రపతి"	["▁రాష్ట్ర", "పతి"]
3164	"▁అవ"	["▁అ", "వ"]
3165	"▁సభ"	["▁స", "భ"]
3166	"▁مذ"	["▁م", "ذ"]
3167	"▁सक"	["▁स", "क"]
3168	"▁लोक"	["▁लो", "क"]
3169	"▁అత్యధిక"	["▁అత్యధి", "క"]
3170	"▁రైల్వే"	["▁రై", "ల్వే"]
3171	"int"	["in", "t"]
3172	"▁فوج"	["▁ف", "وج"]
3173	"▁ओ"	["▁", "ओ"]
3174	"తిక"	["తి", "క"]
3175	"▁మతా"	["▁మ", "తా"]
3176	"తంలో"	["తం", "లో"]
3177	"▁ass"	["▁as", "s"]
3178	"तिक"	["ति", "क"]
3179	"▁fed"	["▁f", "ed"]
3180	"▁संस्कृ"	["▁सं", "स्कृ"]
3181	"▁భారత్"	["▁భార", "త్"]
3182	"▁در"	["▁د", "ر"]
3183	"▁rural"	["▁r", "ural"]
3184	"istan"	["ist", "an"]
3185	"▁సామ్రా"	["▁సా", "మ్రా"]
3186	"▁మొత్తం"	["▁మొ", "త్తం"]
3187	"▁Constitution"	["▁Con", "stitution"]
3188	"▁ఉంటా"	["▁ఉం", "టా"]
3189	"▁minist"	["▁m", "inist"]
3190	"0."	["0", "."]
3191	"▁ఇవి"	["▁ఇ", "వి"]
3192	"▁Wor"	["▁W", "or"]
3193	"योग"	["यो", "ग"]
3194	"▁होता"	["▁हो", "ता"]
3195	"ئے"	["ئ", "ے"]
3196	"▁parliament"	["▁p", "arliament"]
3197	"▁भ"	["▁", "भ"]
3198	"▁హ"	["▁", "హ"]
3199	"▁leg"	["▁le", "g"]
3200	"▁దేశాల"	["▁దేశా", "ల"]
3201	"తుంది."	["తుం", "ది."]
3202	"▁गया।"	["▁गया", "।"]
3203	"▁Mugh"	["▁M", "ugh"]
3204	"▁plain"	["▁pl", "ain"]
3205	"▁రహదారు"	["▁రహదా", "రు"]
3206	"ity,"	["ity", ","]
3207	"▁Mughal"	["▁Mugh", "al"]
3208	"ix"	["i", "x"]
3209	"ople"	["op", "le"]
3210	"▁دور"	["▁د", "ور"]
3211	"▁సూ"	["▁", "సూ"]
3212	"▁subcontinent"	["▁sub", "continent"]
3213	"▁कई"	["▁क", "ई"]
3214	"▁రచ"	["▁ర", "చ"]
3215	"▁వంటి"	["▁వం", "టి"]
3216	"▁लिए"	["▁लि", "ए"]
3217	"▁World"	["▁Wor", "ld"]
3218	"▁imp"	["▁", "imp"]
3219	"▁ద్వారా"	["▁ద్వా", "రా"]
3220	"old"	["ol", "d"]
3221	"▁కొన్ని"	["▁కొ", "న్ని"]
3222	"గలు"	["గ", "లు"]
3223	"▁ی"	["▁", "ی"]
3224	"امی"	["ام", "ی"]
3225	"▁prov"	["▁pro", "v"]
3226	"▁దేశంలోని"	["▁దేశం", "లోని"]
3227	"▁వ్యా"	["▁", "వ్యా"]
3228	"భిన్న"	["భి", "న్న"]
3229	"▁ہندوستان"	["▁ہندو", "ستان"]
3230	"▁fore"	["▁f", "ore"]
3231	"▁—"	["▁", "—"]
3232	"یاست"	["یا", "ست"]
3233	"ivil"	["iv", "il"]
3234	"▁हे"	["▁", "हे"]
3235	"ology"	["olog", "y"]
3236	"▁जी"	["▁", "जी"]
3237	"▁national"	["▁n", "ational"]
3238	"▁لوگ"	["▁ل", "وگ"]
3239	"▁समा"	["▁स", "मा"]
3240	"▁mus"	["▁m", "us"]
3241	"▁dist"	["▁d", "ist"]
3242	"می"	["م", "ی"]
3243	"ating"	["at", "ing"]
3244	"30"	["3", "0"]
3245	"arly"	["ar", "ly"]
3246	"ished"	["is", "hed"]
3247	"▁'"	["▁", "'"]
3248	"ration"	["r", "ation"]
3249	"اج"	["ا", "ج"]
3250	"నుక"	["ను", "క"]
3251	"ष्ट्रीय"	["ष्ट्री", "य"]
3252	"ks"	["k", "s"]
3253	"▁Comp"	["▁C", "omp"]
3254	"hern"	["her", "n"]
3255	"▁पर्व"	["▁प", "र्व"]
3256	"▁దక్షిణ"	["▁దక్షి", "ణ"]
3257	"cial"	["c", "ial"]
3258	".మీ"	[".", "మీ"]
3259	"▁these"	["▁the", "se"]
3260	"urop"	["u", "rop"]
3261	"ert"	["er", "t"]
3262	"చి,"	["చి", ","]
3263	"▁केन्द्र"	["▁के", "न्द्र"]
3264	"▁dra"	["▁d", "ra"]
3265	"ean"	["e", "an"]
3266	"لے"	["ل", "ے"]
3267	"▁سب"	["▁س", "ب"]
3268	"▁military"	["▁mil", "itary"]
3269	"ari"	["ar", "i"]
3270	"▁وال"	["▁و", "ال"]
3271	"▁political"	["▁polit", "ical"]
3272	"گر"	["گ", "ر"]
3273	"led"	["l", "ed"]
3274	"▁हुए"	["▁हु", "ए"]
3275	"▁ఖ"	["▁", "ఖ"]
3276	"heast"	["he", "ast"]
3277	"▁bir"	["▁b", "ir"]
3278	"▁देशों"	["▁दे", "शों"]
3279	"కంగా"	["కం", "గా"]
3280	"hm"	["h", "m"]
3281	"▁అభివృద్ధి"	["▁అభి", "వృద్ధి"]
3282	"రకు"	["ర", "కు"]
3283	"▁प्रति"	["▁प्र", "ति"]
3284	"▁పాకిస్థా"	["▁పాకి", "స్థా"]
3285	"▁مغ"	["▁م", "غ"]
3286	"▁northern"	["▁nort", "hern"]
3287	"▁نہیں"	["▁نہ", "یں"]
3288	"▁Sh"	["▁S", "h"]
3289	"▁२०१"	["▁२०", "१"]
3290	"▁రాజ్యా"	["▁రా", "జ్యా"]
3291	"▁techn"	["▁t", "echn"]
3292	"▁Pro"	["▁P", "ro"]
3293	"▁పట్టణా"	["▁పట్ట", "ణా"]
3294	"عل"	["ع", "ل"]
3295	"ript"	["ri", "pt"]
3296	"▁ప్రజా"	["▁ప్ర", "జా"]
3297	"▁river"	["▁r", "iver"]
3298	"▁add"	["▁ad", "d"]
3299	"▁bel"	["▁b", "el"]
3300	"▁ప్రపంచం"	["▁ప్రపం", "చం"]
3301	"▁caused"	["▁ca", "used"]
3302	"▁సౌకర్యా"	["▁సౌక", "ర్యా"]
3303	"▁ప్రకారం"	["▁ప్ర", "కారం"]
3304	"سل"	["س", "ل"]
3305	"▁अन्त"	["▁अ", "न्त"]
3306	"▁تر"	["▁ت", "ر"]
3307	"▁ఉత్తర"	["▁ఉత్త", "ర"]
3308	"ands"	["and", "s"]
3309	"iversity"	["ivers", "ity"]
3310	"▁classical"	["▁class", "ical"]
3311	"లయం"	["ల", "యం"]
3312	"▁def"	["▁de", "f"]
3313	"cess"	["ces", "s"]
3314	"▁అధిక"	["▁అధి", "క"]
3315	"ultan"	["ult", "an"]
3316	"▁किया।"	["▁किया", "।"]
3317	"▁mon"	["▁m", "on"]
3318	"▁nuclear"	["▁n", "uclear"]
3319	"కులు"	["కు", "లు"]
3320	"▁దేశంలో"	["▁దేశం", "లో"]
3321	"▁अनुसार"	["▁अनु", "सार"]
3322	"व्यव"	["व्य", "व"]
3323	"చాడు."	["చా", "డు."]
3324	"▁minister"	["▁minist", "er"]
3325	"శాల"	["శా", "ల"]
3326	"ty"	["t", "y"]
3327	"▁प्रधान"	["▁प्र", "धान"]
3328	"▁millennium"	["▁mill", "ennium"]
3329	"▁mat"	["▁m", "at"]
3330	"▁సము"	["▁స", "ము"]
3331	"▁दश"	["▁द", "श"]
3332	"▁నాయ"	["▁నా", "య"]
3333	"وی"	["و", "ی"]
3334	"وس"	["و", "س"]
3335	"▁ام"	["▁ا", "م"]
3336	"▁ఎక్కువగా"	["▁ఎక్కువ", "గా"]
3337	"urn"	["ur", "n"]
3338	"ram"	["ra", "m"]
3339	"▁establ"	["▁est", "abl"]
3340	"▁win"	["▁w", "in"]
3341	"▁14"	["▁1", "4"]
3342	"alth"	["al", "th"]
3343	"▁آبادی"	["▁آب", "ادی"]
3344	"-s"	["-", "s"]
3345	"తావ"	["తా", "వ"]
3346	"▁26"	["▁2", "6"]
3347	"▁निर्मा"	["▁नि", "र्मा"]
3348	"▁కృ"	["▁", "కృ"]
3349	"▁we"	["▁w", "e"]
3350	"▁మంది"	["▁మం", "ది"]
3351	"▁బెంగా"	["▁బెం", "గా"]
3352	"▁influ"	["▁inf", "lu"]
3353	"చీన"	["చీ", "న"]
3354	"▁వారి"	["▁వా", "రి"]
3355	"▁కార్య"	["▁కా", "ర్య"]
3356	"ing,"	["ing", ","]
3357	"قت"	["ق", "ت"]
3358	"qual"	["qu", "al"]
3359	"తంత్ర"	["తం", "త్ర"]
3360	"▁28"	["▁2", "8"]
3361	"▁ریاست"	["▁ر", "یاست"]
3362	"▁మత"	["▁మ", "త"]
3363	"▁హై"	["▁", "హై"]
3364	"▁power"	["▁p", "ower"]
3365	"▁ప్రాచీన"	["▁ప్రా", "చీన"]
3366	"▁ప్రస్తుతం"	["▁ప్రస్తు", "తం"]
3367	"per"	["p", "er"]
3368	"▁ఆం"	["▁", "ఆం"]
3369	"▁గా"	["▁", "గా"]
3370	"▁వాతావ"	["▁వా", "తావ"]
3371	"dust"	["du", "st"]
3372	"▁trans"	["▁tr", "ans"]
3373	"▁हेतु"	["▁हे", "तु"]
3374	"▁ప్రాంతాలు"	["▁ప్రాంతా", "లు"]
3375	");"	[")", ";"]
3376	"▁పి"	["▁", "పి"]
3377	"▁చాలా"	["▁చా", "లా"]
3378	"ories"	["or", "ies"]
3379	"▁led"	["▁l", "ed"]
3380	"outher"	["ou", "ther"]
3381	"outhern"	["outher", "n"]
3382	"ual"	["u", "al"]
3383	"▁चा"	["▁", "चा"]
3384	"▁During"	["▁D", "uring"]
3385	"▁Ma"	["▁M", "a"]
3386	"బితా"	["బి", "తా"]
3387	"▁పద్ధ"	["▁ప", "ద్ధ"]
3388	"స్తాన్"	["స్తా", "న్"]
3389	"▁An"	["▁A", "n"]
3390	"काल"	["का", "ल"]
3391	"శానికి"	["శా", "నికి"]
3392	"ure."	["ure", "."]
3393	"▁ప్రధానమంత్రి"	["▁ప్రధాన", "మంత్రి"]
3394	"పాలి"	["పా", "లి"]
3395	"▁coast"	["▁co", "ast"]
3396	"2."	["2", "."]
3397	"▁రాజు"	["▁రా", "జు"]
3398	"▁జాబితా"	["▁జా", "బితా"]
3399	"▁కలిగి"	["▁కలి", "గి"]
3400	"▁men"	["▁m", "en"]
3401	"▁16"	["▁1", "6"]
3402	"▁మూడు"	["▁మూ", "డు"]
3403	"▁अंग्रे"	["▁अं", "ग्रे"]
3404	"▁decl"	["▁dec", "l"]
3405	"▁२००"	["▁२", "००"]
3406	"गर"	["ग", "र"]
3407	"▁people"	["▁pe", "ople"]
3408	"ined"	["in", "ed"]
3409	"సిన"	["సి", "న"]
3410	"ము."	["ము", "."]
3411	"▁ప్రారం"	["▁ప్రా", "రం"]
3412	"▁used"	["▁", "used"]
3413	"▁central"	["▁cent", "ral"]
3414	"▁एशिया"	["▁ए", "शिया"]
3415	"▁لیے"	["▁لی", "ے"]
3416	"▁185"	["▁18", "5"]
3417	"ards"	["ard", "s"]
3418	"रान्त"	["रा", "न्त"]
3419	"▁निर्वाच"	["▁निर्वा", "च"]
3420	"iss"	["is", "s"]
3421	"▁ऋ"	["▁", "ऋ"]
3422	"కాలు"	["కా", "లు"]
3423	"తున్న"	["తు", "న్న"]
3424	"శ్రమ"	["శ్ర", "మ"]
3425	"ism."	["ism", "."]
3426	"▁వాతావరణం"	["▁వాతావ", "రణం"]
3427	"▁గాం"	["▁", "గాం"]
3428	"▁southern"	["▁s", "outhern"]
3429	"▁स्थि"	["▁", "स्थि"]
3430	"▁Gu"	["▁G", "u"]
3431	"▁direct"	["▁d", "irect"]
3432	"లవు"	["ల", "వు"]
3433	"ran"	["r", "an"]
3434	"▁पाकि"	["▁पा", "कि"]
3435	"▁increased"	["▁increas", "ed"]
3436	"▁inv"	["▁in", "v"]
3437	"▁साम्रा"	["▁सा", "म्रा"]
3438	"▁కిం"	["▁", "కిం"]
3439	"▁प्राचीन"	["▁प्रा", "चीन"]
3440	"తులు"	["తు", "లు"]
3441	"▁occ"	["▁o", "cc"]
3442	"▁पाकिस्तान"	["▁पाकि", "स्तान"]
3443	"▁కొం"	["▁", "కొం"]
3444	"ٹی"	["ٹ", "ی"]
3445	"▁hum"	["▁h", "um"]
3446	"3,"	["3", ","]
3447	"national"	["n", "ational"]
3448	"▁سال"	["▁س", "ال"]
3449	"▁Company"	["▁Comp", "any"]
3450	"esh"	["es", "h"]
3451	"▁جس"	["▁ج", "س"]
3452	"▁ఆధా"	["▁ఆ", "ధా"]
3453	"▁లక్ష"	["▁ల", "క్ష"]
3454	"▁diff"	["▁d", "iff"]
3455	"▁కే"	["▁", "కే"]
3456	"▁Pak"	["▁P", "ak"]
3457	"▁(19"	["▁(", "19"]
3458	"▁बहुत"	["▁बहु", "त"]
3459	"▁పొం"	["▁", "పొం"]
3460	"▁కూడిన"	["▁కూ", "డిన"]
3461	"▁reform"	["▁ref", "orm"]
3462	"▁Pakistan"	["▁Pak", "istan"]
3463	"रम्भ"	["र", "म्भ"]
3464	"▁न्या"	["▁", "न्या"]
3465	"▁భారతదేశానికి"	["▁భారతదే", "శానికి"]
3466	"istic"	["ist", "ic"]
3467	"▁కుటుం"	["▁కు", "టుం"]
3468	"▁prime"	["▁pr", "ime"]
3469	"gen"	["g", "en"]
3470	"▁court"	["▁c", "ourt"]
3471	"▁भूमि"	["▁भू", "मि"]
3472	"▁زیا"	["▁ز", "یا"]
3473	"ified"	["if", "ied"]
3474	"▁१९९"	["▁१९", "९"]
3475	"roup"	["rou", "p"]
3476	"ly,"	["ly", ","]
3477	"ob"	["o", "b"]
3478	"ict"	["ic", "t"]
3479	"▁కోర్టు"	["▁కో", "ర్టు"]
3480	"▁కాంగ్రెసు"	["▁కాంగ్రె", "సు"]
3481	"టిలో"	["టి", "లో"]
3482	"▁his"	["▁h", "is"]
3483	"▁పశ్చి"	["▁ప", "శ్చి"]
3484	"▁వచ్చిన"	["▁వచ్చి", "న"]
3485	"▁زیادہ"	["▁زیا", "دہ"]
3486	"▁Act"	["▁A", "ct"]
3487	"ricult"	["ric", "ult"]
3488	"यन"	["य", "न"]
3489	"▁१९८"	["▁१९", "८"]
3490	"న,"	["న", ","]
3491	"బాద్"	["బా", "ద్"]
3492	"▁సభ్యు"	["▁స", "భ్యు"]
3493	"▁జం"	["▁", "జం"]
3494	"ity."	["ity", "."]
3495	"▁13"	["▁1", "3"]
3496	"ives"	["iv", "es"]
3497	"▁all"	["▁al", "l"]
3498	"▁ఎన్ను"	["▁ఎ", "న్ను"]
3499	"▁१९५"	["▁१९", "५"]
3500	"▁Cent"	["▁C", "ent"]
3501	"▁up"	["▁u", "p"]
3502	"ange"	["an", "ge"]
3503	"▁though"	["▁th", "ough"]
3504	"▁commun"	["▁comm", "un"]
3505	"मन्त्री"	["म", "न्त्री"]
3506	"▁మై"	["▁", "మై"]
3507	"ప్పటికీ"	["ప్పటి", "కీ"]
3508	"ven"	["v", "en"]
3509	"▁పరిశ్రమ"	["▁పరి", "శ్రమ"]
3510	"▁Chin"	["▁Ch", "in"]
3511	"▁पश्चि"	["▁प", "श्चि"]
3512	"▁ఆర్థి"	["▁ఆ", "ర్థి"]
3513	"▁Ar"	["▁A", "r"]
3514	"▁After"	["▁A", "fter"]
3515	"లు:"	["లు", ":"]
3516	"డానికి"	["డా", "నికి"]
3517	"▁support"	["▁supp", "ort"]
3518	"▁along"	["▁al", "ong"]
3519	"▁उपरान्त"	["▁उप", "रान्त"]
3520	"▁నడిపిం"	["▁నడి", "పిం"]
3521	"iet"	["i", "et"]
3522	"▁भाषाओं"	["▁भाषा", "ओं"]
3523	"▁కూడు"	["▁కూ", "డు"]
3524	"2,"	["2", ","]
3525	"اں"	["ا", "ں"]
3526	"▁مر"	["▁م", "ر"]
3527	"▁బ్రిటి"	["▁బ్రి", "టి"]
3528	"▁క్యా"	["▁", "క్యా"]
3529	"زی"	["ز", "ی"]
3530	"▁సంఖ్య"	["▁సం", "ఖ్య"]
3531	"▁డి"	["▁", "డి"]
3532	"▁dem"	["▁d", "em"]
3533	"▁sty"	["▁st", "y"]
3534	"▁agricult"	["▁ag", "ricult"]
3535	"भिन्न"	["भि", "न्न"]
3536	"▁ఇక్క"	["▁ఇ", "క్క"]
3537	"fore"	["f", "ore"]
3538	"▁సంఘ"	["▁సం", "ఘ"]
3539	"▁सै"	["▁", "सै"]
3540	"ificant"	["ific", "ant"]
3541	"▁prom"	["▁p", "rom"]
3542	"▁indust"	["▁in", "dust"]
3543	"▁ہی"	["▁ہ", "ی"]
3544	"تا"	["ت", "ا"]
3545	"లయా"	["ల", "యా"]
3546	"quent"	["qu", "ent"]
3547	"▁stre"	["▁st", "re"]
3548	"▁er"	["▁", "er"]
3549	"▁అంత"	["▁అం", "త"]
3550	"▁बढ़"	["▁ब", "ढ़"]
3551	"▁सेना"	["▁से", "ना"]
3552	"▁life"	["▁l", "ife"]
3553	"రస"	["ర", "స"]
3554	"▁నీ"	["▁", "నీ"]
3555	"▁अव"	["▁अ", "व"]
3556	"▁set"	["▁s", "et"]
3557	"ia,"	["i", "a,"]
3558	"▁اب"	["▁ا", "ب"]
3559	"▁century,"	["▁century", ","]
3560	"▁న్యా"	["▁", "న్యా"]
3561	"▁پاک"	["▁پ", "اک"]
3562	"▁ఉంటాయి."	["▁ఉంటా", "యి."]
3563	"ation,"	["ation", ","]
3564	"▁music"	["▁mus", "ic"]
3565	"igin"	["ig", "in"]
3566	"▁movement"	["▁mov", "ement"]
3567	"▁فر"	["▁ف", "ر"]
3568	"pl"	["p", "l"]
3569	"▁मुख्य"	["▁मु", "ख्य"]
3570	"▁ఉన్నారు."	["▁ఉ", "న్నారు."]
3571	"▁సంప్రదా"	["▁సం", "ప్రదా"]
3572	"▁ancient"	["▁an", "cient"]
3573	"▁طر"	["▁ط", "ر"]
3574	"ensive"	["ens", "ive"]
3575	"hat"	["h", "at"]
3576	"▁often"	["▁of", "ten"]
3577	"▁సంస్కృతి"	["▁సంస్కృ", "తి"]
3578	"ی۔"	["ی", "۔"]
3579	"▁تھے"	["▁تھ", "ے"]
3580	"▁शता"	["▁श", "ता"]
3581	"దన"	["ద", "న"]
3582	"▁surv"	["▁sur", "v"]
3583	"ngl"	["ng", "l"]
3584	"ions."	["ion", "s."]
3585	"▁majority"	["▁major", "ity"]
3586	"వారి"	["వా", "రి"]
3587	"▁mathem"	["▁mat", "hem"]
3588	"pid"	["p", "id"]
3589	"▁ద్వీ"	["▁", "ద్వీ"]
3590	"▁थे"	["▁", "थे"]
3591	"యంలో"	["యం", "లో"]
3592	"ion,"	["ion", ","]
3593	"▁కథ"	["▁క", "థ"]
3594	"ool"	["o", "ol"]
3595	"▁her"	["▁", "her"]
3596	"▁నుంచి"	["▁నుం", "చి"]
3597	"hip"	["hi", "p"]
3598	"▁బి"	["▁", "బి"]
3599	"▁న్యాయ"	["▁న్యా", "య"]
3600	"▁ओर"	["▁ओ", "र"]
3601	"▁హె"	["▁", "హె"]
3602	"▁cultural"	["▁cult", "ural"]
3603	"विधान"	["वि", "धान"]
3604	"▁थी।"	["▁थी", "।"]
3605	"ion."	["ion", "."]
3606	"▁made"	["▁m", "ade"]
3607	"▁whose"	["▁wh", "ose"]
3608	"▁शताब्दी"	["▁शता", "ब्दी"]
3609	"tic"	["t", "ic"]
3610	"▁ed"	["▁", "ed"]
3611	"व्यवस्था"	["व्यव", "स्था"]
3612	"शेष"	["शे", "ष"]
3613	"▁Engl"	["▁E", "ngl"]
3614	"ject"	["j", "ect"]
3615	"اف"	["ا", "ف"]
3616	"सित"	["सि", "त"]
3617	"ars"	["ar", "s"]
3618	"ature"	["at", "ure"]
3619	"▁min"	["▁m", "in"]
3620	"▁وہ"	["▁و", "ہ"]
3621	"▁మె"	["▁", "మె"]
3622	"▁no"	["▁n", "o"]
3623	"ies."	["ies", "."]
3624	"cl"	["c", "l"]
3625	"emb"	["em", "b"]
3626	".4"	[".", "4"]
3627	"▁Raj"	["▁R", "aj"]
3628	"arat"	["ar", "at"]
3629	"▁rain"	["▁ra", "in"]
3630	"▁federal"	["▁fed", "eral"]
3631	"▁ent"	["▁", "ent"]
3632	"though"	["th", "ough"]
3633	"▁ఢిల్లీ"	["▁", "ఢిల్లీ"]
3634	"ained"	["ain", "ed"]
3635	"▁తే"	["▁", "తే"]
3636	"▁grew"	["▁g", "rew"]
3637	"టక"	["ట", "క"]
3638	"▁ఓ"	["▁", "ఓ"]
3639	"▁यू"	["▁", "यू"]
3640	"ork"	["or", "k"]
3641	"▁Indo-"	["▁Ind", "o-"]
3642	"omet"	["om", "et"]
3643	"▁emerged"	["▁emerg", "ed"]
3644	"▁25"	["▁2", "5"]
3645	"chool"	["ch", "ool"]
3646	"▁టె"	["▁", "టె"]
3647	"▁based"	["▁bas", "ed"]
3648	"▁इन"	["▁इ", "न"]
3649	"▁बन"	["▁ब", "न"]
3650	"▁Indus"	["▁Ind", "us"]
3651	"▁Muslims"	["▁Muslim", "s"]
3652	"▁పాత్ర"	["▁పా", "త్ర"]
3653	"▁प्रकार"	["▁प्र", "कार"]
3654	"▁جنگ"	["▁جن", "گ"]
3655	"రు,"	["రు", ","]
3656	"రాయ"	["రా", "య"]
3657	"▁سر"	["▁س", "ر"]
3658	"▁Ganges"	["▁G", "anges"]
3659	"▁million,"	["▁million", ","]
3660	"▁CE,"	["▁CE", ","]
3661	"క్షరా"	["క్ష", "రా"]
3662	"▁में,"	["▁में", ","]
3663	"▁ప్రభుత్వ"	["▁ప్రభు", "త్వ"]
3664	"imalay"	["imal", "ay"]
3665	"▁act"	["▁a", "ct"]
3666	"▁English"	["▁Engl", "ish"]
3667	"స్తుంది."	["స్తుం", "ది."]
3668	"▁Himalay"	["▁H", "imalay"]
3669	"▁Sikhs"	["▁Sikh", "s"]
3670	"తి,"	["తి", ","]
3671	"▁193"	["▁19", "3"]
3672	"▁Se"	["▁S", "e"]
3673	"▁రచయి"	["▁రచ", "యి"]
3674	"▁تک"	["▁ت", "ک"]
3675	"▁राष्ट्रीय"	["▁रा", "ष्ट्रीय"]
3676	"▁حک"	["▁ح", "ک"]
3677	"▁शि"	["▁", "शि"]
3678	"ip"	["i", "p"]
3679	"ہور"	["ہ", "ور"]
3680	"▁cre"	["▁c", "re"]
3681	"▁కల"	["▁క", "ల"]
3682	"▁लग"	["▁ल", "ग"]
3683	"ren"	["re", "n"]
3684	"▁లేదా"	["▁లే", "దా"]
3685	"▁ఉంటుంది."	["▁ఉం", "టుంది."]
3686	"▁अथ"	["▁अ", "थ"]
3687	"▁ممال"	["▁م", "مال"]
3688	"▁can"	["▁c", "an"]
3689	"▁ఆక్ర"	["▁ఆ", "క్ర"]
3690	"▁ممالک"	["▁ممال", "ک"]
3691	"icial"	["ic", "ial"]
3692	"▁దూ"	["▁", "దూ"]
3693	"ris"	["r", "is"]
3694	"▁निर्माण"	["▁निर्मा", "ण"]
3695	"7,"	["7", ","]
3696	"▁emp"	["▁e", "mp"]
3697	"▁दशक"	["▁दश", "क"]
3698	"ग्रेस"	["ग्रे", "स"]
3699	"▁Re"	["▁R", "e"]
3700	"als"	["al", "s"]
3701	"▁group"	["▁g", "roup"]
3702	"▁cond"	["▁co", "nd"]
3703	"▁अथवा"	["▁अथ", "वा"]
3704	"द्वीप"	["द्वी", "प"]
3705	"oss"	["os", "s"]
3706	"▁طور"	["▁ط", "ور"]
3707	"యింది."	["యిం", "ది."]
3708	"▁తీ"	["▁", "తీ"]
3709	"▁feat"	["▁f", "eat"]
3710	"▁following"	["▁f", "ollowing"]
3711	"▁Y"	["▁", "Y"]
3712	"▁మాత్రం"	["▁మా", "త్రం"]
3713	"राज्य"	["रा", "ज्य"]
3714	"alle"	["al", "le"]
3715	"omm"	["om", "m"]
3716	"▁gra"	["▁g", "ra"]
3717	"▁మొదలైన"	["▁మొద", "లైన"]
3718	"▁రోడ్డు"	["▁రో", "డ్డు"]
3719	"duced"	["du", "ced"]
3720	"▁territ"	["▁ter", "rit"]
3721	"▁significant"	["▁sign", "ificant"]
3722	"తను"	["త", "ను"]
3723	"▁چھ"	["▁چ", "ھ"]
3724	"▁हुआ।"	["▁हुआ", "।"]
3725	"▁مذہ"	["▁مذ", "ہ"]
3726	"ched"	["c", "hed"]
3727	"తంగా"	["తం", "గా"]
3728	"cept"	["ce", "pt"]
3729	"انی"	["ان", "ی"]
3730	"▁پاکستان"	["▁پاک", "ستان"]
3731	"त्रीय"	["त्री", "य"]
3732	"ouse"	["ou", "se"]
3733	"ident"	["id", "ent"]
3734	"▁right"	["▁r", "ight"]
3735	"▁low"	["▁l", "ow"]
3736	"▁संविधान"	["▁सं", "विधान"]
3737	"▁పత"	["▁ప", "త"]
3738	"▁మండ"	["▁మం", "డ"]
3739	"ecially"	["ec", "ially"]
3740	"▁क्षेत्रीय"	["▁क्षे", "त्रीय"]
3741	"especially"	["esp", "ecially"]
3742	"▁wide"	["▁w", "ide"]
3743	"▁వంట"	["▁వం", "ట"]
3744	"▁liter"	["▁l", "iter"]
3745	"भग"	["भ", "ग"]
3746	"arn"	["ar", "n"]
3747	"▁పైగా"	["▁పై", "గా"]
3748	"▁established"	["▁establ", "ished"]
3749	"4,"	["4", ","]
3750	"اص"	["ا", "ص"]
3751	"▁Del"	["▁D", "el"]
3752	"▁especially"	["▁", "especially"]
3753	"▁प्रधानमन्त्री"	["▁प्रधान", "मन्त्री"]
3754	"▁ला"	["▁", "ला"]
3755	"▁three"	["▁th", "ree"]
3756	"క్షరాస్య"	["క్షరా", "స్య"]
3757	"ta"	["t", "a"]
3758	"▁fre"	["▁f", "re"]
3759	"201"	["20", "1"]
3760	"▁sm"	["▁s", "m"]
3761	"▁(A"	["▁(", "A"]
3762	"▁Europ"	["▁E", "urop"]
3763	"▁بڑی"	["▁بڑ", "ی"]
3764	"ext"	["ex", "t"]
3765	"▁ఎన్ని"	["▁ఎ", "న్ని"]
3766	"▁Islam"	["▁Isl", "am"]
3767	"▁రచయిత"	["▁రచయి", "త"]
3768	"క్షరాస్యత"	["క్షరాస్య", "త"]
3769	"యన"	["య", "న"]
3770	"inct"	["in", "ct"]
3771	"▁प्रदेश"	["▁प्र", "देश"]
3772	"కొని"	["కొ", "ని"]
3773	"minist"	["m", "inist"]
3774	"▁దేశాలలో"	["▁దేశా", "లలో"]
3775	"▁मान"	["▁मा", "न"]
3776	"▁పరిపా"	["▁పరి", "పా"]
3777	"▁పాలన"	["▁పా", "లన"]
3778	"రణంగా"	["రణం", "గా"]
3779	"eh"	["e", "h"]
3780	"sequent"	["se", "quent"]
3781	"▁Central"	["▁Cent", "ral"]
3782	"लन"	["ल", "न"]
3783	"ائے"	["ائ", "ے"]
3784	"▁بھارتی"	["▁بھارت", "ی"]
3785	"as."	["as", "."]
3786	"ax"	["a", "x"]
3787	"దు."	["దు", "."]
3788	"చ్చు."	["చ్చు", "."]
3789	"ann"	["an", "n"]
3790	"ital"	["it", "al"]
3791	"کہ"	["ک", "ہ"]
3792	"ھر"	["ھ", "ر"]
3793	"▁భారతదేశంలోని"	["▁భారతదేశం", "లోని"]
3794	"▁భారతదేశపు"	["▁భారతదేశ", "పు"]
3795	"▁గుర్తిం"	["▁గు", "ర్తిం"]
3796	"4%"	["4", "%"]
3797	"ecut"	["ec", "ut"]
3798	"▁creat"	["▁c", "reat"]
3799	"▁అధికారిక"	["▁అధికా", "రిక"]
3800	"దరా"	["ద", "రా"]
3801	"▁leading"	["▁lead", "ing"]
3802	"▁साम्राज्य"	["▁साम्रा", "ज्य"]
3803	"డర్"	["డ", "ర్"]
3804	"ల్,"	["ల్", ","]
3805	"▁fig"	["▁f", "ig"]
3806	"▁origin"	["▁or", "igin"]
3807	"▁సాంప్రదా"	["▁సాం", "ప్రదా"]
3808	"▁छो"	["▁", "छो"]
3809	"▁spread"	["▁sp", "read"]
3810	"pper"	["pp", "er"]
3811	"▁కి.మీ"	["▁కి", ".మీ"]
3812	"▁శాస్త్రం"	["▁శా", "స్త్రం"]
3813	"र्थिक"	["र्थि", "क"]
3814	"▁centur"	["▁cent", "ur"]
3815	"▁include"	["▁includ", "e"]
3816	"▁రకాల"	["▁రకా", "ల"]
3817	"▁సంబం"	["▁సం", "బం"]
3818	"▁गण"	["▁ग", "ण"]
3819	"▁early"	["▁e", "arly"]
3820	"اس"	["ا", "س"]
3821	"▁सु"	["▁", "सु"]
3822	"enins"	["en", "ins"]
3823	"▁आर्थिक"	["▁आ", "र्थिक"]
3824	"در"	["د", "ر"]
3825	"▁రాష్ట్రాల"	["▁రాష్ట్రా", "ల"]
3826	"ank"	["an", "k"]
3827	"▁forest"	["▁fore", "st"]
3828	"जाति"	["जा", "ति"]
3829	"▁sport"	["▁sp", "ort"]
3830	"कारी"	["का", "री"]
3831	"▁اف"	["▁ا", "ف"]
3832	"▁काल"	["▁का", "ल"]
3833	"▁Government"	["▁G", "overnment"]
3834	"▁rapid"	["▁ra", "pid"]
3835	"ale"	["al", "e"]
3836	"▁تو"	["▁ت", "و"]
3837	"ra,"	["ra", ","]
3838	"▁mid-"	["▁mid", "-"]
3839	"▁వారస"	["▁వా", "రస"]
3840	"ومت"	["وم", "ت"]
3841	"▁హి"	["▁", "హి"]
3842	"▁جم"	["▁ج", "م"]
3843	"▁సంగీతం"	["▁సంగీ", "తం"]
3844	"▁وج"	["▁و", "ج"]
3845	"▁పర్యా"	["▁ప", "ర్యా"]
3846	"ropical"	["rop", "ical"]
3847	"▁నిర్మిం"	["▁ని", "ర్మిం"]
3848	"▁زبانیں"	["▁زبان", "یں"]
3849	".5"	[".", "5"]
3850	"▁वे"	["▁", "वे"]
3851	"▁सर"	["▁स", "र"]
3852	"▁prot"	["▁pro", "t"]
3853	"▁comple"	["▁comp", "le"]
3854	"nown"	["n", "own"]
3855	"▁ధ"	["▁", "ధ"]
3856	"న్నది."	["న్న", "ది."]
3857	"చుకోవ"	["చు", "కోవ"]
3858	"▁१९७"	["▁१९", "७"]
3859	"▁Christians"	["▁Christ", "ians"]
3860	"▁penins"	["▁p", "enins"]
3861	"acted"	["act", "ed"]
3862	"▁कुछ"	["▁कु", "छ"]
3863	"▁ڈ"	["▁", "ڈ"]
3864	"▁far"	["▁f", "ar"]
3865	"▁न्याया"	["▁न्या", "या"]
3866	"मिल"	["मि", "ल"]
3867	"▁ఉండ"	["▁ఉం", "డ"]
3868	"▁unt"	["▁un", "t"]
3869	"▁resp"	["▁res", "p"]
3870	"రము"	["ర", "ము"]
3871	"పాలిత"	["పాలి", "త"]
3872	"నులు,"	["ను", "లు,"]
3873	"▁नेतृ"	["▁ने", "तृ"]
3874	"▁Hindus"	["▁Hind", "us"]
3875	"hes"	["he", "s"]
3876	"▁those"	["▁th", "ose"]
3877	"▁जनजाति"	["▁जन", "जाति"]
3878	"ath"	["at", "h"]
3879	"▁enacted"	["▁en", "acted"]
3880	"▁endem"	["▁end", "em"]
3881	"▁पश्चा"	["▁प", "श्चा"]
3882	"▁Plateau"	["▁Plate", "au"]
3883	"▁బెంగాలీ"	["▁బెంగా", "లీ"]
3884	"▁సర్వీ"	["▁స", "ర్వీ"]
3885	"▁control"	["▁cont", "rol"]
3886	"▁కేంద్రపాలిత"	["▁కేంద్ర", "పాలిత"]
3887	"yp"	["y", "p"]
3888	"▁ఘ"	["▁", "ఘ"]
3889	"▁Jains"	["▁J", "ains"]
3890	"▁య"	["▁", "య"]
3891	"▁పీ"	["▁", "పీ"]
3892	"స్వామ్య"	["స్వా", "మ్య"]
3893	"-b"	["-", "b"]
3894	"▁सैन्य"	["▁सै", "न्य"]
3895	"द्यपि"	["द्य", "पि"]
3896	"▁पश्चात"	["▁पश्चा", "त"]
3897	"बन्ध"	["ब", "न्ध"]
3898	"▁स्थित"	["▁स्थि", "त"]
3899	"▁పొ"	["▁", "పొ"]
3900	"▁यद्यपि"	["▁य", "द्यपि"]
3901	"▁largest"	["▁large", "st"]
3902	"▁1947,"	["▁1947", ","]
3903	"మతి"	["మ", "తి"]
3904	"vi"	["v", "i"]
3905	"▁پی"	["▁پ", "ی"]
3906	"▁सद"	["▁स", "द"]
3907	"▁శాస"	["▁శా", "స"]
3908	"వల"	["వ", "ల"]
3909	"దేశ్"	["దే", "శ్"]
3910	"land"	["l", "and"]
3911	".19"	[".", "19"]
3912	"▁div"	["▁d", "iv"]
3913	"▁పాక్"	["▁పా", "క్"]
3914	"▁భౌ"	["▁", "భౌ"]
3915	"భాగం"	["భా", "గం"]
3916	"▁సర్వీసు"	["▁సర్వీ", "సు"]
3917	"▁अति"	["▁अ", "ति"]
3918	"ళ్లను"	["ళ్ల", "ను"]
3919	"▁लगभग"	["▁लग", "भग"]
3920	"हर"	["ह", "र"]
3921	"▁great"	["▁g", "reat"]
3922	"▁50"	["▁5", "0"]
3923	"▁५"	["▁", "५"]
3924	"▁event"	["▁e", "vent"]
3925	"▁निर्वाचनों"	["▁निर्वाच", "नों"]
3926	"कॉंग्रेस"	["कॉं", "ग्रेस"]
3927	"▁गए"	["▁ग", "ए"]
3928	"طان"	["ط", "ان"]
3929	"రంగం"	["రం", "గం"]
3930	"▁نام"	["▁ن", "ام"]
3931	"▁जाती"	["▁जा", "ती"]
3932	"▁చారిత్ర"	["▁చా", "రిత్ర"]
3933	"قی"	["ق", "ی"]
3934	"▁rat"	["▁r", "at"]
3935	"ریک"	["ری", "ک"]
3936	"زیر"	["ز", "یر"]
3937	"युक्त"	["यु", "क्त"]
3938	"▁use"	["▁", "use"]
3939	"arian"	["ar", "ian"]
3940	"61"	["6", "1"]
3941	"तिहा"	["ति", "हा"]
3942	"▁విజ"	["▁వి", "జ"]
3943	"▁రహదారులు,"	["▁రహదారు", "లు,"]
3944	"నది"	["న", "ది"]
3945	"బాదు"	["బా", "దు"]
3946	"▁గం"	["▁", "గం"]
3947	"ron"	["r", "on"]
3948	"▁जै"	["▁", "जै"]
3949	"▁నాగ"	["▁నా", "గ"]
3950	"▁قب"	["▁ق", "ب"]
3951	"कास"	["का", "स"]
3952	"గణ"	["గ", "ణ"]
3953	"▁law"	["▁l", "aw"]
3954	"▁United"	["▁Un", "ited"]
3955	"▁स्त"	["▁", "स्त"]
3956	"ము,"	["ము", ","]
3957	"▁term"	["▁ter", "m"]
3958	"▁فوجی"	["▁فوج", "ی"]
3959	"▁ఎన్నిక"	["▁ఎన్ని", "క"]
3960	".1"	[".", "1"]
3961	"▁developed"	["▁develop", "ed"]
3962	"rem"	["re", "m"]
3963	".2"	[".", "2"]
3964	"▁dom"	["▁d", "om"]
3965	"▁برطان"	["▁بر", "طان"]
3966	"▁వాణి"	["▁వా", "ణి"]
3967	"▁विकास"	["▁वि", "कास"]
3968	"▁सम्ब"	["▁स", "म्ब"]
3969	"ably"	["ab", "ly"]
3970	"▁राष्ट्र"	["▁रा", "ष्ट्र"]
3971	"▁मो"	["▁", "मो"]
3972	"మాలు"	["మా", "లు"]
3973	"bal"	["b", "al"]
3974	"బడిన"	["బ", "డిన"]
3975	"▁నాలుగు"	["▁నా", "లుగు"]
3976	"▁గాంధీ"	["▁గాం", "ధీ"]
3977	"▁భాగం"	["▁భా", "గం"]
3978	"▁every"	["▁e", "very"]
3979	"▁కన్న"	["▁క", "న్న"]
3980	"vid"	["v", "id"]
3981	"▁tim"	["▁t", "im"]
3982	"▁And"	["▁A", "nd"]
3983	"▁29"	["▁2", "9"]
3984	"▁acc"	["▁ac", "c"]
3985	"علق"	["عل", "ق"]
3986	"▁become"	["▁bec", "ome"]
3987	"▁ముఖ్యమైన"	["▁ముఖ్య", "మైన"]
3988	"▁حکومت"	["▁حک", "ومت"]
3989	"وب"	["و", "ب"]
3990	"▁जिसमें"	["▁जिस", "में"]
3991	"▁హిందీ"	["▁హిం", "దీ"]
3992	"▁వ్యవసా"	["▁వ్యవ", "సా"]
3993	"▁differe"	["▁diff", "ere"]
3994	"ions,"	["ion", "s,"]
3995	"imately"	["im", "ately"]
3996	"▁దాదా"	["▁దా", "దా"]
3997	"▁."	["▁", "."]
3998	"▁ఆర్థిక"	["▁ఆర్థి", "క"]
3999	"▁educ"	["▁ed", "uc"]
4000	"rat"	["r", "at"]
4001	"ances"	["an", "ces"]
4002	"یات"	["یا", "ت"]
4003	"▁जब"	["▁ज", "ब"]
4004	"▁वर्षों"	["▁व", "र्षों"]
4005	"ward"	["w", "ard"]
4006	"మారు"	["మా", "రు"]
4007	"-p"	["-", "p"]
4008	"▁lower"	["▁l", "ower"]
4009	"రిగా"	["రి", "గా"]
4010	"जन"	["ज", "न"]
4011	"▁पूर्ण"	["▁पू", "र्ण"]
4012	"3%"	["3", "%"]
4013	"▁dev"	["▁de", "v"]
4014	"ence,"	["ence", ","]
4015	"ons"	["on", "s"]
4016	"▁క్రీ."	["▁క్రీ", "."]
4017	"▁Although"	["▁Al", "though"]
4018	"▁اپنے"	["▁اپ", "نے"]
4019	"▁पर्वत"	["▁पर्व", "त"]
4020	"మొద"	["మొ", "ద"]
4021	"▁ne"	["▁n", "e"]
4022	"▁పురు"	["▁పు", "రు"]
4023	"▁sect"	["▁s", "ect"]
4024	"लर"	["ल", "र"]
4025	"▁అన్ని"	["▁అ", "న్ని"]
4026	"▁మొట్ట"	["▁మొ", "ట్ట"]
4027	"اظ"	["ا", "ظ"]
4028	"▁భావి"	["▁భా", "వి"]
4029	"day"	["d", "ay"]
4030	"west"	["w", "est"]
4031	"▁رکھ"	["▁ر", "کھ"]
4032	"ruct"	["ru", "ct"]
4033	"▁తూ"	["▁", "తూ"]
4034	"isl"	["is", "l"]
4035	"▁చేసింది."	["▁చే", "సింది."]
4036	"▁प्राप्त"	["▁प्रा", "प्त"]
4037	"▁car"	["▁c", "ar"]
4038	"▁west"	["▁w", "est"]
4039	"▁आरम्भ"	["▁आ", "रम्भ"]
4040	"▁యా"	["▁", "యా"]
4041	"▁జీ"	["▁", "జీ"]
4042	"▁env"	["▁en", "v"]
4043	"▁Christian"	["▁Christ", "ian"]
4044	"ft"	["f", "t"]
4045	"▁अपने"	["▁अप", "ने"]
4046	"▁commer"	["▁com", "mer"]
4047	"▁హైదరా"	["▁హై", "దరా"]
4048	"శాఖ"	["శా", "ఖ"]
4049	"▁birth"	["▁bir", "th"]
4050	"రుపు"	["రు", "పు"]
4051	"రికా"	["రి", "కా"]
4052	"కుని"	["కు", "ని"]
4053	"స్,"	["స్", ","]
4054	"▁جاتا"	["▁جات", "ا"]
4055	"▁technology"	["▁techn", "ology"]
4056	"▁కార్యక్ర"	["▁కార్య", "క్ర"]
4057	"▁गणराज्य"	["▁गण", "राज्य"]
4058	"▁fund"	["▁f", "und"]
4059	"तन्त्र"	["त", "न्त्र"]
4060	"టర్ల"	["ట", "ర్ల"]
4061	"\","	["\"", ","]
4062	"شیا"	["ش", "یا"]
4063	"▁అవి"	["▁అ", "వి"]
4064	"▁priv"	["▁pr", "iv"]
4065	"o,"	["o", ","]
4066	"▁influen"	["▁influ", "en"]
4067	"▁अर्थ"	["▁अ", "र्थ"]
4068	"elf"	["el", "f"]
4069	"▁सेवा"	["▁से", "वा"]
4070	"▁arr"	["▁ar", "r"]
4071	"cy"	["c", "y"]
4072	"लित"	["लि", "त"]
4073	"▁ले"	["▁", "ले"]
4074	"ening"	["en", "ing"]
4075	"eograph"	["e", "ograph"]
4076	"▁ब्रि"	["▁", "ब्रि"]
4077	"▁اع"	["▁ا", "ع"]
4078	"▁చరిత్రలో"	["▁చరిత్ర", "లో"]
4079	"▁అమె"	["▁అ", "మె"]
4080	"▁جب"	["▁ج", "ب"]
4081	"▁administ"	["▁ad", "minist"]
4082	"▁legisl"	["▁leg", "isl"]
4083	"ا،"	["ا", "،"]
4084	"خت"	["خ", "ت"]
4085	"▁famil"	["▁fam", "il"]
4086	"ily"	["i", "ly"]
4087	"resent"	["res", "ent"]
4088	"دار"	["د", "ار"]
4089	"ording"	["ord", "ing"]
4090	"can"	["c", "an"]
4091	"▁క్యాలెం"	["▁క్యా", "లెం"]
4092	"0s,"	["0", "s,"]
4093	"▁మొట్టమొద"	["▁మొట్ట", "మొద"]
4094	"▁व्या"	["▁", "व्या"]
4095	"▁main"	["▁m", "ain"]
4096	"▁परमा"	["▁पर", "मा"]
4097	"▁राजनी"	["▁राज", "नी"]
4098	"▁మీద"	["▁మీ", "ద"]
4099	"▁lik"	["▁l", "ik"]
4100	"▁గ్రామంలో"	["▁గ్రామం", "లో"]
4101	"▁private"	["▁priv", "ate"]
4102	"చన"	["చ", "న"]
4103	"▁:"	["▁", ":"]
4104	"ory"	["or", "y"]
4105	"▁జనగణ"	["▁జన", "గణ"]
4106	"▁served"	["▁serv", "ed"]
4107	"▁eastern"	["▁east", "ern"]
4108	"▁వాణిజ్య"	["▁వాణి", "జ్య"]
4109	"▁బంగా"	["▁బం", "గా"]
4110	"▁స్థానంలో"	["▁స్థా", "నంలో"]
4111	"▁Ara"	["▁A", "ra"]
4112	"▁సౌకర్యాలు"	["▁సౌకర్యా", "లు"]
4113	"▁small"	["▁sm", "all"]
4114	"▁rise"	["▁r", "ise"]
4115	"▁result"	["▁res", "ult"]
4116	"itiz"	["it", "iz"]
4117	"▁execut"	["▁ex", "ecut"]
4118	"iev"	["ie", "v"]
4119	"▁परमाणु"	["▁परमा", "णु"]
4120	"▁slow"	["▁s", "low"]
4121	"لام"	["ل", "ام"]
4122	"▁३"	["▁", "३"]
4123	"▁before"	["▁be", "fore"]
4124	"▁upper"	["▁u", "pper"]
4125	"▁దాదాపు"	["▁దాదా", "పు"]
4126	"▁రంగా"	["▁", "రంగా"]
4127	"▁att"	["▁at", "t"]
4128	"▁(జ"	["▁(", "జ"]
4129	"▁shif"	["▁sh", "if"]
4130	"▁party"	["▁part", "y"]
4131	"తీయు"	["తీ", "యు"]
4132	"▁ईसा"	["▁ई", "सा"]
4133	"▁कॉंग्रेस"	["▁", "कॉंग्रेस"]
4134	"▁paint"	["▁p", "aint"]
4135	"▁vast"	["▁v", "ast"]
4136	"oast"	["o", "ast"]
4137	"▁middle"	["▁mid", "dle"]
4138	"▁دیا"	["▁د", "یا"]
4139	"▁around"	["▁a", "round"]
4140	"▁अर"	["▁अ", "र"]
4141	"ulpt"	["ul", "pt"]
4142	"▁स्थान"	["▁स्था", "न"]
4143	"▁رہا"	["▁رہ", "ا"]
4144	"aman"	["am", "an"]
4145	"▁వ్యాపా"	["▁వ్యా", "పా"]
4146	"▁తూర్పు"	["▁తూ", "ర్పు"]
4147	"itizens"	["itiz", "ens"]
4148	"▁జరుపు"	["▁జ", "రుపు"]
4149	"▁మొట్టమొదటి"	["▁మొట్టమొద", "టి"]
4150	"డతా"	["డ", "తా"]
4151	"▁sculpt"	["▁sc", "ulpt"]
4152	"రంగ"	["రం", "గ"]
4153	"▁Delhi"	["▁Del", "hi"]
4154	"▁వహిం"	["▁వ", "హిం"]
4155	"▁آز"	["▁آ", "ز"]
4156	"epend"	["ep", "end"]
4157	"▁democ"	["▁dem", "oc"]
4158	"▁సామా"	["▁సా", "మా"]
4159	"▁religions"	["▁relig", "ions"]
4160	"▁import"	["▁imp", "ort"]
4161	"▁cook"	["▁co", "ok"]
4162	"▁పురుషు"	["▁పురు", "షు"]
4163	"▁11"	["▁1", "1"]
4164	"▁Jain"	["▁J", "ain"]
4165	"af"	["a", "f"]
4166	"▁$"	["▁", "$"]
4167	"▁హా"	["▁", "హా"]
4168	"itt"	["it", "t"]
4169	"▁ఆహా"	["▁ఆ", "హా"]
4170	"-m"	["-", "m"]
4171	"ook"	["o", "ok"]
4172	"రావు"	["రా", "వు"]
4173	"▁کئی"	["▁ک", "ئی"]
4174	"▁ప్రజల"	["▁ప్రజ", "ల"]
4175	"ultanate"	["ultan", "ate"]
4176	"ided"	["id", "ed"]
4177	"దుగా"	["దు", "గా"]
4178	"▁about"	["▁ab", "out"]
4179	"▁Ghat"	["▁G", "hat"]
4180	"▁Buddhists"	["▁Buddh", "ists"]
4181	"چھ"	["چ", "ھ"]
4182	"▁peninsular"	["▁penins", "ular"]
4183	"▁پہلے"	["▁پہ", "لے"]
4184	"పెనీ"	["పె", "నీ"]
4185	"▁దూరంలో"	["▁దూ", "రంలో"]
4186	"▁समाज"	["▁समा", "ज"]
4187	"▁మౌ"	["▁", "మౌ"]
4188	"మైనది."	["మైన", "ది."]
4189	"०००"	["००", "०"]
4190	"▁నిర్వహిం"	["▁నిర్వ", "హిం"]
4191	"▁ప్రపంచంలో"	["▁ప్రపంచం", "లో"]
4192	"8."	["8", "."]
4193	"▁కలిసి"	["▁కలి", "సి"]
4194	"▁కంపెనీ"	["▁కం", "పెనీ"]
4195	"ers,"	["er", "s,"]
4196	"▁రెండవ"	["▁రెం", "డవ"]
4197	"▁human"	["▁hum", "an"]
4198	"▁so"	["▁s", "o"]
4199	"▁em"	["▁e", "m"]
4200	"లయ"	["ల", "య"]
4201	"▁పద"	["▁ప", "ద"]
4202	"▁arm"	["▁ar", "m"]
4203	"లాలు"	["లా", "లు"]
4204	"▁కేంద్రం"	["▁కేం", "ద్రం"]
4205	"نگ"	["ن", "گ"]
4206	"▁సే"	["▁", "సే"]
4207	"ویں"	["و", "یں"]
4208	"ళిక"	["ళి", "క"]
4209	"▁stat"	["▁st", "at"]
4210	"42"	["4", "2"]
4211	"▁इं"	["▁", "इं"]
4212	"▁National"	["▁N", "ational"]
4213	"सद"	["स", "द"]
4214	"اروں"	["ار", "وں"]
4215	"▁(మ"	["▁(", "మ"]
4216	"▁appro"	["▁app", "ro"]
4217	"▁اپنی"	["▁اپ", "نی"]
4218	"▁22"	["▁2", "2"]
4219	"▁प्रभा"	["▁प्र", "भा"]
4220	"k,"	["k", ","]
4221	"न,"	["न", ","]
4222	"▁تح"	["▁ت", "ح"]
4223	"abil"	["ab", "il"]
4224	"▁సాహి"	["▁సా", "హి"]
4225	"▁gener"	["▁gen", "er"]
4226	"▁ప్రసి"	["▁ప్ర", "సి"]
4227	"cript"	["c", "ript"]
4228	"▁పొందిన"	["▁పొం", "దిన"]
4229	"▁(B"	["▁(", "B"]
4230	"▁अरब"	["▁अर", "ब"]
4231	"సభ"	["స", "భ"]
4232	"▁గె"	["▁", "గె"]
4233	"▁నేపా"	["▁నే", "పా"]
4234	"ey"	["e", "y"]
4235	"▁independ"	["▁ind", "epend"]
4236	"▁వీటిలో"	["▁వీ", "టిలో"]
4237	"▁less"	["▁l", "ess"]
4238	"▁ఒకే"	["▁ఒ", "కే"]
4239	"▁فی"	["▁ف", "ی"]
4240	"وار"	["و", "ار"]
4241	"▁old"	["▁o", "ld"]
4242	"▁పర"	["▁ప", "ర"]
4243	"धुनिक"	["धु", "निक"]
4244	"urther"	["ur", "ther"]
4245	"▁These"	["▁The", "se"]
4246	"धीरे"	["धी", "रे"]
4247	"▁శాఖ"	["▁శా", "ఖ"]
4248	"▁భాషలు"	["▁భాష", "లు"]
4249	"▁नेतृत्व"	["▁नेतृ", "त्व"]
4250	"road"	["ro", "ad"]
4251	"▁ہوئی"	["▁ہو", "ئی"]
4252	"line"	["l", "ine"]
4253	"▁fa"	["▁f", "a"]
4254	"▁do"	["▁d", "o"]
4255	"▁ఉత్తరా"	["▁ఉత్త", "రా"]
4256	"▁pract"	["▁p", "ract"]
4257	"▁Af"	["▁A", "f"]
4258	"etic"	["et", "ic"]
4259	"17"	["1", "7"]
4260	"oun"	["ou", "n"]
4261	"थम"	["थ", "म"]
4262	"फल"	["फ", "ल"]
4263	"▁सी"	["▁", "सी"]
4264	"▁cr"	["▁c", "r"]
4265	"▁call"	["▁c", "all"]
4266	"▁विभिन्न"	["▁वि", "भिन्न"]
4267	"▁All"	["▁Al", "l"]
4268	"▁శాసన"	["▁శాస", "న"]
4269	"ember"	["em", "ber"]
4270	"▁حم"	["▁ح", "م"]
4271	"▁दोनों"	["▁दो", "नों"]
4272	"వలం"	["వ", "లం"]
4273	"▁us"	["▁", "us"]
4274	"४७"	["४", "७"]
4275	"▁स्वतन्त्र"	["▁स्व", "तन्त्र"]
4276	"▁being"	["▁be", "ing"]
4277	"ah"	["a", "h"]
4278	"शन"	["श", "न"]
4279	"వులు"	["వు", "లు"]
4280	"▁report"	["▁rep", "ort"]
4281	"▁पश्चिम"	["▁पश्चि", "म"]
4282	"▁दी"	["▁", "दी"]
4283	"ck"	["c", "k"]
4284	"▁رو"	["▁ر", "و"]
4285	"▁డా"	["▁", "డా"]
4286	"▁चु"	["▁", "चु"]
4287	"▁संस्कृति"	["▁संस्कृ", "ति"]
4288	"▁సె"	["▁", "సె"]
4289	"iron"	["ir", "on"]
4290	"▁place"	["▁pl", "ace"]
4291	"▁ఎం"	["▁", "ఎం"]
4292	"▁Pers"	["▁P", "ers"]
4293	"▁లోని"	["▁లో", "ని"]
4294	"▁దీని"	["▁దీ", "ని"]
4295	"కుంటారు."	["కుం", "టారు."]
4296	"▁late"	["▁l", "ate"]
4297	"▁సాంస్కృ"	["▁సాం", "స్కృ"]
4298	"▁کرنے"	["▁کر", "نے"]
4299	"▁पह"	["▁प", "ह"]
4300	"amm"	["am", "m"]
4301	"on,"	["on", ","]
4302	"▁ఉపయో"	["▁ఉప", "యో"]
4303	"बन्धन"	["बन्ध", "न"]
4304	"▁five"	["▁f", "ive"]
4305	"▁ప్రజలు"	["▁ప్రజ", "లు"]
4306	"▁मं"	["▁", "मं"]
4307	"ను,"	["ను", ","]
4308	"▁స్వతంత్ర"	["▁స్వ", "తంత్ర"]
4309	"▁Dec"	["▁D", "ec"]
4310	"▁care"	["▁ca", "re"]
4311	"गत"	["ग", "त"]
4312	"▁tax"	["▁t", "ax"]
4313	"▁تھا۔"	["▁تھ", "ا۔"]
4314	"reme"	["rem", "e"]
4315	"▁1956"	["▁195", "6"]
4316	"▁صدی"	["▁ص", "دی"]
4317	"▁took"	["▁to", "ok"]
4318	"▁अपनी"	["▁अप", "नी"]
4319	"▁సహ"	["▁స", "హ"]
4320	"▁संयुक्त"	["▁सं", "युक्त"]
4321	"▁1977"	["▁197", "7"]
4322	"▁రి"	["▁", "రి"]
4323	"ached"	["ac", "hed"]
4324	"▁ప్రతిపా"	["▁ప్రతి", "పా"]
4325	"▁earli"	["▁e", "arli"]
4326	"uch"	["u", "ch"]
4327	"▁te"	["▁t", "e"]
4328	"▁युद्ध"	["▁यु", "द्ध"]
4329	"▁పరిశ్రమలు"	["▁పరిశ్రమ", "లు"]
4330	"way"	["w", "ay"]
4331	"▁తరువాతి"	["▁తరువా", "తి"]
4332	"▁సాంస్కృతిక"	["▁సాంస్కృ", "తిక"]
4333	"म,"	["म", ","]
4334	"▁ذ"	["▁", "ذ"]
4335	"దేశ్‌"	["దే", "శ్‌"]
4336	"చాల"	["చా", "ల"]
4337	"▁सह"	["▁स", "ह"]
4338	"▁పలు"	["▁ప", "లు"]
4339	"rast"	["ra", "st"]
4340	"ief"	["ie", "f"]
4341	"▁పద్ధతి"	["▁పద్ధ", "తి"]
4342	"▁హిమా"	["▁హి", "మా"]
4343	"▁ब्रिटि"	["▁ब्रि", "टि"]
4344	"▁des"	["▁d", "es"]
4345	"▁దక్షిణాన"	["▁దక్షిణా", "న"]
4346	"▁సార"	["▁సా", "ర"]
4347	"▁international"	["▁inter", "national"]
4348	"రికత"	["రిక", "త"]
4349	"ansk"	["ans", "k"]
4350	"▁ప్రభుత్వా"	["▁ప్రభు", "త్వా"]
4351	"▁डॉ"	["▁", "डॉ"]
4352	"انے"	["ان", "ے"]
4353	"▁West"	["▁W", "est"]
4354	"▁ब्रिटिश"	["▁ब्रिटि", "श"]
4355	"मेरि"	["मे", "रि"]
4356	"▁recent"	["▁rec", "ent"]
4357	"▁घो"	["▁", "घो"]
4358	"▁జన్మ"	["▁జ", "న్మ"]
4359	"▁बाद"	["▁बा", "द"]
4360	"▁won"	["▁w", "on"]
4361	"▁تاری"	["▁ت", "اری"]
4362	"▁ముంబై"	["▁ముం", "బై"]
4363	"▁కేవలం"	["▁కే", "వలం"]
4364	"▁approx"	["▁appro", "x"]
4365	"anskrit"	["ansk", "rit"]
4366	"work"	["w", "ork"]
4367	"▁arch"	["▁ar", "ch"]
4368	"▁Its"	["▁It", "s"]
4369	"▁సర"	["▁స", "ర"]
4370	"ironment"	["iron", "ment"]
4371	"వరాలు"	["వ", "రాలు"]
4372	"▁కళా"	["▁క", "ళా"]
4373	"▁1991"	["▁199", "1"]
4374	"ending"	["end", "ing"]
4375	"▁protect"	["▁prot", "ect"]
4376	"▁time"	["▁t", "ime"]
4377	"▁من"	["▁م", "ن"]
4378	"▁ఇస్లా"	["▁ఇ", "స్లా"]
4379	"▁अमेरि"	["▁अ", "मेरि"]
4380	"▁contrib"	["▁cont", "rib"]
4381	"outheast"	["out", "heast"]
4382	"▁تاریخ"	["▁تاری", "خ"]
4383	"vol"	["v", "ol"]
4384	"▁టై"	["▁", "టై"]
4385	"▁Sanskrit"	["▁S", "anskrit"]
4386	"iqu"	["i", "qu"]
4387	"త్రిక"	["త్రి", "క"]
4388	"కరణ"	["క", "రణ"]
4389	"▁నాగరికత"	["▁నాగ", "రికత"]
4390	"bian"	["b", "ian"]
4391	"uct"	["u", "ct"]
4392	"वल"	["व", "ल"]
4393	"क्रम"	["क्र", "म"]
4394	"▁مح"	["▁م", "ح"]
4395	"▁తమిళ"	["▁తమి", "ళ"]
4396	"▁కింద"	["▁కిం", "ద"]
4397	"దని"	["ద", "ని"]
4398	"▁४"	["▁", "४"]
4399	"▁mak"	["▁m", "ak"]
4400	"▁market"	["▁mar", "ket"]
4401	"▁రాజ్యాం"	["▁రా", "జ్యాం"]
4402	"▁కాశ్మీ"	["▁కా", "శ్మీ"]
4403	"లంగా"	["లం", "గా"]
4404	"▁1951"	["▁195", "1"]
4405	"నుండి"	["నుం", "డి"]
4406	"స్త్రీయ"	["స్త్రీ", "య"]
4407	"▁approximately"	["▁approx", "imately"]
4408	"ہری"	["ہ", "ری"]
4409	"▁Z"	["▁", "Z"]
4410	"▁ऑ"	["▁", "ऑ"]
4411	"reak"	["re", "ak"]
4412	"▁environment"	["▁env", "ironment"]
4413	"ash"	["as", "h"]
4414	"▁बने"	["▁ब", "ने"]
4415	"డ్డాయి."	["డ్డా", "యి."]
4416	"▁విష"	["▁వి", "ష"]
4417	"▁States"	["▁St", "ates"]
4418	"वाद"	["वा", "द"]
4419	"▁partic"	["▁part", "ic"]
4420	"▁ఉపఖం"	["▁ఉప", "ఖం"]
4421	"▁servic"	["▁serv", "ic"]
4422	"బర్"	["బ", "ర్"]
4423	"▁reached"	["▁re", "ached"]
4424	"▁విద్యు"	["▁వి", "ద్యు"]
4425	"▁అధికార"	["▁అధికా", "ర"]
4426	"ratic"	["r", "atic"]
4427	"सभा"	["स", "भा"]
4428	"▁پید"	["▁پ", "ید"]
4429	"▁శాస్త్రీయ"	["▁శా", "స్త్రీయ"]
4430	"▁distinct"	["▁dist", "inct"]
4431	"the"	["t", "he"]
4432	"▁che"	["▁c", "he"]
4433	"▁different"	["▁differe", "nt"]
4434	"హణ"	["హ", "ణ"]
4435	"▁مط"	["▁م", "ط"]
4436	"▁తర్వా"	["▁త", "ర్వా"]
4437	"rought"	["rough", "t"]
4438	"▁عم"	["▁ع", "م"]
4439	"▁దేశానికి"	["▁దేశా", "నికి"]
4440	"▁common"	["▁comm", "on"]
4441	"▁subsequent"	["▁sub", "sequent"]
4442	"▁సామ్రాజ్యం"	["▁సామ్రా", "జ్యం"]
4443	"us,"	["us", ","]
4444	"▁ste"	["▁st", "e"]
4445	"illion"	["ill", "ion"]
4446	"కుల"	["కు", "ల"]
4447	"▁wid"	["▁w", "id"]
4448	"▁गठ"	["▁ग", "ठ"]
4449	"▁conduct"	["▁cond", "uct"]
4450	"▁स्तर"	["▁स्त", "र"]
4451	"▁brought"	["▁b", "rought"]
4452	"▁regions"	["▁reg", "ions"]
4453	"యిక"	["యి", "క"]
4454	"▁draw"	["▁dra", "w"]
4455	"gy"	["g", "y"]
4456	"▁दल"	["▁द", "ल"]
4457	"▁६"	["▁", "६"]
4458	"▁minor"	["▁min", "or"]
4459	"▁mathematic"	["▁mathem", "atic"]
4460	"▁eight"	["▁e", "ight"]
4461	"▁బంగ్లా"	["▁బం", "గ్లా"]
4462	"▁bu"	["▁b", "u"]
4463	"▁భారతీయు"	["▁భార", "తీయు"]
4464	"▁పర్వ"	["▁ప", "ర్వ"]
4465	"▁जिन"	["▁जि", "न"]
4466	"▁వైవి"	["▁వై", "వి"]
4467	"▁بہ"	["▁ب", "ہ"]
4468	"▁مغل"	["▁مغ", "ل"]
4469	"▁भूमिका"	["▁भूमि", "का"]
4470	"▁communities"	["▁commun", "ities"]
4471	"▁gradu"	["▁gra", "du"]
4472	"i)"	["i", ")"]
4473	"▁जल"	["▁ज", "ल"]
4474	"▁families"	["▁famil", "ies"]
4475	"▁विदे"	["▁वि", "दे"]
4476	"\"."	["\"", "."]
4477	"▁తమిళం"	["▁తమి", "ళం"]
4478	"▁extensive"	["▁ext", "ensive"]
4479	"షన్"	["ష", "న్"]
4480	"vere"	["v", "ere"]
4481	"▁సంకీ"	["▁సం", "కీ"]
4482	"▁طرح"	["▁طر", "ح"]
4483	"▁सर्वा"	["▁स", "र्वा"]
4484	"igration"	["ig", "ration"]
4485	"▁सामा"	["▁सा", "मा"]
4486	"▁languages"	["▁langu", "ages"]
4487	"▁వెబ్‌"	["▁వె", "బ్‌"]
4488	"▁लगा"	["▁ल", "गा"]
4489	"▁(2"	["▁(", "2"]
4490	"▁క్రీడలు"	["▁క్రీడ", "లు"]
4491	"▁like"	["▁lik", "e"]
4492	"غیر"	["غ", "یر"]
4493	"లాలు,"	["లా", "లు,"]
4494	"▁severe"	["▁se", "vere"]
4495	"▁creating"	["▁creat", "ing"]
4496	"▁four"	["▁f", "our"]
4497	"▁gar"	["▁g", "ar"]
4498	"▁लिया"	["▁लि", "या"]
4499	"▁बी"	["▁", "बी"]
4500	"▁ایشیا"	["▁ای", "شیا"]
4501	"▁చిత్ర"	["▁చి", "త్ర"]
4502	"▁republic"	["▁rep", "ublic"]
4503	"▁centuries"	["▁centur", "ies"]
4504	"SB"	["S", "B"]
4505	"मत"	["म", "त"]
4506	"లతో,"	["లతో", ","]
4507	"▁किन्तु"	["▁कि", "न्तु"]
4508	"▁నిర్వహణ"	["▁నిర్వ", "హణ"]
4509	"▁అమెరికా"	["▁అమె", "రికా"]
4510	"uar"	["u", "ar"]
4511	"▁ob"	["▁o", "b"]
4512	"▁పరంగా"	["▁ప", "రంగా"]
4513	"▁gend"	["▁g", "end"]
4514	"▁बड़ा"	["▁ब", "ड़ा"]
4515	"▁play"	["▁pl", "ay"]
4516	"ప్పటికీ,"	["ప్పటికీ", ","]
4517	"▁constitutional"	["▁con", "stitutional"]
4518	"▁traditions"	["▁tradition", "s"]
4519	"▁والے"	["▁وال", "ے"]
4520	"▁citizens"	["▁c", "itizens"]
4521	"▁Bang"	["▁B", "ang"]
4522	"▁విద్యా"	["▁వి", "ద్యా"]
4523	"amil"	["am", "il"]
4524	"▁executive"	["▁execut", "ive"]
4525	"▁భాగ"	["▁భా", "గ"]
4526	"SBN"	["SB", "N"]
4527	"▁దర్శ"	["▁ద", "ర్శ"]
4528	"▁దేశంగా"	["▁దేశం", "గా"]
4529	"▁సమాఖ్య"	["▁సమా", "ఖ్య"]
4530	"రప"	["ర", "ప"]
4531	"▁(0."	["▁(", "0."]
4532	"▁आधुनिक"	["▁आ", "धुनिक"]
4533	"▁వెబ్‌సై"	["▁వెబ్‌", "సై"]
4534	"▁ఫ"	["▁", "ఫ"]
4535	"uled"	["ul", "ed"]
4536	"▁जाते"	["▁जा", "ते"]
4537	"▁सिं"	["▁", "सिं"]
4538	"నవ"	["న", "వ"]
4539	"’s"	["’", "s"]
4540	"▁निभा"	["▁नि", "भा"]
4541	"▁تھے۔"	["▁تھ", "ے۔"]
4542	"▁represent"	["▁rep", "resent"]
4543	"ومی"	["وم", "ی"]
4544	"▁Hindi"	["▁Hind", "i"]
4545	"▁सर्वो"	["▁स", "र्वो"]
4546	"▁इसी"	["▁इ", "सी"]
4547	"▁parliamentary"	["▁parliament", "ary"]
4548	"andhi"	["and", "hi"]
4549	"▁బహుళ"	["▁బహు", "ళ"]
4550	"మాబాద్"	["మా", "బాద్"]
4551	"▁fl"	["▁f", "l"]
4552	"ouch"	["ou", "ch"]
4553	"यर"	["य", "र"]
4554	"▁Hinduism"	["▁Hindu", "ism"]
4555	"▁అంతర్జా"	["▁అంత", "ర్జా"]
4556	"▁ప్రతిపాదన"	["▁ప్రతిపా", "దన"]
4557	"ring"	["r", "ing"]
4558	"▁institutional"	["▁in", "stitutional"]
4559	"▁Am"	["▁A", "m"]
4560	"▁Gandhi"	["▁G", "andhi"]
4561	"▁Punjab,"	["▁Punjab", ","]
4562	"▁Andaman"	["▁And", "aman"]
4563	"▁Tamil"	["▁T", "amil"]
4564	"▁దక్షిణాసియా"	["▁దక్షిణా", "సియా"]
4565	"▁క్రి"	["▁", "క్రి"]
4566	"మిక"	["మి", "క"]
4567	"▁వెబ్‌సైటు"	["▁వెబ్‌సై", "టు"]
4568	"▁India’s"	["▁India", "’s"]
4569	"▁cas"	["▁c", "as"]
4570	"▁cap"	["▁c", "ap"]
4571	"▁near"	["▁n", "ear"]
4572	"▁रक्षा"	["▁र", "क्षा"]
4573	"▁వేగంగా"	["▁వే", "గంగా"]
4574	"▁تق"	["▁ت", "ق"]
4575	"▁పాలిం"	["▁పా", "లిం"]
4576	"▁కి.మీ."	["▁కి.మీ", "."]
4577	"▁రాష్ట్రాలు"	["▁రాష్ట్రా", "లు"]
4578	"hy"	["h", "y"]
4579	"లో,"	["లో", ","]
4580	"▁करना"	["▁कर", "ना"]
4581	"▁सू"	["▁", "सू"]
4582	"▁శె"	["▁", "శె"]
4583	"రించి"	["రిం", "చి"]
4584	"▁جیس"	["▁ج", "یس"]
4585	"emp"	["em", "p"]
4586	"▁था,"	["▁था", ","]
4587	"▁सकल"	["▁सक", "ल"]
4588	"ival"	["iv", "al"]
4589	"▁విభిన్న"	["▁వి", "భిన్న"]
4590	"▁జల"	["▁జ", "ల"]
4591	"▁char"	["▁ch", "ar"]
4592	"▁exper"	["▁exp", "er"]
4593	"▁تع"	["▁ت", "ع"]
4594	"▁భిన్న"	["▁", "భిన్న"]
4595	"▁दा"	["▁", "दा"]
4596	"▁lin"	["▁l", "in"]
4597	"▁ప్రజాస్వామ్య"	["▁ప్రజా", "స్వామ్య"]
4598	"iving"	["iv", "ing"]
4599	"aving"	["av", "ing"]
4600	"ological"	["olog", "ical"]
4601	"▁ప్రారంభిం"	["▁ప్రారం", "భిం"]
4602	"▁సంప్రదాయాలు"	["▁సంప్రదా", "యాలు"]
4603	"reen"	["re", "en"]
4604	"▁contin"	["▁cont", "in"]
4605	"▁పూర్తి"	["▁పూ", "ర్తి"]
4606	".ఎ"	[".", "ఎ"]
4607	"▁प्रथम"	["▁प्र", "थम"]
4608	"▁कोटि"	["▁को", "टि"]
4609	"▁సాంప్రదాయిక"	["▁సాంప్రదా", "యిక"]
4610	"▁who"	["▁wh", "o"]
4611	"وجود"	["وج", "ود"]
4612	"▁गठबन्धन"	["▁गठ", "बन्धन"]
4613	"▁po"	["▁p", "o"]
4614	"▁مسل"	["▁م", "سل"]
4615	"10"	["1", "0"]
4616	"మేన"	["మే", "న"]
4617	"▁జంబూ"	["▁జం", "బూ"]
4618	"स,"	["स", ","]
4619	"▁ప్రత్యే"	["▁ప్ర", "త్యే"]
4620	"▁మాత్ర"	["▁మా", "త్ర"]
4621	"▁animal"	["▁an", "imal"]
4622	"▁ఇక్కడ"	["▁ఇక్క", "డ"]
4623	"▁وجہ"	["▁وج", "ہ"]
4624	"▁బు"	["▁", "బు"]
4625	"▁(వె"	["▁(", "వె"]
4626	"▁उस"	["▁उ", "स"]
4627	"ظم"	["ظ", "م"]
4628	"▁సర్వీసులు"	["▁సర్వీసు", "లు"]
4629	"5."	["5", "."]
4630	"▁మనదేశం"	["▁మన", "దేశం"]
4631	"▁short"	["▁sh", "ort"]
4632	"▁పతకాలు"	["▁పత", "కాలు"]
4633	"గింది."	["గిం", "ది."]
4634	"▁మర"	["▁మ", "ర"]
4635	"▁इतिहा"	["▁इ", "तिहा"]
4636	"▁శాస్త్రం,"	["▁శాస్త్రం", ","]
4637	"▁ann"	["▁an", "n"]
4638	"▁నడిపించ"	["▁నడిపిం", "చ"]
4639	"ef"	["e", "f"]
4640	"తరం"	["త", "రం"]
4641	"▁stand"	["▁st", "and"]
4642	"▁ఇస్లామాబాద్"	["▁ఇస్లా", "మాబాద్"]
4643	"▁fact"	["▁f", "act"]
4644	"लिक"	["लि", "क"]
4645	"▁school"	["▁s", "chool"]
4646	"▁कह"	["▁क", "ह"]
4647	"▁कृ"	["▁", "कृ"]
4648	"पूर्ण"	["पू", "र्ण"]
4649	"▁bl"	["▁b", "l"]
4650	"▁పుట్టి"	["▁పు", "ట్టి"]
4651	"▁परिव"	["▁परि", "व"]
4652	"▁క్యాలెండర్"	["▁క్యాలెం", "డర్"]
4653	"▁సమీ"	["▁స", "మీ"]
4654	"▁గణ"	["▁గ", "ణ"]
4655	"▁రోజున"	["▁రోజు", "న"]
4656	"యోజ"	["యో", "జ"]
4657	"▁होती"	["▁हो", "ती"]
4658	"▁రైళ్లను"	["▁రై", "ళ్లను"]
4659	"▁హిందూదేశం"	["▁హిందూ", "దేశం"]
4660	"నుకటి"	["నుక", "టి"]
4661	"▁శెలవు"	["▁శె", "లవు"]
4662	"▁జై"	["▁", "జై"]
4663	"ara"	["ar", "a"]
4664	"ody"	["od", "y"]
4665	"▁(వెనుకటి"	["▁(వె", "నుకటి"]
4666	"▁इतिहास"	["▁इतिहा", "स"]
4667	"▁థా"	["▁", "థా"]
4668	"▁did"	["▁d", "id"]
4669	"▁जिसके"	["▁जिस", "के"]
4670	"▁స్వాతంత్ర్య"	["▁స్వాతం", "త్ర్య"]
4671	"धिक"	["धि", "क"]
4672	"▁At"	["▁A", "t"]
4673	"▁show"	["▁sh", "ow"]
4674	"▁known"	["▁k", "nown"]
4675	"जरा"	["ज", "रा"]
4676	"ర,"	["ర", ","]
4677	"డైన"	["డై", "న"]
4678	"▁సామాజి"	["▁సామా", "జి"]
4679	"▁आदि"	["▁आ", "दि"]
4680	"▁ہونے"	["▁ہو", "نے"]
4681	"టన"	["ట", "న"]
4682	"▁సంస్థ"	["▁సం", "స్థ"]
4683	"▁नदि"	["▁न", "दि"]
4684	"ries"	["r", "ies"]
4685	"▁లె"	["▁", "లె"]
4686	"er,"	["er", ","]
4687	"side"	["s", "ide"]
4688	"▁192"	["▁19", "2"]
4689	"▁دوس"	["▁د", "وس"]
4690	"▁ఏప్రి"	["▁ఏ", "ప్రి"]
4691	"▁علاقے"	["▁علاق", "ے"]
4692	"▁crit"	["▁c", "rit"]
4693	"▁हिमा"	["▁हि", "मा"]
4694	"▁స్త్రీ"	["▁", "స్త్రీ"]
4695	"▁now"	["▁n", "ow"]
4696	"▁విమా"	["▁వి", "మా"]
4697	"▁while"	["▁wh", "ile"]
4698	"▁भाग"	["▁भा", "ग"]
4699	"leg"	["le", "g"]
4700	"▁మంత్రి"	["▁మం", "త్రి"]
4701	"▁కంటే"	["▁కం", "టే"]
4702	"▁చారిత్రక"	["▁చారిత్ర", "క"]
4703	"दान"	["दा", "न"]
4704	"▁ఉన్నా"	["▁ఉ", "న్నా"]
4705	"35"	["3", "5"]
4706	"ti"	["t", "i"]
4707	"रिक्त"	["रि", "क्त"]
4708	"▁शक्ति"	["▁श", "क्ति"]
4709	"▁గోదా"	["▁గో", "దా"]
4710	"itud"	["it", "ud"]
4711	"▁where"	["▁w", "here"]
4712	"▁సముద్ర"	["▁సము", "ద్ర"]
4713	"▁अतिरिक्त"	["▁अति", "रिक्त"]
4714	"▁1,"	["▁1", ","]
4715	"▁విశ్వ"	["▁వి", "శ్వ"]
4716	"▁కను"	["▁క", "ను"]
4717	"▁పశ్చిమ"	["▁పశ్చి", "మ"]
4718	"شت"	["ش", "ت"]
4719	"▁करो"	["▁क", "रो"]
4720	"rated"	["r", "ated"]
4721	"گری"	["گ", "ری"]
4722	"یل"	["ی", "ل"]
4723	"▁मी"	["▁", "मी"]
4724	"▁బౌ"	["▁", "బౌ"]
4725	"▁سم"	["▁س", "م"]
4726	"▁వలన"	["▁వ", "లన"]
4727	"▁పాఠ"	["▁పా", "ఠ"]
4728	"నక"	["న", "క"]
4729	"దింది."	["దిం", "ది."]
4730	"al,"	["al", ","]
4731	"▁మాత్రమే"	["▁మాత్ర", "మే"]
4732	"9,"	["9", ","]
4733	"రి,"	["రి", ","]
4734	"وہ"	["و", "ہ"]
4735	"यास"	["या", "स"]
4736	"از"	["ا", "ز"]
4737	"चना"	["च", "ना"]
4738	"▁popular"	["▁popul", "ar"]
4739	"▁جیسے"	["▁جیس", "ے"]
4740	"dom"	["d", "om"]
4741	"▁pass"	["▁p", "ass"]
4742	"▁आधि"	["▁आ", "धि"]
4743	"▁Ass"	["▁As", "s"]
4744	"कारिक"	["का", "रिक"]
4745	"ining"	["in", "ing"]
4746	"6%"	["6", "%"]
4747	"حاظ"	["ح", "اظ"]
4748	"▁حال"	["▁ح", "ال"]
4749	"▁species"	["▁spec", "ies"]
4750	"▁="	["▁", "="]
4751	"ణాలు"	["ణా", "లు"]
4752	"▁Many"	["▁M", "any"]
4753	"▁عر"	["▁ع", "ر"]
4754	"▁रहे"	["▁र", "हे"]
4755	"▁ఏప్రిల్"	["▁ఏప్రి", "ల్"]
4756	"put"	["p", "ut"]
4757	"▁पी"	["▁", "पी"]
4758	"▁تھی۔"	["▁تھ", "ی۔"]
4759	"▁ప్రసిద్ధి"	["▁ప్రసి", "ద్ధి"]
4760	"▁మాట్లా"	["▁మా", "ట్లా"]
4761	"اہم"	["اہ", "م"]
4762	"form"	["f", "orm"]
4763	"وری"	["ور", "ی"]
4764	"▁2001"	["▁200", "1"]
4765	"loy"	["lo", "y"]
4766	"▁record"	["▁rec", "ord"]
4767	"కత్వం"	["క", "త్వం"]
4768	"తల"	["త", "ల"]
4769	"▁संस्कृत"	["▁संस्कृ", "त"]
4770	"▁तो"	["▁", "तो"]
4771	"▁down"	["▁d", "own"]
4772	"▁eff"	["▁e", "ff"]
4773	"▁stud"	["▁st", "ud"]
4774	"▁భూమి"	["▁భూ", "మి"]
4775	"▁experi"	["▁exper", "i"]
4776	"▁port"	["▁p", "ort"]
4777	"▁well"	["▁w", "ell"]
4778	"irm"	["ir", "m"]
4779	"▁नव"	["▁न", "व"]
4780	"eration"	["er", "ation"]
4781	"▁వద్ద"	["▁వ", "ద్ద"]
4782	"▁فیص"	["▁فی", "ص"]
4783	"han"	["h", "an"]
4784	"ది,"	["ది", ","]
4785	"▁రాజ్యం"	["▁రా", "జ్యం"]
4786	"▁ہے،"	["▁ہے", "،"]
4787	"▁یہاں"	["▁یہ", "اں"]
4788	"డి,"	["డి", ","]
4789	"alc"	["al", "c"]
4790	"▁civil"	["▁c", "ivil"]
4791	"▁اک"	["▁ا", "ک"]
4792	"▁Ap"	["▁A", "p"]
4793	"▁तमिल"	["▁त", "मिल"]
4794	"▁थे।"	["▁थे", "।"]
4795	"دا"	["د", "ا"]
4796	"करण"	["क", "रण"]
4797	"కుడు"	["కు", "డు"]
4798	"ened"	["en", "ed"]
4799	"▁दर"	["▁द", "र"]
4800	"▁या"	["▁", "या"]
4801	"▁انت"	["▁ان", "ت"]
4802	"వర్తి"	["వ", "ర్తి"]
4803	"▁init"	["▁in", "it"]
4804	"orn"	["or", "n"]
4805	"▁official"	["▁off", "icial"]
4806	"▁లా"	["▁", "లా"]
4807	"వేత్త"	["వే", "త్త"]
4808	"▁intro"	["▁int", "ro"]
4809	"యక"	["య", "క"]
4810	"stant"	["st", "ant"]
4811	"సము"	["స", "ము"]
4812	"▁lo"	["▁l", "o"]
4813	"▁remain"	["▁rem", "ain"]
4814	"▁مذہبی"	["▁مذہ", "بی"]
4815	"▁నియ"	["▁ని", "య"]
4816	"टन"	["ट", "न"]
4817	"یب"	["ی", "ب"]
4818	"ings"	["ing", "s"]
4819	"▁languag"	["▁langu", "ag"]
4820	"▁అంతర్జాతీయ"	["▁అంతర్జా", "తీయ"]
4821	"▁స్థి"	["▁", "స్థి"]
4822	"▁came"	["▁c", "ame"]
4823	"▁اہ"	["▁ا", "ہ"]
4824	"ler"	["l", "er"]
4825	"▁نی"	["▁ن", "ی"]
4826	"ure,"	["ure", ","]
4827	"▁55"	["▁5", "5"]
4828	"erved"	["erv", "ed"]
4829	"▁مشر"	["▁مش", "ر"]
4830	"ergy"	["er", "gy"]
4831	"▁parts"	["▁part", "s"]
4832	"0s"	["0", "s"]
4833	"▁वै"	["▁", "वै"]
4834	"▁दृ"	["▁", "दृ"]
4835	"न्होंने"	["न्हों", "ने"]
4836	"▁మహి"	["▁మ", "హి"]
4837	"▁industry"	["▁indust", "ry"]
4838	"has"	["h", "as"]
4839	"▁qu"	["▁", "qu"]
4840	"ingdom"	["ing", "dom"]
4841	"lobal"	["lo", "bal"]
4842	"▁created"	["▁cre", "ated"]
4843	"eas"	["e", "as"]
4844	"isc"	["is", "c"]
4845	"▁కారణంగా"	["▁కా", "రణంగా"]
4846	"ample"	["amp", "le"]
4847	"ally,"	["ally", ","]
4848	"▁Persian"	["▁Pers", "ian"]
4849	"▁प्ले"	["▁", "प्ले"]
4850	"బాటు"	["బా", "టు"]
4851	"▁Mid"	["▁M", "id"]
4852	"wn"	["w", "n"]
4853	"قو"	["ق", "و"]
4854	"▁further"	["▁f", "urther"]
4855	"▁భాషా"	["▁భా", "షా"]
4856	"▁تج"	["▁ت", "ج"]
4857	"▁societ"	["▁soc", "iet"]
4858	"▁రాజ్య"	["▁రా", "జ్య"]
4859	"▁شاہ"	["▁ش", "اہ"]
4860	"lied"	["li", "ed"]
4861	"▁pers"	["▁p", "ers"]
4862	"▁dep"	["▁de", "p"]
4863	"▁కన్నడ"	["▁కన్న", "డ"]
4864	"పాడు"	["పా", "డు"]
4865	"డండి"	["డం", "డి"]
4866	"ats"	["at", "s"]
4867	"స్తాయి."	["స్తా", "యి."]
4868	"estic"	["est", "ic"]
4869	"▁తిరుగు"	["▁తి", "రుగు"]
4870	"eous"	["e", "ous"]
4871	"▁Bra"	["▁B", "ra"]
4872	"anged"	["ang", "ed"]
4873	"acy"	["ac", "y"]
4874	"▁access"	["▁ac", "cess"]
4875	"▁स्थाप"	["▁स्था", "प"]
4876	"▁consid"	["▁cons", "id"]
4877	"cast"	["c", "ast"]
4878	"ను."	["ను", "."]
4879	"er."	["er", "."]
4880	"▁35"	["▁3", "5"]
4881	"▁China"	["▁Chin", "a"]
4882	"▁employ"	["▁emp", "loy"]
4883	"▁stage"	["▁st", "age"]
4884	"▁Gree"	["▁G", "ree"]
4885	"▁घ"	["▁", "घ"]
4886	"▁ప్రత్యేక"	["▁ప్రత్యే", "క"]
4887	"▁lay"	["▁l", "ay"]
4888	"▁آر"	["▁آ", "ر"]
4889	"▁features"	["▁feat", "ures"]
4890	"▁జనగణన"	["▁జనగణ", "న"]
4891	"▁దు"	["▁", "దు"]
4892	"onial"	["on", "ial"]
4893	"ed,"	["ed", ","]
4894	"▁నెల"	["▁నె", "ల"]
4895	"▁تعلق"	["▁ت", "علق"]
4896	"▁उन्हें"	["▁उ", "न्हें"]
4897	"▁डॉलर"	["▁डॉ", "लर"]
4898	"▁Middle"	["▁Mid", "dle"]
4899	"मन"	["म", "न"]
4900	"పరి"	["ప", "రి"]
4901	"اصل"	["اص", "ل"]
4902	"7%"	["7", "%"]
4903	"▁ہت"	["▁ہ", "ت"]
4904	"▁बहुमत"	["▁बहु", "मत"]
4905	"▁కిలో"	["▁కి", "లో"]
4906	"▁చూడండి"	["▁చూ", "డండి"]
4907	"▁sol"	["▁s", "ol"]
4908	"arch"	["ar", "ch"]
4909	"▁ఆఫ్"	["▁ఆ", "ఫ్"]
4910	"▁eventually"	["▁event", "ually"]
4911	"▁వరకు"	["▁వ", "రకు"]
4912	"▁economy"	["▁econom", "y"]
4913	"▁बार"	["▁बा", "र"]
4914	"▁winter"	["▁win", "ter"]
4915	"▁प्लेट"	["▁प्ले", "ट"]
4916	"–2"	["–", "2"]
4917	"▁global"	["▁g", "lobal"]
4918	"▁commercial"	["▁commer", "cial"]
4919	"రాజ"	["రా", "జ"]
4920	"▁अस"	["▁अ", "स"]
4921	"▁ముస్లిం"	["▁ము", "స్లిం"]
4922	"ible"	["ib", "le"]
4923	"▁कार्यकाल"	["▁कार्य", "काल"]
4924	"کن"	["ک", "ن"]
4925	"పబ"	["ప", "బ"]
4926	"ilm"	["il", "m"]
4927	"▁పాలకు"	["▁పా", "లకు"]
4928	"▁War"	["▁W", "ar"]
4929	"-w"	["-", "w"]
4930	"tern"	["ter", "n"]
4931	"▁صدر"	["▁ص", "در"]
4932	"▁పండుగలు"	["▁పండు", "గలు"]
4933	"mb"	["m", "b"]
4934	"▁मे"	["▁", "मे"]
4935	"▁saw"	["▁s", "aw"]
4936	"▁30"	["▁3", "0"]
4937	"▁break"	["▁b", "reak"]
4938	"▁Histor"	["▁H", "istor"]
4939	"▁१९४७"	["▁१९", "४७"]
4940	"▁resulting"	["▁result", "ing"]
4941	"oming"	["om", "ing"]
4942	"▁only"	["▁on", "ly"]
4943	"▁second"	["▁sec", "ond"]
4944	"▁below"	["▁bel", "ow"]
4945	"▁Ad"	["▁A", "d"]
4946	"▁Comm"	["▁C", "omm"]
4947	"▁बड़े"	["▁ब", "ड़े"]
4948	"▁బ్రిటిష్"	["▁బ్రిటి", "ష్"]
4949	"▁గ్రం"	["▁", "గ్రం"]
4950	"▁است"	["▁اس", "ت"]
4951	"32"	["3", "2"]
4952	"edom"	["ed", "om"]
4953	"▁billion"	["▁b", "illion"]
4954	"▁1971"	["▁197", "1"]
4955	"▁गं"	["▁", "गं"]
4956	"▁చేసు"	["▁చే", "సు"]
4957	"▁मिल"	["▁मि", "ल"]
4958	"▁earliest"	["▁earli", "est"]
4959	"▁జో"	["▁", "జో"]
4960	"▁مسی"	["▁م", "سی"]
4961	"▁اسی"	["▁اس", "ی"]
4962	"iverse"	["iver", "se"]
4963	"▁दिया।"	["▁दिया", "।"]
4964	"▁world's"	["▁world", "'s"]
4965	"jo"	["j", "o"]
4966	"वरी"	["व", "री"]
4967	"ision"	["is", "ion"]
4968	"▁با"	["▁ب", "ا"]
4969	"▁మూలాలు"	["▁మూ", "లాలు"]
4970	"▁امریک"	["▁ام", "ریک"]
4971	"▁बं"	["▁", "बं"]
4972	"రాలు,"	["రా", "లు,"]
4973	"ic,"	["ic", ","]
4974	"▁सङ्घ"	["▁स", "ङ्घ"]
4975	"▁Southeast"	["▁S", "outheast"]
4976	"▁rock"	["▁ro", "ck"]
4977	"▁historical"	["▁histor", "ical"]
4978	"▁sector"	["▁sect", "or"]
4979	"▁Valle"	["▁V", "alle"]
4980	"▁करता"	["▁कर", "ता"]
4981	"▁expand"	["▁exp", "and"]
4982	"▁marri"	["▁mar", "ri"]
4983	"▁జనవరి"	["▁జన", "వరి"]
4984	"▁longer"	["▁long", "er"]
4985	"▁streng"	["▁stre", "ng"]
4986	"▁مسیح"	["▁مسی", "ح"]
4987	"-k"	["-", "k"]
4988	"द्योगि"	["द्यो", "गि"]
4989	"▁गई"	["▁ग", "ई"]
4990	"▁territories"	["▁territ", "ories"]
4991	"▁Afric"	["▁Af", "ric"]
4992	"రులు"	["రు", "లు"]
4993	"ingly"	["ing", "ly"]
4994	"▁house"	["▁h", "ouse"]
4995	"004"	["00", "4"]
4996	"▁की।"	["▁की", "।"]
4997	"▁مغرب"	["▁مغ", "رب"]
4998	"▁మార్గం"	["▁మా", "ర్గం"]
4999	"▁constitution"	["▁con", "stitution"]
5000	"▁significantly"	["▁significant", "ly"]
5001	"▁standards"	["▁stand", "ards"]
5002	"▁dry"	["▁d", "ry"]
5003	"▁جوہری"	["▁جو", "ہری"]
5004	"▁آزادی"	["▁آز", "ادی"]
5005	"oor"	["o", "or"]
5006	"కరిం"	["క", "రిం"]
5007	"లస"	["ల", "స"]
5008	"▁ret"	["▁re", "t"]
5009	"ide,"	["ide", ","]
5010	"ہر"	["ہ", "ر"]
5011	"stan"	["st", "an"]
5012	"▁wild"	["▁w", "ild"]
5013	"▁They"	["▁The", "y"]
5014	"▁threat"	["▁th", "reat"]
5015	"▁साम"	["▁सा", "म"]
5016	"▁substant"	["▁sub", "stant"]
5017	"▁supported"	["▁support", "ed"]
5018	"▁భౌగో"	["▁భౌ", "గో"]
5019	"▁Among"	["▁A", "mong"]
5020	"▁మరో"	["▁మ", "రో"]
5021	"ds"	["d", "s"]
5022	"लीन"	["ली", "न"]
5023	"కుండా"	["కుం", "డా"]
5024	"▁empire"	["▁e", "mpire"]
5025	"▁traditionally"	["▁tradition", "ally"]
5026	"▁Buddhist"	["▁Buddh", "ist"]
5027	"▁freedom"	["▁fre", "edom"]
5028	"▁wear"	["▁w", "ear"]
5029	"▁उनके"	["▁उन", "के"]
5030	"lad"	["l", "ad"]
5031	"▁ine"	["▁in", "e"]
5032	"▁wa"	["▁w", "a"]
5033	"▁وزیر"	["▁و", "زیر"]
5034	"▁fundament"	["▁fund", "ament"]
5035	"▁کچھ"	["▁ک", "چھ"]
5036	"ute"	["ut", "e"]
5037	"back"	["b", "ack"]
5038	"▁bal"	["▁b", "al"]
5039	"▁అందు"	["▁అం", "దు"]
5040	"▁चार"	["▁चा", "र"]
5041	"ئے۔"	["ئ", "ے۔"]
5042	"ٹر"	["ٹ", "ر"]
5043	"యన్"	["య", "న్"]
5044	"▁Geograph"	["▁G", "eograph"]
5045	"▁సినిమాలు"	["▁సినిమా", "లు"]
5046	"▁faith"	["▁fa", "ith"]
5047	"book"	["b", "ook"]
5048	"tt"	["t", "t"]
5049	"▁‘"	["▁", "‘"]
5050	"▁స్వీ"	["▁", "స్వీ"]
5051	"▁یا"	["▁", "یا"]
5052	"ing."	["ing", "."]
5053	"▁species,"	["▁spec", "ies,"]
5054	"▁There"	["▁The", "re"]
5055	"▁coal"	["▁co", "al"]
5056	"▁కాంగ్రెస్"	["▁కాంగ్రె", "స్"]
5057	"▁rapidly"	["▁rapid", "ly"]
5058	"▁విద్యుత్"	["▁విద్యు", "త్"]
5059	"▁ఆసియా"	["▁ఆ", "సియా"]
5060	"▁కిలోమీ"	["▁కిలో", "మీ"]
5061	"lect"	["l", "ect"]
5062	"▁diversity"	["▁d", "iversity"]
5063	"▁తక్కువ"	["▁త", "క్కువ"]
5064	"▁తెలంగా"	["▁తె", "లంగా"]
5065	"▁fundamental"	["▁fundament", "al"]
5066	"డమ"	["డ", "మ"]
5067	"▁migration"	["▁m", "igration"]
5068	"▁administration"	["▁administ", "ration"]
5069	"viol"	["vi", "ol"]
5070	"▁gender"	["▁gend", "er"]
5071	"▁భాగా"	["▁భా", "గా"]
5072	"▁Kas"	["▁K", "as"]
5073	"ला,"	["ला", ","]
5074	"▁संघ"	["▁सं", "घ"]
5075	"చబడింది."	["చబ", "డింది."]
5076	"▁క్రీ.పూ"	["▁క్రీ.", "పూ"]
5077	"▁Kashm"	["▁Kas", "hm"]
5078	"رت"	["ر", "ت"]
5079	"▁Prad"	["▁P", "rad"]
5080	"aced"	["ac", "ed"]
5081	"▁انگری"	["▁ان", "گری"]
5082	"▁union"	["▁un", "ion"]
5083	"▁جمہور"	["▁جم", "ہور"]
5084	"▁Kashmir"	["▁Kashm", "ir"]
5085	"▁نظ"	["▁ن", "ظ"]
5086	"▁spending"	["▁sp", "ending"]
5087	"▁క్రీడా"	["▁క్రీ", "డా"]
5088	"▁census,"	["▁census", ","]
5089	"▁Brahm"	["▁Bra", "hm"]
5090	"▁inequal"	["▁ine", "qual"]
5091	"▁Pradesh"	["▁Prad", "esh"]
5092	"▁back"	["▁b", "ack"]
5093	"ock"	["oc", "k"]
5094	"▁rule."	["▁rul", "e."]
5095	"ibet"	["ib", "et"]
5096	"▁reforms"	["▁reform", "s"]
5097	"▁बो"	["▁", "बो"]
5098	"चित"	["चि", "त"]
5099	"▁गति"	["▁ग", "ति"]
5100	"▁plate"	["▁pl", "ate"]
5101	"▁माध्य"	["▁मा", "ध्य"]
5102	"harat"	["har", "at"]
5103	"▁Zor"	["▁Z", "or"]
5104	"40"	["4", "0"]
5105	"ములు"	["ము", "లు"]
5106	"పోయింది."	["పో", "యింది."]
5107	"ark"	["ar", "k"]
5108	"▁gap"	["▁g", "ap"]
5109	"▁prince"	["▁pr", "ince"]
5110	"▁పరిపాలన"	["▁పరిపా", "లన"]
5111	"oastr"	["oast", "r"]
5112	"▁democratic"	["▁democ", "ratic"]
5113	"▁دوسر"	["▁دوس", "ر"]
5114	"▁Zoroastr"	["▁Zor", "oastr"]
5115	"▁Tibet"	["▁T", "ibet"]
5116	"ندھ"	["ند", "ھ"]
5117	"స్తున్నారు."	["స్తు", "న్నారు."]
5118	"aksh"	["ak", "sh"]
5119	"اقت"	["اق", "ت"]
5120	"jarat"	["j", "arat"]
5121	"▁కాలే"	["▁కా", "లే"]
5122	"▁Gujarat"	["▁Gu", "jarat"]
5123	"▁Deccan"	["▁Dec", "can"]
5124	"▁Neh"	["▁N", "eh"]
5125	"▁1951,"	["▁195", "1,"]
5126	"ما"	["م", "ا"]
5127	"▁బీ"	["▁", "బీ"]
5128	"▁گئی"	["▁گ", "ئی"]
5129	"▁1962"	["▁196", "2"]
5130	"▁Nehru"	["▁Neh", "ru"]
5131	"▁Bharat"	["▁B", "harat"]
5132	"▁princely"	["▁prince", "ly"]
5133	"▁७"	["▁", "७"]
5134	"రామ"	["రా", "మ"]
5135	"▁Fact"	["▁F", "act"]
5136	".7%),"	[".7", "%),"]
5137	"▁ఆలయం"	["▁ఆ", "లయం"]
5138	"▁జూ"	["▁", "జూ"]
5139	"▁जाति"	["▁जा", "ति"]
5140	"soon"	["so", "on"]
5141	"▁పాఠశాల"	["▁పాఠ", "శాల"]
5142	"त्येक"	["त्ये", "क"]
5143	"▁प्रत्येक"	["▁प्र", "त्येक"]
5144	"▁१५"	["▁१", "५"]
5145	"▁अंग्रेजी"	["▁अंग्रे", "जी"]
5146	"▁करोड़"	["▁करो", "ड़"]
5147	"▁would"	["▁w", "ould"]
5148	"ai"	["a", "i"]
5149	"▁ऐ"	["▁", "ऐ"]
5150	"▁व्यवस्था"	["▁", "व्यवस्था"]
5151	"▁పరీ"	["▁ప", "రీ"]
5152	"oci"	["oc", "i"]
5153	"▁prog"	["▁pro", "g"]
5154	"91"	["9", "1"]
5155	"దేశీ"	["దే", "శీ"]
5156	"▁బ్రిటీ"	["▁బ్రి", "టీ"]
5157	"▁छ"	["▁", "छ"]
5158	"▁చం"	["▁", "చం"]
5159	"లువ"	["లు", "వ"]
5160	"ata"	["at", "a"]
5161	"▁అర"	["▁అ", "ర"]
5162	"ants"	["ant", "s"]
5163	"बर"	["ब", "र"]
5164	"▁He"	["▁H", "e"]
5165	"امل"	["ام", "ل"]
5166	"▁వృ"	["▁", "వృ"]
5167	"▁spe"	["▁sp", "e"]
5168	"▁Factbook"	["▁Fact", "book"]
5169	"4."	["4", "."]
5170	"▁str"	["▁st", "r"]
5171	"▁युग"	["▁यु", "ग"]
5172	"▁आधिकारिक"	["▁आधि", "कारिक"]
5173	"وبی"	["و", "بی"]
5174	"చించిన"	["చిం", "చిన"]
5175	"▁much"	["▁m", "uch"]
5176	"▁ऊँ"	["▁", "ऊँ"]
5177	"వులు,"	["వు", "లు,"]
5178	"ug"	["u", "g"]
5179	"وسی"	["و", "سی"]
5180	"▁حص"	["▁ح", "ص"]
5181	"▁انڈ"	["▁ان", "ڈ"]
5182	"▁కొత్త"	["▁కొ", "త్త"]
5183	"▁చెప్పు"	["▁చె", "ప్పు"]
5184	"▁व्यापा"	["▁व्या", "पा"]
5185	"హార"	["హా", "ర"]
5186	"▁cur"	["▁c", "ur"]
5187	"▁تم"	["▁ت", "م"]
5188	"నా,"	["నా", ","]
5189	"ధించిన"	["ధిం", "చిన"]
5190	"▁کم"	["▁ک", "م"]
5191	"▁నాటి"	["▁నా", "టి"]
5192	"-0"	["-", "0"]
5193	"یان"	["یا", "ن"]
5194	"స్తున్న"	["స్తు", "న్న"]
5195	"▁तीस"	["▁ती", "स"]
5196	"ays"	["ay", "s"]
5197	"▁قائ"	["▁ق", "ائ"]
5198	"▁چین"	["▁چ", "ین"]
5199	"▁مقامی"	["▁مق", "امی"]
5200	"▁కుటుంబ"	["▁కుటుం", "బ"]
5201	"▁श्री"	["▁", "श्री"]
5202	"దులు"	["దు", "లు"]
5203	"▁ఇండో"	["▁ఇం", "డో"]
5204	"▁طاقت"	["▁ط", "اقت"]
5205	"▁सर्वाधिक"	["▁सर्वा", "धिक"]
5206	"▁मौ"	["▁", "मौ"]
5207	"▁وقت"	["▁و", "قت"]
5208	"▁नग"	["▁न", "ग"]
5209	"▁అత"	["▁అ", "త"]
5210	"▁ఎగు"	["▁ఎ", "గు"]
5211	"▁vis"	["▁v", "is"]
5212	"▁ఇంగ్లీ"	["▁ఇం", "గ్లీ"]
5213	"ستہ"	["ست", "ہ"]
5214	"8లో"	["8", "లో"]
5215	"▁పాటు"	["▁పా", "టు"]
5216	"▁భక్తి"	["▁భ", "క్తి"]
5217	"▁పాలనలో"	["▁పాలన", "లో"]
5218	"▁दू"	["▁", "दू"]
5219	"ర్లమెం"	["ర్ల", "మెం"]
5220	"▁మొదల"	["▁మొద", "ల"]
5221	"▁خان"	["▁خ", "ان"]
5222	"वन"	["व", "न"]
5223	"ued"	["u", "ed"]
5224	"▁नी"	["▁", "नी"]
5225	"▁aff"	["▁a", "ff"]
5226	"▁కళ"	["▁క", "ళ"]
5227	"▁होते"	["▁हो", "ते"]
5228	"▁పార్లమెం"	["▁పా", "ర్లమెం"]
5229	"▁छोड़"	["▁छो", "ड़"]
5230	"గర్"	["గ", "ర్"]
5231	"▁పేర్కొ"	["▁పే", "ర్కొ"]
5232	"▁غیر"	["▁غ", "یر"]
5233	"▁शु"	["▁", "शु"]
5234	"పెద్ద"	["పె", "ద్ద"]
5235	"▁परन्तु"	["▁पर", "न्तु"]
5236	"लिका"	["लि", "का"]
5237	"शील"	["शी", "ल"]
5238	"▁జాతి"	["▁జా", "తి"]
5239	"▁రాజధా"	["▁రాజ", "ధా"]
5240	"▁پیدا"	["▁پید", "ا"]
5241	"▁విస్తీ"	["▁వి", "స్తీ"]
5242	"▁చద"	["▁చ", "ద"]
5243	"▁particular"	["▁partic", "ular"]
5244	"▁विदेशी"	["▁विदे", "शी"]
5245	"म्परा"	["म्प", "रा"]
5246	"▁Acc"	["▁A", "cc"]
5247	"▁ہیں،"	["▁ہیں", "،"]
5248	"▁सम्बन्ध"	["▁सम्ब", "न्ध"]
5249	"▁పక్క"	["▁ప", "క్క"]
5250	"स्तृत"	["स्तृ", "त"]
5251	"▁వలస"	["▁వ", "లస"]
5252	"▁माना"	["▁मा", "ना"]
5253	"▁సాంకే"	["▁సాం", "కే"]
5254	"▁न्यायालय"	["▁न्याया", "लय"]
5255	"प्रैल"	["प्रै", "ल"]
5256	"▁విదేశీ"	["▁వి", "దేశీ"]
5257	"▁సంగ"	["▁సం", "గ"]
5258	"▁विस्तृत"	["▁वि", "स्तृत"]
5259	"ర్షణ"	["ర్ష", "ణ"]
5260	"▁nat"	["▁n", "at"]
5261	"▁ఇంకా"	["▁ఇం", "కా"]
5262	"▁adv"	["▁ad", "v"]
5263	"▁general"	["▁gen", "eral"]
5264	"▁अप्रैल"	["▁अ", "प्रैल"]
5265	"▁తెలుగు,"	["▁తెలుగు", ","]
5266	"టలు"	["ట", "లు"]
5267	"పక"	["ప", "క"]
5268	"▁आन्दो"	["▁आ", "न्दो"]
5269	"▁संसद"	["▁सं", "सद"]
5270	"వల్ల"	["వ", "ల్ల"]
5271	"▁مس"	["▁م", "س"]
5272	"▁lim"	["▁l", "im"]
5273	"▁కనుక"	["▁క", "నుక"]
5274	"▁रह"	["▁र", "ह"]
5275	"▁तीन"	["▁ती", "न"]
5276	"▁రే"	["▁", "రే"]
5277	"▁چھو"	["▁چھ", "و"]
5278	"ither"	["it", "her"]
5279	"▁సంస్క"	["▁సం", "స్క"]
5280	"▁సైనిక"	["▁సై", "నిక"]
5281	"▁فیصد"	["▁فیص", "د"]
5282	"र,"	["र", ","]
5283	"▁धीरे"	["▁", "धीरे"]
5284	"▁अभि"	["▁अ", "भि"]
5285	"▁جنوبی"	["▁جن", "وبی"]
5286	"▁important"	["▁import", "ant"]
5287	"▁हिमालय"	["▁हिमा", "लय"]
5288	"భారత"	["భా", "రత"]
5289	"▁sing"	["▁s", "ing"]
5290	"▁బ్ర"	["▁", "బ్ర"]
5291	"క్షణ"	["క్ష", "ణ"]
5292	"వైన"	["వై", "న"]
5293	"▁రామ"	["▁రా", "మ"]
5294	"▁రోజులు"	["▁రోజు", "లు"]
5295	"▁ता"	["▁", "ता"]
5296	"లిన"	["లి", "న"]
5297	"▁سل"	["▁س", "ل"]
5298	"ogn"	["og", "n"]
5299	"▁इसकी"	["▁इस", "की"]
5300	"▁According"	["▁Acc", "ording"]
5301	"▁film"	["▁f", "ilm"]
5302	"▁सर्वोच्च"	["▁सर्वो", "च्च"]
5303	"▁return"	["▁ret", "urn"]
5304	"طن"	["ط", "ن"]
5305	"وت"	["و", "ت"]
5306	"▁विभा"	["▁वि", "भा"]
5307	"▁2003"	["▁200", "3"]
5308	"ఖ్యంగా"	["ఖ్యం", "గా"]
5309	"▁केवल"	["▁के", "वल"]
5310	"oth"	["o", "th"]
5311	"▁पं"	["▁", "पं"]
5312	"తులు,"	["తు", "లు,"]
5313	"▁जाना"	["▁जा", "ना"]
5314	"▁head"	["▁he", "ad"]
5315	"▁భూభాగం"	["▁భూ", "భాగం"]
5316	"▁بڑا"	["▁بڑ", "ا"]
5317	"▁ఆక్రమిం"	["▁ఆక్ర", "మిం"]
5318	"▁మాట్లాడే"	["▁మాట్లా", "డే"]
5319	"▁విస్తీర్ణం"	["▁విస్తీ", "ర్ణం"]
5320	"०,"	["०", ","]
5321	"రల్"	["ర", "ల్"]
5322	"पालिका"	["पा", "लिका"]
5323	"रत"	["र", "त"]
5324	"▁वाले"	["▁वा", "ले"]
5325	"▁ఆగ"	["▁ఆ", "గ"]
5326	"▁లోక్‌"	["▁లో", "క్‌"]
5327	"वंश"	["वं", "श"]
5328	"ers."	["er", "s."]
5329	"▁ఉండే"	["▁ఉం", "డే"]
5330	"▁లిం"	["▁", "లిం"]
5331	"तंत्र"	["तं", "त्र"]
5332	"▁(c"	["▁(", "c"]
5333	"▁sett"	["▁set", "t"]
5334	"▁సాంకేతిక"	["▁సాంకే", "తిక"]
5335	"▁ث"	["▁", "ث"]
5336	"▁అతిపెద్ద"	["▁అతి", "పెద్ద"]
5337	"▁European"	["▁Europ", "ean"]
5338	"▁آباد"	["▁آب", "اد"]
5339	"med"	["m", "ed"]
5340	"▁चीन"	["▁", "चीन"]
5341	"మితి"	["మి", "తి"]
5342	"▁సింధు"	["▁సిం", "ధు"]
5343	"▁स्वतन्त्रता"	["▁स्वतन्त्र", "ता"]
5344	"▁ہتھی"	["▁ہت", "ھی"]
5345	"▁కిలోమీటర్ల"	["▁కిలోమీ", "టర్ల"]
5346	"టి."	["టి", "."]
5347	"▁సరఫ"	["▁సర", "ఫ"]
5348	"-t"	["-", "t"]
5349	"t,"	["t", ","]
5350	"▁రంగం"	["▁", "రంగం"]
5351	"ird"	["ir", "d"]
5352	"▁उपयोग"	["▁उप", "योग"]
5353	"▁air"	["▁a", "ir"]
5354	"▁level"	["▁le", "vel"]
5355	"▁పవి"	["▁ప", "వి"]
5356	"▁లోక్‌సభ"	["▁లోక్‌", "సభ"]
5357	"వాదం"	["వా", "దం"]
5358	"शासित"	["शा", "सित"]
5359	"▁వాహ"	["▁వా", "హ"]
5360	"▁ఏర్పా"	["▁ఏ", "ర్పా"]
5361	"▁కోట్ల"	["▁కో", "ట్ల"]
5362	"▁1965"	["▁196", "5"]
5363	"▁१९५०"	["▁१९५", "०"]
5364	"▁నియమిం"	["▁నియ", "మిం"]
5365	"-f"	["-", "f"]
5366	"▁फै"	["▁", "फै"]
5367	"▁అక్షరాస్యత"	["▁అ", "క్షరాస్యత"]
5368	"▁تہ"	["▁ت", "ہ"]
5369	"▁కని"	["▁క", "ని"]
5370	"▁వాయు"	["▁వా", "యు"]
5371	"ముఖ్య"	["ము", "ఖ్య"]
5372	"सेना"	["से", "ना"]
5373	"▁अब"	["▁अ", "ब"]
5374	"▁child"	["▁ch", "ild"]
5375	"▁మిగి"	["▁మి", "గి"]
5376	"▁addition"	["▁add", "ition"]
5377	"▁स्थापना"	["▁स्थाप", "ना"]
5378	"రలో"	["ర", "లో"]
5379	"త,"	["త", ","]
5380	"र्तमान"	["र्त", "मान"]
5381	"▁उद्यो"	["▁उ", "द्यो"]
5382	"ots"	["ot", "s"]
5383	"▁ముఖ్యంగా"	["▁ము", "ఖ్యంగా"]
5384	"ources"	["our", "ces"]
5385	"▁text"	["▁t", "ext"]
5386	"▁కృష్ణ"	["▁కృ", "ష్ణ"]
5387	"▁बड़ी"	["▁ब", "ड़ी"]
5388	"▁لیا"	["▁ل", "یا"]
5389	"▁గమ"	["▁గ", "మ"]
5390	"▁వేల"	["▁వే", "ల"]
5391	"▁పాకిస్థాన్"	["▁పాకిస్థా", "న్"]
5392	"▁ऋण"	["▁ऋ", "ण"]
5393	"▁తిరుగుబాటు"	["▁తిరుగు", "బాటు"]
5394	"రాలు."	["రా", "లు."]
5395	"▁development"	["▁develop", "ment"]
5396	"▁aut"	["▁a", "ut"]
5397	"▁sit"	["▁s", "it"]
5398	"▁మలయా"	["▁మ", "లయా"]
5399	"imate"	["im", "ate"]
5400	"▁నది"	["▁న", "ది"]
5401	"▁अपना"	["▁अप", "ना"]
5402	"▁(జ.19"	["▁(జ", ".19"]
5403	"▁పాలించారు."	["▁పాలిం", "చారు."]
5404	"ail"	["a", "il"]
5405	"దరణ"	["ద", "రణ"]
5406	"▁z"	["▁", "z"]
5407	"▁relations"	["▁rel", "ations"]
5408	"ینے"	["ین", "ے"]
5409	"▁पहले"	["▁पह", "ले"]
5410	"▁ఇంగ్లీషు"	["▁ఇంగ్లీ", "షు"]
5411	"शास"	["शा", "स"]
5412	"▁memb"	["▁m", "emb"]
5413	"▁స్వాతంత్ర్యం"	["▁స్వాతం", "త్ర్యం"]
5414	"one"	["on", "e"]
5415	"▁పట్టా"	["▁ప", "ట్టా"]
5416	"aking"	["ak", "ing"]
5417	"▁family"	["▁fam", "ily"]
5418	"▁सरकार"	["▁सर", "कार"]
5419	"▁వ్యాపార"	["▁వ్యాపా", "ర"]
5420	"▁रे"	["▁", "रे"]
5421	"▁मू"	["▁", "मू"]
5422	"▁camp"	["▁c", "amp"]
5423	"▁food"	["▁f", "ood"]
5424	"cean"	["ce", "an"]
5425	"▁ప్రాంతీయ"	["▁ప్రాం", "తీయ"]
5426	"▁జరిగింది."	["▁జరి", "గింది."]
5427	"▁script"	["▁sc", "ript"]
5428	"▁వైద్య"	["▁వై", "ద్య"]
5429	"▁उत्पा"	["▁उ", "त्पा"]
5430	"నకు"	["న", "కు"]
5431	"▁لگ"	["▁ل", "گ"]
5432	"భూమి"	["భూ", "మి"]
5433	"▁charact"	["▁char", "act"]
5434	"▁పూర్తిగా"	["▁పూర్తి", "గా"]
5435	"▁दृष्टि"	["▁दृ", "ष्टि"]
5436	"▁writ"	["▁w", "rit"]
5437	"▁لکھ"	["▁ل", "کھ"]
5438	"▁compos"	["▁comp", "os"]
5439	"▁బంగారు"	["▁బంగా", "రు"]
5440	"గల"	["గ", "ల"]
5441	"▁groups"	["▁group", "s"]
5442	"▁New"	["▁N", "ew"]
5443	"▁वर्तमान"	["▁व", "र्तमान"]
5444	"▁తు"	["▁", "తు"]
5445	"▁good"	["▁g", "ood"]
5446	"duc"	["du", "c"]
5447	"▁inform"	["▁inf", "orm"]
5448	"▁కుటుంబా"	["▁కుటుం", "బా"]
5449	"▁broad"	["▁b", "road"]
5450	"▁అమ"	["▁అ", "మ"]
5451	"▁यहाँ"	["▁य", "हाँ"]
5452	"▁యుద్ధం"	["▁యు", "ద్ధం"]
5453	"▁turn"	["▁t", "urn"]
5454	"▁eth"	["▁e", "th"]
5455	"▁వర్గా"	["▁వ", "ర్గా"]
5456	"▁సౌకర్యం"	["▁సౌక", "ర్యం"]
5457	"▁rather"	["▁rat", "her"]
5458	"ructure"	["ruct", "ure"]
5459	"▁members"	["▁memb", "ers"]
5460	"▁ऊ"	["▁", "ऊ"]
5461	"rac"	["ra", "c"]
5462	"▁విస్త"	["▁వి", "స్త"]
5463	"▁जबकि"	["▁जब", "कि"]
5464	"ause"	["a", "use"]
5465	"▁sum"	["▁su", "m"]
5466	"▁ہوئے"	["▁ہو", "ئے"]
5467	"دیم"	["دی", "م"]
5468	"by"	["b", "y"]
5469	"▁टे"	["▁", "टे"]
5470	"▁test"	["▁t", "est"]
5471	"▁contain"	["▁cont", "ain"]
5472	"▁స్థానం"	["▁స్థా", "నం"]
5473	"▁జనాభాతో"	["▁జనాభా", "తో"]
5474	"▁उद्योग"	["▁उद्यो", "ग"]
5475	"▁స్టే"	["▁", "స్టే"]
5476	"▁دف"	["▁د", "ف"]
5477	"▁रू"	["▁", "रू"]
5478	"▁cities"	["▁c", "ities"]
5479	"is."	["is", "."]
5480	"▁rate"	["▁r", "ate"]
5481	"▁For"	["▁F", "or"]
5482	"▁express"	["▁exp", "ress"]
5483	"itude"	["itud", "e"]
5484	"या,"	["या", ","]
5485	"▁वर्ग"	["▁व", "र्ग"]
5486	"▁మంచి"	["▁మం", "చి"]
5487	"▁time,"	["▁tim", "e,"]
5488	"▁اعظم"	["▁اع", "ظم"]
5489	"వస్థ"	["వ", "స్థ"]
5490	"duction"	["du", "ction"]
5491	"▁شامل"	["▁ش", "امل"]
5492	"9%"	["9", "%"]
5493	"▁حاصل"	["▁ح", "اصل"]
5494	"▁قدیم"	["▁ق", "دیم"]
5495	"▁జరిగే"	["▁జరి", "గే"]
5496	"▁సభ్యులు"	["▁సభ్యు", "లు"]
5497	"▁హైదరాబాదు"	["▁హైదరా", "బాదు"]
5498	"▁సామ"	["▁సా", "మ"]
5499	"verage"	["ver", "age"]
5500	"▁دو"	["▁د", "و"]
5501	"▁Jan"	["▁J", "an"]
5502	"▁జిల్లాలో"	["▁జిల్లా", "లో"]
5503	"روع"	["رو", "ع"]
5504	"▁సంస్కరణ"	["▁సంస్క", "రణ"]
5505	"▁उत्पाद"	["▁उत्पा", "द"]
5506	"min"	["m", "in"]
5507	"▁किए"	["▁कि", "ए"]
5508	"▁زمان"	["▁ز", "مان"]
5509	"▁పేర్లు"	["▁పే", "ర్లు"]
5510	"▁కోసం"	["▁కో", "సం"]
5511	"mit"	["m", "it"]
5512	"वादी"	["वा", "दी"]
5513	"▁third"	["▁th", "ird"]
5514	"▁गुजरा"	["▁गु", "जरा"]
5515	"▁ఉత్తరాన"	["▁ఉత్తరా", "న"]
5516	"rial"	["r", "ial"]
5517	"దాయి."	["దా", "యి."]
5518	"▁2023"	["▁202", "3"]
5519	"▁మొదలగు"	["▁మొదల", "గు"]
5520	"2%"	["2", "%"]
5521	"इन"	["इ", "न"]
5522	"▁కానీ"	["▁కా", "నీ"]
5523	"enc"	["en", "c"]
5524	"▁गा"	["▁", "गा"]
5525	"▁کش"	["▁ک", "ش"]
5526	"and,"	["and", ","]
5527	"▁लोगों"	["▁लो", "गों"]
5528	"▁برطانوی"	["▁برطان", "وی"]
5529	"▁కనుమ"	["▁కను", "మ"]
5530	"ल,"	["ल", ","]
5531	"शत"	["श", "त"]
5532	"యర్"	["య", "ర్"]
5533	"▁Part"	["▁P", "art"]
5534	"▁ఈశా"	["▁ఈ", "శా"]
5535	"▁شروع"	["▁ش", "روع"]
5536	"కాహార"	["కా", "హార"]
5537	"▁lab"	["▁l", "ab"]
5538	"▁traditional"	["▁tradition", "al"]
5539	"▁agricultural"	["▁agricult", "ural"]
5540	"తమై"	["త", "మై"]
5541	"నాలను"	["నా", "లను"]
5542	"pped"	["pp", "ed"]
5543	"▁हिन्दू"	["▁हि", "न्दू"]
5544	"▁प्रभाव"	["▁प्रभा", "व"]
5545	"▁ఉపయోగి"	["▁ఉపయో", "గి"]
5546	"ya"	["y", "a"]
5547	"تم"	["ت", "م"]
5548	"▁राजधा"	["▁राज", "धा"]
5549	"▁Union"	["▁Un", "ion"]
5550	"▁کیا۔"	["▁کیا", "۔"]
5551	"▁continued"	["▁contin", "ued"]
5552	"▁सर्व"	["▁स", "र्व"]
5553	"▁Modern"	["▁M", "odern"]
5554	"▁प्रतिशत"	["▁प्रति", "शत"]
5555	"▁బ్రిటిషు"	["▁బ్రిటి", "షు"]
5556	"▁राजनीतिक"	["▁राजनी", "तिक"]
5557	"ios"	["i", "os"]
5558	"▁living"	["▁l", "iving"]
5559	"▁displ"	["▁dis", "pl"]
5560	"▁మండలం"	["▁మండ", "లం"]
5561	"rig"	["r", "ig"]
5562	"వారు"	["వా", "రు"]
5563	"▁అధికారి"	["▁అధికా", "రి"]
5564	"ixed"	["ix", "ed"]
5565	"▁यूरो"	["▁यू", "रो"]
5566	"▁భౌగోళిక"	["▁భౌగో", "ళిక"]
5567	"▁limited"	["▁lim", "ited"]
5568	"-7"	["-", "7"]
5569	"18"	["1", "8"]
5570	"کار"	["ک", "ار"]
5571	"ali"	["al", "i"]
5572	"▁اقت"	["▁ا", "قت"]
5573	"▁میں،"	["▁میں", "،"]
5574	"▁विशेष"	["▁वि", "शेष"]
5575	"▁करते"	["▁कर", "ते"]
5576	"▁education"	["▁educ", "ation"]
5577	"▁energy"	["▁en", "ergy"]
5578	"▁చెందు"	["▁చెం", "దు"]
5579	"▁నగరాలు"	["▁నగ", "రాలు"]
5580	"▁widely"	["▁wide", "ly"]
5581	"డతారు."	["డతా", "రు."]
5582	"▁information"	["▁inform", "ation"]
5583	"▁“"	["▁", "“"]
5584	"▁లి"	["▁", "లి"]
5585	"▁fav"	["▁f", "av"]
5586	"▁Langu"	["▁L", "angu"]
5587	"▁दिल्ली"	["▁दि", "ल्ली"]
5588	"▁बनाने"	["▁बना", "ने"]
5589	"▁ఏర్పాటు"	["▁ఏర్పా", "టు"]
5590	"పుణు"	["పు", "ణు"]
5591	"▁किसी"	["▁कि", "सी"]
5592	"ندر"	["ند", "ر"]
5593	"▁ఉండటం"	["▁ఉండ", "టం"]
5594	"ped"	["p", "ed"]
5595	"▁తెలంగాణ"	["▁తెలంగా", "ణ"]
5596	"ising"	["is", "ing"]
5597	"▁deg"	["▁de", "g"]
5598	"▁called"	["▁call", "ed"]
5599	"▁సముద్రతీ"	["▁సముద్ర", "తీ"]
5600	"-5"	["-", "5"]
5601	"▁ఇటీ"	["▁ఇ", "టీ"]
5602	"▁ప్రాంతాల్లో"	["▁ప్రాంతా", "ల్లో"]
5603	"▁మహాత్మా"	["▁మహా", "త్మా"]
5604	"▁occup"	["▁occ", "up"]
5605	"te"	["t", "e"]
5606	"uf"	["u", "f"]
5607	"▁जू"	["▁", "जू"]
5608	"▁ling"	["▁l", "ing"]
5609	"▁North"	["▁N", "orth"]
5610	"ائد"	["ائ", "د"]
5611	"▁పాకిస్తాన్"	["▁పాకి", "స్తాన్"]
5612	"ces,"	["c", "es,"]
5613	"rim"	["r", "im"]
5614	"لاف"	["لا", "ف"]
5615	"▁రెండో"	["▁రెం", "డో"]
5616	"▁గ్రామ"	["▁గ్రా", "మ"]
5617	"▁invest"	["▁inv", "est"]
5618	"▁गंगा"	["▁गं", "गा"]
5619	"▁राजधानी"	["▁राजधा", "नी"]
5620	"ارے"	["ار", "ے"]
5621	"▁formal"	["▁form", "al"]
5622	"▁జీవి"	["▁జీ", "వి"]
5623	"wide"	["w", "ide"]
5624	"▁प्रौ"	["▁", "प्रौ"]
5625	"చ్చని"	["చ్చ", "ని"]
5626	"▁اض"	["▁ا", "ض"]
5627	"▁(C"	["▁(", "C"]
5628	"▁తెలి"	["▁తె", "లి"]
5629	"▁Asian"	["▁As", "ian"]
5630	"▁ఐక్య"	["▁ఐ", "క్య"]
5631	"▁స్త్రీలు"	["▁స్త్రీ", "లు"]
5632	"▁flow"	["▁f", "low"]
5633	"▁(8"	["▁(", "8"]
5634	"▁Civil"	["▁C", "ivil"]
5635	"▁నిపుణు"	["▁ని", "పుణు"]
5636	"▁అధికారం"	["▁అధికా", "రం"]
5637	"ایت"	["ا", "یت"]
5638	"పద"	["ప", "ద"]
5639	"▁రు"	["▁", "రు"]
5640	"స్తారు"	["స్తా", "రు"]
5641	"▁مخت"	["▁م", "خت"]
5642	"▁net"	["▁n", "et"]
5643	"▁changes"	["▁ch", "anges"]
5644	"▁years,"	["▁year", "s,"]
5645	"▁వేదా"	["▁వే", "దా"]
5646	"▁remains"	["▁rem", "ains"]
5647	"▁ఒకటిగా"	["▁ఒకటి", "గా"]
5648	"▁directly"	["▁direct", "ly"]
5649	"द्योगिकी"	["द्योगि", "की"]
5650	"▁పరీక్ష"	["▁పరీ", "క్ష"]
5651	"icy"	["ic", "y"]
5652	"▁Ancient"	["▁An", "cient"]
5653	"▁influenced"	["▁influen", "ced"]
5654	"6)"	["6", ")"]
5655	"కుంటూ"	["కుం", "టూ"]
5656	"▁Fore"	["▁F", "ore"]
5657	"ابق"	["اب", "ق"]
5658	"▁अम"	["▁अ", "म"]
5659	"▁చిరు"	["▁చి", "రు"]
5660	"▁अर्थव्यवस्था"	["▁अर्थ", "व्यवस्था"]
5661	"▁introduced"	["▁intro", "duced"]
5662	"ors."	["or", "s."]
5663	"▁reb"	["▁re", "b"]
5664	"▁आया"	["▁आ", "या"]
5665	"▁नगर"	["▁न", "गर"]
5666	"▁provin"	["▁prov", "in"]
5667	"మని"	["మ", "ని"]
5668	"▁పారి"	["▁పా", "రి"]
5669	"▁జనతా"	["▁జన", "తా"]
5670	"▁originally"	["▁origin", "ally"]
5671	"ieval"	["iev", "al"]
5672	"▁सो"	["▁", "सो"]
5673	"మే."	["మే", "."]
5674	"als,"	["al", "s,"]
5675	"▁पर्य"	["▁प", "र्य"]
5676	"▁decad"	["▁dec", "ad"]
5677	"▁తిరి"	["▁తి", "రి"]
5678	"century"	["cent", "ury"]
5679	"▁domestic"	["▁dom", "estic"]
5680	"▁మిగిలిన"	["▁మిగి", "లిన"]
5681	"▁प्रौद्योगिकी"	["▁प्रौ", "द्योगिकी"]
5682	"वायु"	["वा", "यु"]
5683	"onse"	["on", "se"]
5684	"▁आधा"	["▁आ", "धा"]
5685	"▁integ"	["▁int", "eg"]
5686	"▁చెన్నై"	["▁చె", "న్నై"]
5687	"▁literature"	["▁liter", "ature"]
5688	"▁تہذ"	["▁تہ", "ذ"]
5689	"కళ"	["క", "ళ"]
5690	"▁దం"	["▁", "దం"]
5691	"▁hous"	["▁h", "ous"]
5692	"▁ఆఫ్ఘ"	["▁ఆ", "ఫ్ఘ"]
5693	"aic"	["a", "ic"]
5694	"▁vill"	["▁v", "ill"]
5695	"▁founded"	["▁found", "ed"]
5696	"▁పశ్చిమా"	["▁పశ్చి", "మా"]
5697	"▁जलवायु"	["▁जल", "वायु"]
5698	"दर"	["द", "र"]
5699	"▁సహా"	["▁స", "హా"]
5700	"▁thous"	["▁th", "ous"]
5701	"▁example"	["▁ex", "ample"]
5702	"▁Over"	["▁O", "ver"]
5703	"▁response"	["▁resp", "onse"]
5704	"▁बि"	["▁", "बि"]
5705	"तार"	["ता", "र"]
5706	"తులతో"	["తు", "లతో"]
5707	"వ్యవస్థ"	["వ్య", "వస్థ"]
5708	"atives"	["at", "ives"]
5709	"▁loss"	["▁l", "oss"]
5710	"▁سو"	["▁س", "و"]
5711	"▁Econom"	["▁E", "conom"]
5712	"▁لحاظ"	["▁ل", "حاظ"]
5713	"▁जनता"	["▁जन", "ता"]
5714	"తమైన"	["త", "మైన"]
5715	"▁కాల"	["▁కా", "ల"]
5716	"▁పీఠ"	["▁పీ", "ఠ"]
5717	"▁attract"	["▁att", "ract"]
5718	"mitted"	["mit", "ted"]
5719	"new"	["n", "ew"]
5720	"▁చో"	["▁", "చో"]
5721	"▁బొ"	["▁", "బొ"]
5722	"▁(P"	["▁(", "P"]
5723	"▁సంగీత"	["▁సంగీ", "త"]
5724	"▁when"	["▁w", "hen"]
5725	"▁अभी"	["▁अ", "भी"]
5726	"▁name"	["▁n", "ame"]
5727	"▁Asia,"	["▁As", "ia,"]
5728	"▁ہندی"	["▁ہند", "ی"]
5729	"▁సాధించిన"	["▁సాధిం", "చిన"]
5730	"▁reduced"	["▁re", "duced"]
5731	"▁سندھ"	["▁س", "ندھ"]
5732	"▁حو"	["▁ح", "و"]
5733	"ప్పటికి"	["ప్పటి", "కి"]
5734	"kh"	["k", "h"]
5735	"▁100"	["▁1", "00"]
5736	"▁Bay"	["▁B", "ay"]
5737	"vers"	["ver", "s"]
5738	"▁centre"	["▁cent", "re"]
5739	"▁Following"	["▁F", "ollowing"]
5740	"▁ప్రతిప"	["▁ప్రతి", "ప"]
5741	"▁worldwide"	["▁world", "wide"]
5742	"▁కార్యక్రమాలు"	["▁కార్యక్ర", "మాలు"]
5743	"▁సరఫరా"	["▁సరఫ", "రా"]
5744	"▁ఈశాన్య"	["▁ఈశా", "న్య"]
5745	"▁im"	["▁", "im"]
5746	"రాజు"	["రా", "జు"]
5747	"▁cin"	["▁c", "in"]
5748	"ation."	["ation", "."]
5749	"▁Ex"	["▁E", "x"]
5750	"▁diseas"	["▁dis", "eas"]
5751	"▁రాజ్యాలు"	["▁రాజ్యా", "లు"]
5752	"▁ఆధారప"	["▁ఆధా", "రప"]
5753	"▁గెలు"	["▁గె", "లు"]
5754	"9-"	["9", "-"]
5755	"బడింది."	["బ", "డింది."]
5756	"its"	["it", "s"]
5757	"organ"	["or", "gan"]
5758	"▁mod"	["▁m", "od"]
5759	"▁سن"	["▁س", "ن"]
5760	"▁किया,"	["▁किया", ","]
5761	"▁notable"	["▁not", "able"]
5762	"▁సమయంలో"	["▁సమ", "యంలో"]
5763	"▁دیکھ"	["▁دی", "کھ"]
5764	"▁ప్రజాదరణ"	["▁ప్రజా", "దరణ"]
5765	"▁تہذیب"	["▁تہذ", "یب"]
5766	"हरी"	["ह", "री"]
5767	"▁ات"	["▁ا", "ت"]
5768	"▁(1."	["▁(", "1."]
5769	"▁सफल"	["▁स", "फल"]
5770	"▁Bh"	["▁B", "h"]
5771	"▁प्रयास"	["▁प्र", "यास"]
5772	"▁१२"	["▁१", "२"]
5773	"▁సిక్కు"	["▁సి", "క్కు"]
5774	"▁1974"	["▁197", "4"]
5775	"▁समर्थ"	["▁सम", "र्थ"]
5776	"igen"	["ig", "en"]
5777	"▁प्रच"	["▁प्र", "च"]
5778	"▁elected"	["▁elect", "ed"]
5779	"▁rule"	["▁rul", "e"]
5780	"▁మౌర్య"	["▁మౌ", "ర్య"]
5781	"पीय"	["पी", "य"]
5782	"▁గత"	["▁గ", "త"]
5783	"▁becoming"	["▁bec", "oming"]
5784	"▁పాకిస్తా"	["▁పాకి", "స్తా"]
5785	"▁మహాసము"	["▁మహా", "సము"]
5786	"▁declared"	["▁decl", "ared"]
5787	"हार"	["हा", "र"]
5788	"itarian"	["it", "arian"]
5789	"▁వర"	["▁వ", "ర"]
5790	"▁సార్వ"	["▁సా", "ర్వ"]
5791	"▁సుప్రీం"	["▁సు", "ప్రీం"]
5792	"▁దేశపు"	["▁దేశ", "పు"]
5793	"▁ఆహారం"	["▁ఆహా", "రం"]
5794	"▁పీఠభూమి"	["▁పీఠ", "భూమి"]
5795	"దినా"	["ది", "నా"]
5796	"icles"	["ic", "les"]
5797	"▁ప్రయోజ"	["▁ప్ర", "యోజ"]
5798	"▁hy"	["▁h", "y"]
5799	"iance"	["ian", "ce"]
5800	"▁Ved"	["▁V", "ed"]
5801	"▁system."	["▁system", "."]
5802	"▁पुरा"	["▁पु", "रा"]
5803	"▁కళాశాల"	["▁కళా", "శాల"]
5804	"▁Languages"	["▁Langu", "ages"]
5805	"▁cos"	["▁c", "os"]
5806	"ریب"	["ری", "ب"]
5807	"▁indigen"	["▁ind", "igen"]
5808	"▁manage"	["▁man", "age"]
5809	"embly"	["emb", "ly"]
5810	"▁Greek"	["▁Gree", "k"]
5811	"▁cust"	["▁c", "ust"]
5812	"es;"	["es", ";"]
5813	"▁expans"	["▁exp", "ans"]
5814	"▁population."	["▁population", "."]
5815	"▁1200"	["▁12", "00"]
5816	"▁Asia."	["▁Asia", "."]
5817	"▁रि"	["▁", "रि"]
5818	"▁rates"	["▁r", "ates"]
5819	"▁system,"	["▁system", ","]
5820	"▁సాధించ"	["▁సాధిం", "చ"]
5821	"▁ఖని"	["▁ఖ", "ని"]
5822	"▁laws"	["▁law", "s"]
5823	"▁జరుపుకుంటారు."	["▁జరుపు", "కుంటారు."]
5824	"▁conducted"	["▁conduct", "ed"]
5825	"▁ను"	["▁", "ను"]
5826	"▁खा"	["▁", "खा"]
5827	"▁భారత్‌"	["▁భార", "త్‌"]
5828	"▁కర్ణా"	["▁క", "ర్ణా"]
5829	"▁ఎల"	["▁ఎ", "ల"]
5830	"▁ముడి"	["▁ము", "డి"]
5831	"▁అంటారు."	["▁అం", "టారు."]
5832	"▁art,"	["▁art", ","]
5833	"▁Valley"	["▁Valle", "y"]
5834	"▁సంద"	["▁సం", "ద"]
5835	"▁ord"	["▁or", "d"]
5836	"▁54"	["▁5", "4"]
5837	"essed"	["ess", "ed"]
5838	"▁northeast"	["▁nort", "heast"]
5839	"▁सिंह"	["▁सिं", "ह"]
5840	"▁custom"	["▁cust", "om"]
5841	"iel"	["i", "el"]
5842	"ولی"	["و", "لی"]
5843	"▁(2."	["▁(", "2."]
5844	"▁अफ्री"	["▁अ", "फ्री"]
5845	"▁gained"	["▁g", "ained"]
5846	"▁culture."	["▁cult", "ure."]
5847	"▁సింధూ"	["▁సిం", "ధూ"]
5848	"▁figures"	["▁fig", "ures"]
5849	"▁లకు"	["▁", "లకు"]
5850	"uras"	["ur", "as"]
5851	"ante"	["ant", "e"]
5852	"stitu"	["stit", "u"]
5853	"▁రాష్ట్రాలు,"	["▁రాష్ట్రా", "లు,"]
5854	"▁elections"	["▁elect", "ions"]
5855	"▁ruling"	["▁rul", "ing"]
5856	"▁increasingly"	["▁increas", "ingly"]
5857	"▁styles"	["▁sty", "les"]
5858	"▁rich"	["▁r", "ich"]
5859	"▁kingdom"	["▁k", "ingdom"]
5860	"▁infrast"	["▁inf", "rast"]
5861	"▁contribution"	["▁contrib", "ution"]
5862	"▁environmental"	["▁environment", "al"]
5863	"▁ఆఫ్ఘని"	["▁ఆఫ్ఘ", "ని"]
5864	"నం."	["నం", "."]
5865	"▁mamm"	["▁m", "amm"]
5866	"▁వల్ల"	["▁వ", "ల్ల"]
5867	"▁70%"	["▁7", "0%"]
5868	"rising"	["ris", "ing"]
5869	"▁व्यापार"	["▁व्यापा", "र"]
5870	"erly"	["er", "ly"]
5871	"▁ISBN"	["▁I", "SBN"]
5872	"▁ఈస్ట్"	["▁ఈ", "స్ట్"]
5873	"▁Dra"	["▁D", "ra"]
5874	"▁areas."	["▁are", "as."]
5875	"▁economy."	["▁econom", "y."]
5876	"▁gradually"	["▁gradu", "ally"]
5877	"▁provincial"	["▁provin", "cial"]
5878	"-r"	["-", "r"]
5879	"hil"	["h", "il"]
5880	"شن"	["ش", "ن"]
5881	"▁Sp"	["▁S", "p"]
5882	"▁బయ"	["▁బ", "య"]
5883	"ients"	["ient", "s"]
5884	"▁ఏర్పడ్డాయి."	["▁ఏర్ప", "డ్డాయి."]
5885	"▁Empire."	["▁Empire", "."]
5886	"▁अंग्रेज़ी"	["▁अंग्रे", "ज़ी"]
5887	"▁మలయాళం"	["▁మలయా", "ళం"]
5888	"▁समर्थन"	["▁समर्थ", "न"]
5889	"io"	["i", "o"]
5890	"డివి"	["డి", "వి"]
5891	"▁2%"	["▁2", "%"]
5892	"▁సంఖ్యా"	["▁సం", "ఖ్యా"]
5893	"యిన"	["యి", "న"]
5894	"▁aro"	["▁a", "ro"]
5895	"▁విధా"	["▁వి", "ధా"]
5896	"imultan"	["im", "ultan"]
5897	"▁moist"	["▁mo", "ist"]
5898	"▁చవి"	["▁చ", "వి"]
5899	"assing"	["ass", "ing"]
5900	"west,"	["west", ","]
5901	"▁crust"	["▁cr", "ust"]
5902	"▁effect"	["▁eff", "ect"]
5903	"▁अफ्रीका"	["▁अफ्री", "का"]
5904	"imultaneous"	["imultan", "eous"]
5905	"వే."	["వే", "."]
5906	"శోధ"	["శో", "ధ"]
5907	"▁sav"	["▁s", "av"]
5908	"▁hub"	["▁h", "ub"]
5909	"▁Assembly"	["▁Ass", "embly"]
5910	"▁భాగాన్ని"	["▁భాగా", "న్ని"]
5911	"▁आन्दोलन"	["▁आन्दो", "लन"]
5912	"ت،"	["ت", "،"]
5913	"రోపా"	["రో", "పా"]
5914	"▁రామా"	["▁రా", "మా"]
5915	"▁Euras"	["▁E", "uras"]
5916	"▁organ"	["▁or", "gan"]
5917	"▁రూపాం"	["▁రూ", "పాం"]
5918	"▁విషయాలు"	["▁విష", "యాలు"]
5919	"▁यूरोपीय"	["▁यूरो", "पीय"]
5920	"stituent"	["stitu", "ent"]
5921	"▁تاہم"	["▁ت", "اہم"]
5922	"▁పున"	["▁పు", "న"]
5923	"రాన్ని"	["రా", "న్ని"]
5924	"▁Ac"	["▁A", "c"]
5925	"ricket"	["ric", "ket"]
5926	"▁meat"	["▁me", "at"]
5927	"▁rose"	["▁ro", "se"]
5928	"iodiversity"	["iod", "iversity"]
5929	"▁threatened"	["▁threat", "ened"]
5930	"▁could"	["▁c", "ould"]
5931	"▁renew"	["▁re", "new"]
5932	"▁भाज"	["▁भा", "ज"]
5933	"▁decade"	["▁dec", "ade"]
5934	"▁లేని"	["▁లే", "ని"]
5935	"▁BCE."	["▁BCE", "."]
5936	"▁دریا"	["▁در", "یا"]
5937	"▁కొండ"	["▁కొం", "డ"]
5938	"▁వైవిధ్య"	["▁వైవి", "ధ్య"]
5939	"విజ"	["వి", "జ"]
5940	"జాలు"	["జా", "లు"]
5941	"త్ర,"	["త్ర", ","]
5942	"▁guar"	["▁g", "uar"]
5943	"▁Sab"	["▁S", "ab"]
5944	"▁extant"	["▁ext", "ant"]
5945	"▁చైనా,"	["▁చైనా", ","]
5946	"▁integrated"	["▁integ", "rated"]
5947	"▁arose"	["▁aro", "se"]
5948	"▁guarante"	["▁guar", "ante"]
5949	"ha,"	["h", "a,"]
5950	"▁worn"	["▁wor", "n"]
5951	"▁చెందాయి."	["▁చెం", "దాయి."]
5952	"▁mean"	["▁me", "an"]
5953	"ables,"	["abl", "es,"]
5954	"▁movement."	["▁movement", "."]
5955	"▁shifted"	["▁shif", "ted"]
5956	"▁నియమించబ"	["▁నియమిం", "చబ"]
5957	"లోయ"	["లో", "య"]
5958	"త్వానికి"	["త్వా", "నికి"]
5959	"ళి,"	["ళి", ","]
5960	"▁مگر"	["▁م", "گر"]
5961	"▁2004"	["▁200", "4"]
5962	"▁चल"	["▁च", "ल"]
5963	"ident,"	["ident", ","]
5964	"▁Banglad"	["▁Bang", "lad"]
5965	"▁Bangladesh"	["▁Banglad", "esh"]
5966	"▁آہ"	["▁آ", "ہ"]
5967	"▁361"	["▁3", "61"]
5968	"గినది."	["గిన", "ది."]
5969	"▁ఐరోపా"	["▁ఐ", "రోపా"]
5970	"▁دفاع"	["▁دف", "اع"]
5971	"▁inst"	["▁in", "st"]
5972	"▁పతా"	["▁ప", "తా"]
5973	"▁ऋतु"	["▁ऋ", "तु"]
5974	"angered"	["ange", "red"]
5975	"▁sculpture"	["▁sculpt", "ure"]
5976	"▁सहयोग"	["▁सह", "योग"]
5977	"ద్రం,"	["ద్రం", ","]
5978	"ster"	["st", "er"]
5979	"▁dances"	["▁d", "ances"]
5980	"▁Sultanate"	["▁S", "ultanate"]
5981	"▁विवाद"	["▁वि", "वाद"]
5982	"▁Nuclear"	["▁N", "uclear"]
5983	"▁partition"	["▁part", "ition"]
5984	"▁Va"	["▁V", "a"]
5985	"▁ప్రపంచంలోని"	["▁ప్రపంచం", "లోని"]
5986	"▁लगातार"	["▁लगा", "तार"]
5987	"స్."	["స్", "."]
5988	"▁vi"	["▁v", "i"]
5989	"▁Utt"	["▁U", "tt"]
5990	"▁elit"	["▁el", "it"]
5991	"▁endangered"	["▁end", "angered"]
5992	"▁Buddhism,"	["▁Buddh", "ism,"]
5993	"▁ప్రముఖమైన"	["▁ప్రముఖ", "మైన"]
5994	"▁transmitted"	["▁trans", "mitted"]
5995	"▁Christians,"	["▁Christian", "s,"]
5996	"▁Sanskrit,"	["▁Sanskrit", ","]
5997	"▁రాజ్యంగా"	["▁రాజ్యం", "గా"]
5998	"▁قائم"	["▁قائ", "م"]
5999	"▁సామర్థ్యం"	["▁సామ", "ర్థ్యం"]
6000	"▁मै"	["▁", "मै"]
6001	"నం:"	["నం", ":"]
6002	"▁మతము"	["▁మ", "తము"]
6003	"▁రాయ"	["▁రా", "య"]
6004	"weep"	["we", "ep"]
6005	"▁Hindustan"	["▁Hindu", "stan"]
6006	"▁Maury"	["▁Ma", "ury"]
6007	"▁Gupt"	["▁Gu", "pt"]
6008	"▁until"	["▁unt", "il"]
6009	"▁తర్వాత"	["▁తర్వా", "త"]
6010	"IA"	["I", "A"]
6011	"▁Tropical"	["▁T", "ropical"]
6012	"▁पड़ो"	["▁प", "ड़ो"]
6013	"endments"	["end", "ments"]
6014	"▁వ్యవస్థలో"	["▁వ్యవస్థ", "లో"]
6015	"▁endemic"	["▁endem", "ic"]
6016	"▁ఎన్నికల్లో"	["▁ఎన్నిక", "ల్లో"]
6017	"vidian"	["vid", "ian"]
6018	"▁ప్రభుత్వాన్ని"	["▁ప్రభుత్వా", "న్ని"]
6019	"▁చెందుతున్న"	["▁చెందు", "తున్న"]
6020	"▁Dravidian"	["▁Dra", "vidian"]
6021	"JP"	["J", "P"]
6022	"▁Sched"	["▁S", "ched"]
6023	"▁hered"	["▁he", "red"]
6024	"▁Constituent"	["▁Con", "stituent"]
6025	"▁1950."	["▁1950", "."]
6026	"▁ప్రపంచములో"	["▁ప్రపంచ", "ములో"]
6027	"▁urbanisation"	["▁urban", "isation"]
6028	"▁plain,"	["▁plain", ","]
6029	"▁plains,"	["▁plain", "s,"]
6030	"ramas"	["ram", "as"]
6031	"▁untouch"	["▁unt", "ouch"]
6032	"▁cooking"	["▁cook", "ing"]
6033	"▁రాజ్యాంగం"	["▁రాజ్యాం", "గం"]
6034	"▁waist"	["▁wa", "ist"]
6035	"▁Tibetan"	["▁Tibet", "an"]
6036	"▁పక్కన"	["▁పక్క", "న"]
6037	"శ్వర"	["శ్వ", "ర"]
6038	"▁మొగలు"	["▁మొ", "గలు"]
6039	"▁చక్ర"	["▁చ", "క్ర"]
6040	"▁million),"	["▁million", "),"]
6041	"▁majoritarian"	["▁major", "itarian"]
6042	"▁Ghats"	["▁Ghat", "s"]
6043	"▁సహస్రా"	["▁సహ", "స్రా"]
6044	"▁హిమాలయ"	["▁హిమా", "లయ"]
6045	"▁stage:"	["▁stage", ":"]
6046	"▁సార్వత్రిక"	["▁సార్వ", "త్రిక"]
6047	"▁Sabha,"	["▁Sab", "ha,"]
6048	"▁Uttar"	["▁Utt", "ar"]
6049	"9."	["9", "."]
6050	"-dramas"	["-d", "ramas"]
6051	"▁dance-dramas"	["▁dance", "-dramas"]
6052	"▁Himalayas."	["▁Himalay", "as."]
6053	"▁مسلمان"	["▁مسل", "مان"]
6054	"64"	["6", "4"]
6055	"टर"	["ट", "र"]
6056	"వరీ"	["వ", "రీ"]
6057	"నాలతో"	["నా", "లతో"]
6058	"దాయంలో"	["దా", "యంలో"]
6059	"▁కాపాడు"	["▁కా", "పాడు"]
6060	"▁క్రీడలలో"	["▁క్రీడ", "లలో"]
6061	"▁సారస్వ"	["▁సార", "స్వ"]
6062	"اپ"	["ا", "پ"]
6063	"ర్కొంటు"	["ర్కొం", "టు"]
6064	"▁అన్న"	["▁అ", "న్న"]
6065	"▁بول"	["▁ب", "ول"]
6066	"▁Country"	["▁C", "ountry"]
6067	"▁కవి"	["▁క", "వి"]
6068	"eren"	["ere", "n"]
6069	"▁निर"	["▁नि", "र"]
6070	"▁లోక్"	["▁లో", "క్"]
6071	"▁पंजा"	["▁पं", "जा"]
6072	"▁पड़ोसी"	["▁पड़ो", "सी"]
6073	"५,"	["५", ","]
6074	"▁సరిహద్దుగా"	["▁సరిహద్దు", "గా"]
6075	"▁చైనాను"	["▁చైనా", "ను"]
6076	"▁హాకీ"	["▁హా", "కీ"]
6077	"▁కిందకు"	["▁కింద", "కు"]
6078	"▁own"	["▁o", "wn"]
6079	"▁1965,"	["▁196", "5,"]
6080	"▁సౌకర్య"	["▁సౌక", "ర్య"]
6081	"▁ఢిల్లీ,"	["▁ఢిల్లీ", ","]
6082	"▁నిర్వహించింది."	["▁నిర్వహిం", "చింది."]
6083	"▁آہستہ"	["▁آہ", "ستہ"]
6084	"तर"	["त", "र"]
6085	"▁లౌ"	["▁", "లౌ"]
6086	"onsoon"	["on", "soon"]
6087	"▁२०२"	["▁२०", "२"]
6088	"▁Prof"	["▁Pro", "f"]
6089	"▁استع"	["▁است", "ع"]
6090	"రమైన"	["ర", "మైన"]
6091	"▁घा"	["▁", "घा"]
6092	"▁అంటే"	["▁అం", "టే"]
6093	"▁విశే"	["▁వి", "శే"]
6094	"▁దగ్గ"	["▁ద", "గ్గ"]
6095	"▁కోల్‌"	["▁కో", "ల్‌"]
6096	"▁क्षेत्रों"	["▁क्षे", "त्रों"]
6097	"▁जनस"	["▁जन", "स"]
6098	"▁very"	["▁", "very"]
6099	"▁२०१४"	["▁२०१", "४"]
6100	"volution"	["vol", "ution"]
6101	"నాడు"	["నా", "డు"]
6102	"కోబ"	["కో", "బ"]
6103	"▁దేశం."	["▁దేశం", "."]
6104	"▁2008"	["▁200", "8"]
6105	"చుకోవడం"	["చుకోవ", "డం"]
6106	"▁గణతంత్ర"	["▁గణ", "తంత్ర"]
6107	"▁వుం"	["▁", "వుం"]
6108	"▁పటం"	["▁ప", "టం"]
6109	"▁కూడి"	["▁కూ", "డి"]
6110	"▁जलो"	["▁ज", "लो"]
6111	"▁వ్యవస్థకు"	["▁వ్యవస్థ", "కు"]
6112	"▁పార్టీ,"	["▁పార్టీ", ","]
6113	"▁భూటా"	["▁భూ", "టా"]
6114	"▁భారత్‌లో"	["▁భారత్‌", "లో"]
6115	"▁కబ"	["▁క", "బ"]
6116	"▁ఇందు"	["▁ఇం", "దు"]
6117	"▁స్థావరాలు"	["▁స్థా", "వరాలు"]
6118	"▁నగరాల"	["▁నగ", "రాల"]
6119	"▁కాలంలో,"	["▁కాలంలో", ","]
6120	"▁రాజ్యాలుగా"	["▁రాజ్యా", "లుగా"]
6121	"▁जलोढ़"	["▁जलो", "ढ़"]
6122	"तम"	["त", "म"]
6123	"▁కె"	["▁", "కె"]
6124	"రేడు"	["రే", "డు"]
6125	"▁cor"	["▁c", "or"]
6126	"▁CIA"	["▁C", "IA"]
6127	"▁నిడివి"	["▁ని", "డివి"]
6128	"▁సంవత్సరాల"	["▁సంవత్స", "రాల"]
6129	"▁१९७१"	["▁१९७", "१"]
6130	"▁ఖనిజాలు"	["▁ఖని", "జాలు"]
6131	"▁లౌకి"	["▁లౌ", "కి"]
6132	"బరు"	["బ", "రు"]
6133	"▁बौ"	["▁", "बौ"]
6134	"▁جان"	["▁ج", "ان"]
6135	"▁దేవ"	["▁దే", "వ"]
6136	"▁शस्त्र"	["▁श", "स्त्र"]
6137	"▁భాషలను"	["▁భాష", "లను"]
6138	"▁పాకిస్థాన్,"	["▁పాకిస్థా", "న్,"]
6139	"▁నేపాల్,"	["▁నేపా", "ల్,"]
6140	"▁బంగ్లాదేశ్‌"	["▁బంగ్లా", "దేశ్‌"]
6141	"▁సామాజిక,"	["▁సామాజి", "క,"]
6142	"▁\"భ"	["▁\"", "భ"]
6143	"▁ఇతరదేశా"	["▁ఇతర", "దేశా"]
6144	"▁భారత్,"	["▁భారత్", ","]
6145	"చాలనే"	["చాల", "నే"]
6146	"▁character"	["▁charact", "er"]
6147	"▁కర్ణాటక"	["▁కర్ణా", "టక"]
6148	"యుత"	["యు", "త"]
6149	"▁suc"	["▁su", "c"]
6150	"▁జాతులు,"	["▁జా", "తులు,"]
6151	"▁26న"	["▁26", "న"]
6152	"▁Arch"	["▁Ar", "ch"]
6153	"మేనని"	["మేన", "ని"]
6154	"▁నిపుణులు"	["▁నిపుణు", "లు"]
6155	"▁సూచించిన"	["▁సూ", "చించిన"]
6156	"▁పట్టణాలు,"	["▁పట్టణా", "లు,"]
6157	"లవుతుంది."	["లవు", "తుంది."]
6158	"▁जनसङ्ख्या"	["▁जनस", "ङ्ख्या"]
6159	"5-0"	["5", "-0"]
6160	"▁مال"	["▁م", "ال"]
6161	"▁జమ్మూ"	["▁జ", "మ్మూ"]
6162	"▁పేరు,"	["▁పేరు", ","]
6163	"▁సమరం"	["▁సమ", "రం"]
6164	"▁ఎన్నుకోబ"	["▁ఎన్ను", "కోబ"]
6165	"▁مرک"	["▁مر", "ک"]
6166	"▁పర్యాయాలు"	["▁పర్యా", "యాలు"]
6167	"▁कहते"	["▁कह", "ते"]
6168	"▁ఆధారపడిన"	["▁ఆధారప", "డిన"]
6169	"పల్లి"	["ప", "ల్లి"]
6170	"gest"	["ge", "st"]
6171	"▁వాటి"	["▁వా", "టి"]
6172	"▁పరిశోధ"	["▁పరి", "శోధ"]
6173	"▁సింధూనది"	["▁సింధూ", "నది"]
6174	"▁पै"	["▁", "पै"]
6175	"▁पूर्वी"	["▁पू", "र्वी"]
6176	"▁సుల్తా"	["▁సు", "ల్తా"]
6177	"▁సభను"	["▁సభ", "ను"]
6178	"▁న్యాయవ్యవస్థ"	["▁న్యాయ", "వ్యవస్థ"]
6179	"▁సహస్రాబ్ది"	["▁సహస్రా", "బ్ది"]
6180	"▁కబడ్డీ"	["▁కబ", "డ్డీ"]
6181	"2)"	["2", ")"]
6182	"ప్రదేశ్"	["ప్ర", "దేశ్"]
6183	"भाषा"	["भा", "षा"]
6184	"▁بل"	["▁ب", "ل"]
6185	"▁within"	["▁with", "in"]
6186	"▁స్థానాలను"	["▁స్థా", "నాలను"]
6187	"▁అయినా,"	["▁అయి", "నా,"]
6188	"▁ప్రారంభ"	["▁ప్రారం", "భ"]
6189	"▁ఉపఖండ"	["▁ఉపఖం", "డ"]
6190	"ప్పటికినీ"	["ప్పటికి", "నీ"]
6191	"▁Profile"	["▁Prof", "ile"]
6192	"▁నూ"	["▁", "నూ"]
6193	"▁वृ"	["▁", "वृ"]
6194	"దినాలు"	["ది", "నాలు"]
6195	"కాగా"	["కా", "గా"]
6196	"▁ser"	["▁s", "er"]
6197	"-ఢిల్లీ"	["-", "ఢిల్లీ"]
6198	"▁యో"	["▁", "యో"]
6199	"కాతా"	["కా", "తా"]
6200	"పంలో"	["పం", "లో"]
6201	"▁she"	["▁s", "he"]
6202	"ional"	["ion", "al"]
6203	"▁కృష్ణా"	["▁కృ", "ష్ణా"]
6204	"4%,"	["4%", ","]
6205	"▁వ్యవసాయం"	["▁వ్యవసా", "యం"]
6206	"▁గ్రంథా"	["▁గ్రం", "థా"]
6207	"▁కోల్‌కాతా"	["▁కోల్‌", "కాతా"]
6208	"-లా"	["-", "లా"]
6209	"ved"	["v", "ed"]
6210	"▁చు"	["▁", "చు"]
6211	"పిక్‌"	["పి", "క్‌"]
6212	"▁పదా"	["▁ప", "దా"]
6213	"▁కులాలు,"	["▁కు", "లాలు,"]
6214	"▁రైల్వేశాఖ"	["▁రైల్వే", "శాఖ"]
6215	"▁కూడుకొని"	["▁కూడు", "కొని"]
6216	"▁కూడుకుని"	["▁కూడు", "కుని"]
6217	"▁టైటి"	["▁టై", "టి"]
6218	"▁కిలోమీటర్లకు"	["▁కిలోమీటర్ల", "కు"]
6219	"▁కాపాడుకుంటూ"	["▁కాపాడు", "కుంటూ"]
6220	"క్టోరల్"	["క్టో", "రల్"]
6221	"ఢాకా"	["ఢా", "కా"]
6222	"▁భారతదేశం."	["▁భారతదేశం", "."]
6223	"▁మీదగా"	["▁మీద", "గా"]
6224	"▁ప్రతిపాదనకు"	["▁ప్రతిపాదన", "కు"]
6225	"▁గెలుచుకోవడం"	["▁గెలు", "చుకోవడం"]
6226	"▁ఎలక్టోరల్"	["▁ఎల", "క్టోరల్"]
6227	"▁సూచించినట్లు"	["▁సూచించిన", "ట్లు"]
6228	"▁Mo"	["▁M", "o"]
6229	"▁उच्च"	["▁उ", "च्च"]
6230	"▁7/"	["▁7", "/"]
6231	"▁जिसका"	["▁जिस", "का"]
6232	"▁సౌకర్యాలలో"	["▁సౌకర్యా", "లలో"]
6233	"▁శెలవుదినాలు"	["▁శెలవు", "దినాలు"]
6234	"▁استعمال"	["▁استع", "مال"]
6235	"▁ఎన్నుకోబడతారు."	["▁ఎన్నుకోబ", "డతారు."]
6236	"-ఢిల్లీ-లా"	["-ఢిల్లీ", "-లా"]
6237	"ఢాకా-ఢిల్లీ-లా"	["ఢాకా", "-ఢిల్లీ-లా"]
6238	"ఢాకా-ఢిల్లీ-లాహో"	["ఢాకా-ఢిల్లీ-లా", "హో"]
6239	"డుతుంది."	["డు", "తుంది."]
6240	"▁ఒలం"	["▁ఒ", "లం"]
6241	"▁लोग"	["▁लो", "ग"]
6242	"▁సమాఖ్య."	["▁సమాఖ్య", "."]
6243	"▁ثق"	["▁ث", "ق"]
6244	"اش"	["ا", "ش"]
6245	"▁అది"	["▁అ", "ది"]
6246	"▁آریا"	["▁آر", "یا"]
6247	"▁చేసే"	["▁చే", "సే"]
6248	"66"	["6", "6"]
6249	"▁De"	["▁D", "e"]
6250	"రాష్ట్ర"	["రా", "ష్ట్ర"]
6251	"తోంది."	["తోం", "ది."]
6252	"▁सहा"	["▁स", "हा"]
6253	"త్రాలు"	["త్రా", "లు"]
6254	"imes"	["im", "es"]
6255	"یاں"	["یا", "ں"]
6256	"▁پڑ"	["▁پ", "ڑ"]
6257	"▁مشہور"	["▁مش", "ہور"]
6258	"▁ఔ"	["▁", "ఔ"]
6259	"▁program"	["▁prog", "ram"]
6260	"o."	["o", "."]
6261	"asi"	["as", "i"]
6262	"खण्ड"	["ख", "ण्ड"]
6263	"మల"	["మ", "ల"]
6264	"▁రె"	["▁", "రె"]
6265	"arg"	["ar", "g"]
6266	"▁नाग"	["▁ना", "ग"]
6267	"पर"	["प", "र"]
6268	"లేదు."	["లే", "దు."]
6269	"▁उन्होंने"	["▁उ", "न्होंने"]
6270	"▁बाहरी"	["▁बा", "हरी"]
6271	"భాష"	["భా", "ష"]
6272	"▁इसे"	["▁इ", "से"]
6273	"▁occur"	["▁occ", "ur"]
6274	"-19"	["-", "19"]
6275	"दार"	["दा", "र"]
6276	"▁follow"	["▁f", "ollow"]
6277	"▁rest"	["▁re", "st"]
6278	"▁حملہ"	["▁حم", "لہ"]
6279	"▁ఆగష్టు"	["▁ఆగ", "ష్టు"]
6280	"ked"	["k", "ed"]
6281	"فاق"	["ف", "اق"]
6282	"▁పని"	["▁ప", "ని"]
6283	"▁40"	["▁4", "0"]
6284	"▁प्रशास"	["▁प्र", "शास"]
6285	"▁विक"	["▁वि", "क"]
6286	"▁१८"	["▁१", "८"]
6287	"بر"	["ب", "ر"]
6288	"ली,"	["ली", ","]
6289	"पूर्व"	["पू", "र्व"]
6290	"▁పాల"	["▁పా", "ల"]
6291	"ield"	["iel", "d"]
6292	"▁बै"	["▁", "बै"]
6293	"నులు"	["ను", "లు"]
6294	"is,"	["is", ","]
6295	"▁prim"	["▁pr", "im"]
6296	"▁स्वतंत्र"	["▁स्व", "तंत्र"]
6297	"▁ثقاف"	["▁ثق", "اف"]
6298	"▁సమీప"	["▁సమీ", "ప"]
6299	"▁نس"	["▁ن", "س"]
6300	"▁दूस"	["▁दू", "स"]
6301	"67"	["6", "7"]
6302	"aim"	["a", "im"]
6303	"▁లం"	["▁", "లం"]
6304	"▁పౌ"	["▁", "పౌ"]
6305	"▁ఇత"	["▁ఇ", "త"]
6306	"▁production"	["▁produ", "ction"]
6307	"ras"	["r", "as"]
6308	"డంతో"	["డం", "తో"]
6309	"రుగా"	["రు", "గా"]
6310	"▁few"	["▁f", "ew"]
6311	"▁मिला"	["▁मि", "ला"]
6312	"▁सदस्य"	["▁सद", "स्य"]
6313	"pen"	["p", "en"]
6314	"ని,"	["ని", ","]
6315	"जिक"	["जि", "क"]
6316	"▁इसका"	["▁इस", "का"]
6317	"▁सहाय"	["▁सहा", "य"]
6318	"▁विकसित"	["▁विक", "सित"]
6319	"क्षर"	["क्ष", "र"]
6320	"▁واق"	["▁و", "اق"]
6321	"▁اللہ"	["▁ال", "لہ"]
6322	"▁कृषि"	["▁कृ", "षि"]
6323	"ప్పుడు"	["ప్పు", "డు"]
6324	"▁god"	["▁g", "od"]
6325	"▁کرتے"	["▁کر", "تے"]
6326	"लना"	["ल", "ना"]
6327	"▁hal"	["▁h", "al"]
6328	"▁సత్య"	["▁స", "త్య"]
6329	"▁اسلام"	["▁اس", "لام"]
6330	"▁product"	["▁produ", "ct"]
6331	"▁తిరు"	["▁తి", "రు"]
6332	"پی"	["پ", "ی"]
6333	"▁जहाँ"	["▁ज", "हाँ"]
6334	"▁1946"	["▁194", "6"]
6335	"ometimes"	["omet", "imes"]
6336	"लियन"	["लि", "यन"]
6337	"ering"	["er", "ing"]
6338	"▁విభ"	["▁వి", "భ"]
6339	"▁بھر"	["▁بھ", "ر"]
6340	"▁تجارت"	["▁تج", "ارت"]
6341	"వేటు"	["వే", "టు"]
6342	"ense"	["en", "se"]
6343	"▁کل"	["▁ک", "ل"]
6344	"▁مطابق"	["▁مط", "ابق"]
6345	"▁९"	["▁", "९"]
6346	"▁फि"	["▁", "फि"]
6347	"మైంది."	["మైం", "ది."]
6348	"▁అంద"	["▁అం", "ద"]
6349	"-l"	["-", "l"]
6350	"▁८"	["▁", "८"]
6351	"▁राजा"	["▁रा", "जा"]
6352	"iction"	["ict", "ion"]
6353	"▁सामाजिक"	["▁सामा", "जिक"]
6354	"50"	["5", "0"]
6355	"▁త్రి"	["▁", "త్రి"]
6356	"▁whe"	["▁w", "he"]
6357	"i."	["i", "."]
6358	"of"	["o", "f"]
6359	"▁కుమారు"	["▁కు", "మారు"]
6360	"▁associ"	["▁ass", "oci"]
6361	"▁واقع"	["▁واق", "ع"]
6362	"నసా"	["న", "సా"]
6363	"▁مان"	["▁م", "ان"]
6364	"▁ప్రయా"	["▁ప్ర", "యా"]
6365	"▁Med"	["▁M", "ed"]
6366	"▁అవస"	["▁అవ", "స"]
6367	"सम"	["स", "म"]
6368	"▁اسے"	["▁اس", "ے"]
6369	"▁డ"	["▁", "డ"]
6370	"లిక"	["లి", "క"]
6371	"▁enc"	["▁en", "c"]
6372	"▁just"	["▁j", "ust"]
6373	"▁माध्यम"	["▁माध्य", "म"]
6374	"▁तु"	["▁", "तु"]
6375	"▁fin"	["▁f", "in"]
6376	"oll"	["ol", "l"]
6377	"ott"	["ot", "t"]
6378	"omy"	["om", "y"]
6379	"▁Rep"	["▁R", "ep"]
6380	"क्रमण"	["क्रम", "ण"]
6381	"6,"	["6", ","]
6382	"apt"	["a", "pt"]
6383	"ner"	["n", "er"]
6384	"లపై"	["ల", "పై"]
6385	"స్తున్నాయి."	["స్తు", "న్నాయి."]
6386	"▁sometimes"	["▁s", "ometimes"]
6387	"▁పోరా"	["▁పో", "రా"]
6388	"▁ہوئی۔"	["▁ہوئی", "۔"]
6389	"▁written"	["▁writ", "ten"]
6390	"omin"	["om", "in"]
6391	"▁علاقہ"	["▁علاق", "ہ"]
6392	"▁गुजरात"	["▁गुजरा", "त"]
6393	"న్నాడు."	["న్నా", "డు."]
6394	"▁amp"	["▁a", "mp"]
6395	"▁(3"	["▁(", "3"]
6396	"▁prop"	["▁pro", "p"]
6397	"▁sep"	["▁se", "p"]
6398	"▁అయితే"	["▁అయి", "తే"]
6399	"▁తేదీ"	["▁తే", "దీ"]
6400	"▁अमेरिका"	["▁अमेरि", "का"]
6401	"▁గోదావరి"	["▁గోదా", "వరి"]
6402	"ता,"	["ता", ","]
6403	"▁rece"	["▁re", "ce"]
6404	"▁प्रदान"	["▁प्र", "दान"]
6405	"aterial"	["ater", "ial"]
6406	"ల,"	["ల", ","]
6407	"म्बर"	["म्ब", "र"]
6408	"▁ار"	["▁ا", "ر"]
6409	"▁27"	["▁2", "7"]
6410	"▁विस्ता"	["▁वि", "स्ता"]
6411	"▁ایس"	["▁ای", "س"]
6412	"▁fe"	["▁f", "e"]
6413	"▁जैसे"	["▁जै", "से"]
6414	"▁strong"	["▁str", "ong"]
6415	"▁Archived"	["▁Arch", "ived"]
6416	"نچ"	["ن", "چ"]
6417	"▁గౌ"	["▁", "గౌ"]
6418	"▁mult"	["▁m", "ult"]
6419	"▁पहुँ"	["▁प", "हुँ"]
6420	"▁భూమి:"	["▁భూమి", ":"]
6421	"دم"	["د", "م"]
6422	"यत"	["य", "त"]
6423	"erred"	["er", "red"]
6424	"▁देखा"	["▁दे", "खा"]
6425	"▁80"	["▁8", "0"]
6426	"▁जनवरी"	["▁जन", "वरी"]
6427	"▁کہا"	["▁کہ", "ا"]
6428	"pe"	["p", "e"]
6429	"ज्ञान"	["ज्ञा", "न"]
6430	"onal"	["on", "al"]
6431	"ush"	["us", "h"]
6432	"▁సమాచా"	["▁సమా", "చా"]
6433	"▁body"	["▁b", "ody"]
6434	"▁१०"	["▁१", "०"]
6435	"▁vol"	["▁v", "ol"]
6436	"▁left"	["▁le", "ft"]
6437	"▁శక్తి"	["▁శ", "క్తి"]
6438	"▁कं"	["▁", "कं"]
6439	"▁تب"	["▁ت", "ب"]
6440	"▁ఎదు"	["▁ఎ", "దు"]
6441	"▁تھا"	["▁تھ", "ا"]
6442	"▁भाषाएँ"	["▁भाषा", "एँ"]
6443	"పట్నం"	["ప", "ట్నం"]
6444	"▁تیس"	["▁ت", "یس"]
6445	"▁विज"	["▁वि", "ज"]
6446	"▁किये"	["▁कि", "ये"]
6447	"▁گر"	["▁گ", "ر"]
6448	"اعت"	["اع", "ت"]
6449	"▁विस्तार"	["▁विस्ता", "र"]
6450	"नीय"	["नी", "य"]
6451	"▁tit"	["▁t", "it"]
6452	"▁sw"	["▁s", "w"]
6453	"urg"	["ur", "g"]
6454	"itions"	["ition", "s"]
6455	"▁रहा।"	["▁रहा", "।"]
6456	"కారు"	["కా", "రు"]
6457	"▁అప్పటి"	["▁అ", "ప్పటి"]
6458	"ations,"	["ation", "s,"]
6459	"▁material"	["▁m", "aterial"]
6460	"▁بد"	["▁ب", "د"]
6461	"▁మరా"	["▁మ", "రా"]
6462	"▁تی"	["▁ت", "ی"]
6463	"▁अधिकार"	["▁अधि", "कार"]
6464	"▁heav"	["▁he", "av"]
6465	"▁उनकी"	["▁उन", "की"]
6466	"▁లాం"	["▁", "లాం"]
6467	"లుపు"	["లు", "పు"]
6468	"▁tra"	["▁t", "ra"]
6469	"▁ہم"	["▁ہ", "م"]
6470	"▁अने"	["▁अ", "ने"]
6471	"▁شمال"	["▁ش", "مال"]
6472	"▁دیگر"	["▁دی", "گر"]
6473	"▁six"	["▁s", "ix"]
6474	"ay,"	["ay", ","]
6475	"▁alt"	["▁al", "t"]
6476	"▁नेह"	["▁ने", "ह"]
6477	"▁దర్శకు"	["▁దర్శ", "కు"]
6478	"bers"	["b", "ers"]
6479	"▁गो"	["▁", "गो"]
6480	"నందు"	["నం", "దు"]
6481	"చుకు"	["చు", "కు"]
6482	"▁సాధా"	["▁సా", "ధా"]
6483	"▁కుమా"	["▁కు", "మా"]
6484	"▁जीवन"	["▁जी", "वन"]
6485	"▁temp"	["▁t", "emp"]
6486	"▁(१"	["▁(", "१"]
6487	"▁190"	["▁19", "0"]
6488	"▁included"	["▁includ", "ed"]
6489	"Ind"	["I", "nd"]
6490	"ధునిక"	["ధు", "నిక"]
6491	"▁شم"	["▁ش", "م"]
6492	"co"	["c", "o"]
6493	"नैतिक"	["नै", "तिक"]
6494	"▁वाली"	["▁वा", "ली"]
6495	"▁నీటి"	["▁నీ", "టి"]
6496	"▁تھے،"	["▁تھے", "،"]
6497	"▁Revolution"	["▁Re", "volution"]
6498	"▁model"	["▁mod", "el"]
6499	"jan"	["j", "an"]
6500	"महा"	["म", "हा"]
6501	"▁మో"	["▁", "మో"]
6502	"▁fem"	["▁f", "em"]
6503	"▁اق"	["▁ا", "ق"]
6504	"▁విద్య"	["▁వి", "ద్య"]
6505	"▁लिये"	["▁लि", "ये"]
6506	"▁అనుస"	["▁అను", "స"]
6507	"▁لوگوں"	["▁لوگ", "وں"]
6508	"▁بہت"	["▁بہ", "ت"]
6509	"1%"	["1", "%"]
6510	"षणा"	["ष", "णा"]
6511	"▁వు"	["▁", "వు"]
6512	"दारी"	["दा", "री"]
6513	"▁plant"	["▁pl", "ant"]
6514	"▁समृ"	["▁स", "मृ"]
6515	"▁మార్కె"	["▁మా", "ర్కె"]
6516	"orts"	["ort", "s"]
6517	"▁areas"	["▁are", "as"]
6518	"▁500"	["▁5", "00"]
6519	"▁pref"	["▁pre", "f"]
6520	"▁1857"	["▁185", "7"]
6521	"▁जून"	["▁जू", "न"]
6522	",5"	[",", "5"]
6523	"पित"	["पि", "त"]
6524	"▁परम्परा"	["▁पर", "म्परा"]
6525	"▁45"	["▁4", "5"]
6526	"▁health"	["▁he", "alth"]
6527	"▁history"	["▁histor", "y"]
6528	"▁single"	["▁sing", "le"]
6529	"▁%"	["▁", "%"]
6530	"▁చీ"	["▁", "చీ"]
6531	"▁simp"	["▁s", "imp"]
6532	"▁top"	["▁to", "p"]
6533	"యని"	["య", "ని"]
6534	"▁ful"	["▁f", "ul"]
6535	"▁ప్రదేశా"	["▁ప్ర", "దేశా"]
6536	"▁To"	["▁T", "o"]
6537	"ett"	["et", "t"]
6538	"▁आज"	["▁आ", "ज"]
6539	"▁jo"	["▁j", "o"]
6540	"▁style"	["▁sty", "le"]
6541	"ling"	["l", "ing"]
6542	"కుంది."	["కుం", "ది."]
6543	"▁कोई"	["▁को", "ई"]
6544	"▁నిలి"	["▁ని", "లి"]
6545	"▁इसमें"	["▁इस", "में"]
6546	"▁recogn"	["▁rec", "ogn"]
6547	"▁بنیا"	["▁بن", "یا"]
6548	"ధంగా"	["ధం", "గా"]
6549	"▁fish"	["▁f", "ish"]
6550	"urs"	["ur", "s"]
6551	"▁सम्मि"	["▁स", "म्मि"]
6552	"▁उभ"	["▁उ", "भ"]
6553	"odium"	["od", "ium"]
6554	"▁साहि"	["▁सा", "हि"]
6555	"▁शिक्षा"	["▁शि", "क्षा"]
6556	"▁अनेक"	["▁अने", "क"]
6557	"▁fo"	["▁f", "o"]
6558	"▁जिन्हें"	["▁जि", "न्हें"]
6559	"▁جبکہ"	["▁جب", "کہ"]
6560	"▁घोषणा"	["▁घो", "षणा"]
6561	"15"	["1", "5"]
6562	"uary"	["u", "ary"]
6563	"▁కేంద్రా"	["▁కేం", "ద్రా"]
6564	"▁नदियाँ"	["▁नदि", "याँ"]
6565	"▁समृद्ध"	["▁समृ", "द्ध"]
6566	"▁data"	["▁d", "ata"]
6567	"▁ఆయన"	["▁ఆ", "యన"]
6568	"▁చేశా"	["▁చే", "శా"]
6569	"▁عرب"	["▁ع", "رب"]
6570	"▁work"	["▁wor", "k"]
6571	"▁राजनैतिक"	["▁राज", "नैतिक"]
6572	"▁लक्ष"	["▁ल", "क्ष"]
6573	"▁मिलियन"	["▁मि", "लियन"]
6574	"▁amphi"	["▁amp", "hi"]
6575	"▁सां"	["▁", "सां"]
6576	"ivity"	["iv", "ity"]
6577	"▁Mal"	["▁M", "al"]
6578	"▁आक्रमण"	["▁आ", "क्रमण"]
6579	"▁alm"	["▁al", "m"]
6580	"▁పురా"	["▁పు", "రా"]
6581	"▁వెలు"	["▁వె", "లు"]
6582	"..."	["..", "."]
6583	"▁گیا۔"	["▁گیا", "۔"]
6584	"▁టెలి"	["▁టె", "లి"]
6585	"▁క్ర"	["▁", "క్ర"]
6586	"▁age"	["▁a", "ge"]
6587	"ar,"	["ar", ","]
6588	"▁بی"	["▁ب", "ی"]
6589	"am,"	["am", ","]
6590	"▁خط"	["▁خ", "ط"]
6591	"▁systems"	["▁system", "s"]
6592	"▁पुर्त"	["▁पु", "र्त"]
6593	"▁زمانے"	["▁زمان", "ے"]
6594	"▁अमरी"	["▁अम", "री"]
6595	".३"	[".", "३"]
6596	"ez"	["e", "z"]
6597	"–19"	["–", "19"]
6598	"▁నో"	["▁", "నో"]
6599	"▁pri"	["▁p", "ri"]
6600	"▁lif"	["▁l", "if"]
6601	"▁रही"	["▁र", "ही"]
6602	"▁होने"	["▁हो", "ने"]
6603	"▁समाप्त"	["▁समा", "प्त"]
6604	"▁ఇక్కడి"	["▁ఇక్క", "డి"]
6605	"▁دوسرے"	["▁دوسر", "ے"]
6606	"▁half"	["▁hal", "f"]
6607	"▁सम्मिलित"	["▁सम्मि", "लित"]
6608	"▁నృ"	["▁", "నృ"]
6609	"▁numbers"	["▁num", "bers"]
6610	"▁गुप्त"	["▁गु", "प्त"]
6611	"▁ریاستوں"	["▁ریاست", "وں"]
6612	"▁पुर्तगा"	["▁पुर्त", "गा"]
6613	"పలి"	["ప", "లి"]
6614	"మన"	["మ", "న"]
6615	"▁గీ"	["▁", "గీ"]
6616	"ण्डल"	["ण्ड", "ल"]
6617	"▁average"	["▁a", "verage"]
6618	"▁lat"	["▁l", "at"]
6619	"رین"	["ری", "ن"]
6620	"▁नवी"	["▁न", "वी"]
6621	"▁مرکزی"	["▁مرک", "زی"]
6622	"सून"	["सू", "न"]
6623	"reg"	["re", "g"]
6624	"▁maint"	["▁m", "aint"]
6625	"▁تنا"	["▁ت", "نا"]
6626	"▁foreign"	["▁fore", "ign"]
6627	"لم"	["ل", "م"]
6628	"वर्ष"	["व", "र्ष"]
6629	"erc"	["er", "c"]
6630	"▁ہز"	["▁ہ", "ز"]
6631	"▁سکھ"	["▁س", "کھ"]
6632	"▁Dem"	["▁D", "em"]
6633	"▁కలిగిన"	["▁కలి", "గిన"]
6634	"▁disc"	["▁dis", "c"]
6635	"BC"	["B", "C"]
6636	"▁कें"	["▁", "कें"]
6637	"▁post"	["▁p", "ost"]
6638	"▁fac"	["▁f", "ac"]
6639	"▁काम"	["▁का", "म"]
6640	"▁تھی"	["▁تھ", "ی"]
6641	"▁సుమారు"	["▁సు", "మారు"]
6642	"▁దినాలు"	["▁ది", "నాలు"]
6643	"न्द्रीय"	["न्द्री", "य"]
6644	"aries"	["ar", "ies"]
6645	"اہب"	["اہ", "ب"]
6646	"▁caus"	["▁ca", "us"]
6647	"▁member"	["▁m", "ember"]
6648	"▁केन्द्रीय"	["▁के", "न्द्रीय"]
6649	"▁gas"	["▁g", "as"]
6650	"▁govern"	["▁g", "overn"]
6651	"▁చేసిన"	["▁చే", "సిన"]
6652	"ence."	["ence", "."]
6653	"▁सिने"	["▁सि", "ने"]
6654	"▁సాహిత్యం"	["▁సాహి", "త్యం"]
6655	"▁नवीन"	["▁नवी", "न"]
6656	"हन"	["ह", "न"]
6657	"తిని"	["తి", "ని"]
6658	"onic"	["on", "ic"]
6659	"▁నివా"	["▁ని", "వా"]
6660	"▁२४"	["▁२", "४"]
6661	"espite"	["esp", "ite"]
6662	"▁مذاہب"	["▁مذ", "اہب"]
6663	"▁मानसून"	["▁मान", "सून"]
6664	"-y"	["-", "y"]
6665	"کر"	["ک", "ر"]
6666	"క్తులు"	["క్తు", "లు"]
6667	"▁پاس"	["▁پ", "اس"]
6668	"ine,"	["ine", ","]
6669	"▁independent"	["▁independ", "ent"]
6670	"▁బ్రహ్మ"	["▁బ్ర", "హ్మ"]
6671	"▁सिनेमा"	["▁सिने", "मा"]
6672	"▁gr"	["▁g", "r"]
6673	"▁देख"	["▁दे", "ख"]
6674	"▁adop"	["▁ad", "op"]
6675	"▁Africa"	["▁Afric", "a"]
6676	"▁अभिया"	["▁अभि", "या"]
6677	"medi"	["med", "i"]
6678	"▁చక్రవర్తి"	["▁చక్ర", "వర్తి"]
6679	"महाद्वीप"	["महा", "द्वीप"]
6680	"६."	["६", "."]
6681	"▁gave"	["▁g", "ave"]
6682	"▁सकता"	["▁सक", "ता"]
6683	"రువు"	["రు", "వు"]
6684	"నీ,"	["నీ", ","]
6685	"▁వినా"	["▁వి", "నా"]
6686	"ment."	["ment", "."]
6687	"ندی"	["ند", "ی"]
6688	"▁उपमहाद्वीप"	["▁उप", "महाद्वीप"]
6689	"▁domin"	["▁dom", "in"]
6690	"ma"	["m", "a"]
6691	"ریع"	["ری", "ع"]
6692	"▁२२"	["▁२", "२"]
6693	"▁coll"	["▁col", "l"]
6694	"▁primary"	["▁prim", "ary"]
6695	"▁Republic"	["▁Rep", "ublic"]
6696	"i-"	["i", "-"]
6697	"▁تین"	["▁ت", "ین"]
6698	"▁deb"	["▁de", "b"]
6699	"▁చాళు"	["▁చా", "ళు"]
6700	"ilding"	["ild", "ing"]
6701	"▁२०११"	["▁२०१", "१"]
6702	"-year"	["-y", "ear"]
6703	"▁qual"	["▁", "qual"]
6704	"र्तित"	["र्ति", "त"]
6705	"▁మద్రా"	["▁మ", "ద్రా"]
6706	"▁इण्डि"	["▁इ", "ण्डि"]
6707	"anted"	["ant", "ed"]
6708	"ues"	["u", "es"]
6709	"मण्डल"	["म", "ण्डल"]
6710	"पेक्ष"	["पे", "क्ष"]
6711	"▁trib"	["▁t", "rib"]
6712	"▁typ"	["▁t", "yp"]
6713	"▁Ocean"	["▁O", "cean"]
6714	"▁role"	["▁ro", "le"]
6715	"▁پیداوار"	["▁پیدا", "وار"]
6716	"▁may"	["▁m", "ay"]
6717	"uls"	["ul", "s"]
6718	"▁उष्ण"	["▁उ", "ष्ण"]
6719	"▁188"	["▁18", "8"]
6720	"▁regard"	["▁reg", "ard"]
6721	"▁పట్టణ"	["▁పట్ట", "ణ"]
6722	"▁परिवर्तित"	["▁परिव", "र्तित"]
6723	"▁January"	["▁Jan", "uary"]
6724	"४."	["४", "."]
6725	"▁यो"	["▁", "यो"]
6726	"▁bus"	["▁b", "us"]
6727	"▁جائے"	["▁ج", "ائے"]
6728	"▁culture"	["▁cult", "ure"]
6729	"▁outside"	["▁out", "side"]
6730	"▁१९८०"	["▁१९८", "०"]
6731	"▁बढ़कर"	["▁बढ़", "कर"]
6732	"میر"	["م", "یر"]
6733	"▁बां"	["▁", "बां"]
6734	"▁compan"	["▁comp", "an"]
6735	"16"	["1", "6"]
6736	"ving"	["v", "ing"]
6737	"४%"	["४", "%"]
6738	"▁sil"	["▁s", "il"]
6739	"▁super"	["▁su", "per"]
6740	"▁Early"	["▁E", "arly"]
6741	"▁२६"	["▁२", "६"]
6742	"▁కొనసా"	["▁కొ", "నసా"]
6743	"col"	["c", "ol"]
6744	"▁vict"	["▁v", "ict"]
6745	"▁भील"	["▁भी", "ल"]
6746	"ought"	["ough", "t"]
6747	"▁Islamic"	["▁Islam", "ic"]
6748	"▁दीर्घ"	["▁दी", "र्घ"]
6749	"iness"	["in", "ess"]
6750	"▁सश"	["▁स", "श"]
6751	"▁exc"	["▁ex", "c"]
6752	"▁करती"	["▁कर", "ती"]
6753	"▁percent"	["▁per", "cent"]
6754	"▁practic"	["▁pract", "ic"]
6755	"▁ఇందులో"	["▁ఇందు", "లో"]
6756	"రములో"	["ర", "ములో"]
6757	"कालिक"	["का", "लिक"]
6758	"क्षण"	["क्ष", "ण"]
6759	"न्त्रिक"	["न्त्रि", "क"]
6760	"▁action"	["▁a", "ction"]
6761	"▁वर्ण"	["▁व", "र्ण"]
6762	"▁१९६२"	["▁१९६", "२"]
6763	"ؤں"	["ؤ", "ں"]
6764	"▁రొ"	["▁", "రొ"]
6765	"▁आं"	["▁", "आं"]
6766	"anced"	["an", "ced"]
6767	"▁foc"	["▁f", "oc"]
6768	"▁went"	["▁w", "ent"]
6769	"▁today"	["▁to", "day"]
6770	"▁commonly"	["▁common", "ly"]
6771	"▁consider"	["▁consid", "er"]
6772	"▁saf"	["▁s", "af"]
6773	"abit"	["ab", "it"]
6774	"▁extreme"	["▁ext", "reme"]
6775	"lood"	["lo", "od"]
6776	"عداد"	["عد", "اد"]
6777	"▁greater"	["▁great", "er"]
6778	"▁సేవ"	["▁సే", "వ"]
6779	"▁उसके"	["▁उस", "के"]
6780	"کا"	["ک", "ا"]
6781	"atical"	["at", "ical"]
6782	"itect"	["it", "ect"]
6783	"▁کھ"	["▁ک", "ھ"]
6784	"▁Bi"	["▁B", "i"]
6785	"▁any"	["▁an", "y"]
6786	"▁పోష"	["▁పో", "ష"]
6787	"▁علاقوں"	["▁علاق", "وں"]
6788	"▁provided"	["▁prov", "ided"]
6789	"▁निभायी"	["▁निभा", "यी"]
6790	"▁lingu"	["▁ling", "u"]
6791	"▁ఆధునిక"	["▁ఆ", "ధునిక"]
6792	"oted"	["ot", "ed"]
6793	"▁عال"	["▁ع", "ال"]
6794	"▁presence"	["▁pres", "ence"]
6795	"▁برطانیہ"	["▁برطان", "یہ"]
6796	"▁languages,"	["▁languag", "es,"]
6797	"▁دفاعی"	["▁دفاع", "ی"]
6798	"▁రీ"	["▁", "రీ"]
6799	"▁शै"	["▁", "शै"]
6800	"चीफ"	["ची", "फ"]
6801	"▁days"	["▁d", "ays"]
6802	"▁یون"	["▁ی", "ون"]
6803	"▁ఊ"	["▁", "ఊ"]
6804	"▁తో"	["▁", "తో"]
6805	"రించిన"	["రిం", "చిన"]
6806	"amic"	["am", "ic"]
6807	"▁وید"	["▁و", "ید"]
6808	"▁contains"	["▁cont", "ains"]
6809	"▁again"	["▁ag", "ain"]
6810	"ically,"	["ically", ","]
6811	"▁added"	["▁add", "ed"]
6812	"▁oldest"	["▁old", "est"]
6813	"yan"	["y", "an"]
6814	"th-"	["th", "-"]
6815	"▁plann"	["▁pl", "ann"]
6816	"nts"	["nt", "s"]
6817	"▁rail"	["▁ra", "il"]
6818	"▁68"	["▁6", "8"]
6819	"▁meet"	["▁me", "et"]
6820	"▁communic"	["▁commun", "ic"]
6821	"wan"	["w", "an"]
6822	"నాథ"	["నా", "థ"]
6823	"న్నత"	["న్న", "త"]
6824	"nds"	["nd", "s"]
6825	"▁کی۔"	["▁کی", "۔"]
6826	"rupt"	["ru", "pt"]
6827	"▁rights"	["▁right", "s"]
6828	"400"	["4", "00"]
6829	"DP"	["D", "P"]
6830	"ba"	["b", "a"]
6831	"▁పాం"	["▁", "పాం"]
6832	"▁گئے۔"	["▁گ", "ئے۔"]
6833	"▁extend"	["▁ext", "end"]
6834	"▁experien"	["▁experi", "en"]
6835	"▁Mad"	["▁M", "ad"]
6836	"▁خلاف"	["▁خ", "لاف"]
6837	"▁Thom"	["▁Th", "om"]
6838	"क,"	["क", ","]
6839	"దువు"	["దు", "వు"]
6840	"▁met"	["▁m", "et"]
6841	"▁summer"	["▁sum", "mer"]
6842	"-e"	["-", "e"]
6843	"స్వామి"	["స్వా", "మి"]
6844	"ine."	["ine", "."]
6845	"▁स्थापित"	["▁स्था", "पित"]
6846	"▁architect"	["▁arch", "itect"]
6847	"▁बंगा"	["▁बं", "गा"]
6848	"▁adopted"	["▁adop", "ted"]
6849	"▁ति"	["▁", "ति"]
6850	"▁Nic"	["▁N", "ic"]
6851	"▁chall"	["▁ch", "all"]
6852	"▁బాగా"	["▁బా", "గా"]
6853	"▁లింకులు"	["▁లిం", "కులు"]
6854	"దల"	["ద", "ల"]
6855	"ory."	["or", "y."]
6856	"▁Mod"	["▁M", "od"]
6857	"umpt"	["um", "pt"]
6858	"▁ہوتا"	["▁ہو", "تا"]
6859	"▁basic"	["▁bas", "ic"]
6860	"▁Eastern"	["▁East", "ern"]
6861	"▁prominent"	["▁prom", "inent"]
6862	"▁accomp"	["▁acc", "omp"]
6863	"▁బౌద్ధ"	["▁బౌ", "ద్ధ"]
6864	"ship"	["s", "hip"]
6865	"రియా"	["రి", "యా"]
6866	"జ్ఞాన"	["జ్ఞా", "న"]
6867	"olk"	["ol", "k"]
6868	"▁consists"	["▁cons", "ists"]
6869	"▁تمام"	["▁تم", "ام"]
6870	"▁Thomas"	["▁Thom", "as"]
6871	"لف"	["ل", "ف"]
6872	"భార"	["భా", "ర"]
6873	"▁count"	["▁c", "ount"]
6874	"utt"	["ut", "t"]
6875	"▁దేవా"	["▁దే", "వా"]
6876	"akh"	["ak", "h"]
6877	"▁state,"	["▁state", ","]
6878	"▁later,"	["▁later", ","]
6879	"▁signed"	["▁sign", "ed"]
6880	"▁colonial"	["▁col", "onial"]
6881	"▁)"	["▁", ")"]
6882	"ద్యమం"	["ద్య", "మం"]
6883	"▁ఇరా"	["▁ఇ", "రా"]
6884	"▁sup"	["▁su", "p"]
6885	"▁language,"	["▁language", ","]
6886	"▁सीमा"	["▁सी", "मा"]
6887	"▁cases"	["▁cas", "es"]
6888	"▁recorded"	["▁record", "ed"]
6889	"▁साहित्य"	["▁साहि", "त्य"]
6890	"th-century"	["th-", "century"]
6891	"oice"	["o", "ice"]
6892	"కార"	["కా", "ర"]
6893	"orce"	["or", "ce"]
6894	"▁nar"	["▁n", "ar"]
6895	"▁విధంగా"	["▁వి", "ధంగా"]
6896	"▁On"	["▁O", "n"]
6897	"سانی"	["س", "انی"]
6898	"▁శై"	["▁", "శై"]
6899	"త్సవం"	["త్స", "వం"]
6900	"▁ہر"	["▁ہ", "ر"]
6901	"▁80%"	["▁8", "0%"]
6902	"ellig"	["ell", "ig"]
6903	"▁war,"	["▁war", ","]
6904	"▁లెక్క"	["▁లె", "క్క"]
6905	"▁whereas"	["▁whe", "reas"]
6906	"డుగు"	["డు", "గు"]
6907	"రింది."	["రిం", "ది."]
6908	"▁institution"	["▁in", "stitution"]
6909	"▁1,000"	["▁1", ",000"]
6910	"▁Jud"	["▁J", "ud"]
6911	"▁rare"	["▁ra", "re"]
6912	"▁industrial"	["▁indust", "rial"]
6913	"▁రచయిత."	["▁రచయిత", "."]
6914	"▁बौद्ध"	["▁बौ", "द्ध"]
6915	"▁and,"	["▁and", ","]
6916	"▁reven"	["▁re", "ven"]
6917	"▁आप"	["▁आ", "प"]
6918	"▁مت،"	["▁مت", "،"]
6919	"▁belong"	["▁bel", "ong"]
6920	"tym"	["ty", "m"]
6921	"▁مذہب"	["▁مذہ", "ب"]
6922	"▁cinem"	["▁cin", "em"]
6923	"▁amphibian"	["▁amphi", "bian"]
6924	"లు)"	["లు", ")"]
6925	"itn"	["it", "n"]
6926	"aras"	["ar", "as"]
6927	"▁pay"	["▁p", "ay"]
6928	"▁dro"	["▁d", "ro"]
6929	"▁diverse"	["▁d", "iverse"]
6930	"▁Treat"	["▁T", "reat"]
6931	"▁BBC"	["▁B", "BC"]
6932	"▁doct"	["▁do", "ct"]
6933	"▁مو"	["▁م", "و"]
6934	"▁समू"	["▁स", "मू"]
6935	"usive"	["us", "ive"]
6936	"▁رس"	["▁ر", "س"]
6937	"▁income"	["▁inc", "ome"]
6938	"▁shared"	["▁sh", "ared"]
6939	"▁ఐదు"	["▁ఐ", "దు"]
6940	"▁पश्चिमी"	["▁पश्चि", "मी"]
6941	"▁completed"	["▁comple", "ted"]
6942	"▁initi"	["▁init", "i"]
6943	"ضرت"	["ض", "رت"]
6944	"దరి"	["ద", "రి"]
6945	"on-"	["on", "-"]
6946	"▁تعداد"	["▁ت", "عداد"]
6947	"▁ఇదే"	["▁ఇ", "దే"]
6948	"▁because"	["▁bec", "ause"]
6949	"▁స్వామి"	["▁స్వా", "మి"]
6950	"eget"	["eg", "et"]
6951	"▁figure"	["▁fig", "ure"]
6952	"mediately"	["medi", "ately"]
6953	"air"	["a", "ir"]
6954	"दर्श"	["द", "र्श"]
6955	"षण"	["ष", "ण"]
6956	"కాలం"	["కా", "లం"]
6957	"గిరి"	["గి", "రి"]
6958	"प्रिय"	["प्रि", "य"]
6959	"▁veget"	["▁v", "eget"]
6960	"arting"	["art", "ing"]
6961	"over,"	["over", ","]
6962	"▁electric"	["▁elect", "ric"]
6963	"▁medieval"	["▁med", "ieval"]
6964	"▁business"	["▁bus", "iness"]
6965	"ళూరు"	["ళూ", "రు"]
6966	"lex"	["le", "x"]
6967	"▁راج"	["▁ر", "اج"]
6968	"▁آئ"	["▁آ", "ئ"]
6969	"▁leaving"	["▁le", "aving"]
6970	"▁قر"	["▁ق", "ر"]
6971	"▁network"	["▁net", "work"]
6972	"▁indigenous"	["▁indigen", "ous"]
6973	"فی"	["ف", "ی"]
6974	"▁मह"	["▁म", "ह"]
6975	"▁పూర్వ"	["▁పూ", "ర్వ"]
6976	"▁arrived"	["▁arr", "ived"]
6977	"▁decades"	["▁decad", "es"]
6978	"uis"	["u", "is"]
6979	"▁ये"	["▁", "ये"]
6980	"▁pil"	["▁p", "il"]
6981	"▁जाने"	["▁जा", "ने"]
6982	"▁chur"	["▁ch", "ur"]
6983	"ressure"	["ress", "ure"]
6984	"▁notably"	["▁not", "ably"]
6985	"asures"	["as", "ures"]
6986	"▁leaders"	["▁lead", "ers"]
6987	"▁انتظ"	["▁انت", "ظ"]
6988	"▁expanded"	["▁expand", "ed"]
6989	"▁strength"	["▁streng", "th"]
6990	"-8"	["-", "8"]
6991	"▁since"	["▁s", "ince"]
6992	"▁toward"	["▁to", "ward"]
6993	"▁habit"	["▁h", "abit"]
6994	"▁రూపొం"	["▁రూ", "పొం"]
6995	"claim"	["cl", "aim"]
6996	"▁mathematics"	["▁mathematic", "s"]
6997	"then"	["t", "hen"]
6998	"डिया"	["डि", "या"]
6999	"▁high-"	["▁high", "-"]
7000	"espread"	["esp", "read"]
7001	"▁उनका"	["▁उन", "का"]
7002	"▁weap"	["▁we", "ap"]
7003	"▁shift"	["▁shif", "t"]
7004	"వచ్చు."	["వ", "చ్చు."]
7005	"▁nor"	["▁n", "or"]
7006	"▁Sin"	["▁S", "in"]
7007	"▁2014"	["▁201", "4"]
7008	"▁గ్రామా"	["▁గ్రా", "మా"]
7009	"▁उत्तरी"	["▁उत्त", "री"]
7010	"▁widespread"	["▁wid", "espread"]
7011	"DA"	["D", "A"]
7012	"ycl"	["y", "cl"]
7013	"వర్గం"	["వ", "ర్గం"]
7014	"▁బ్రా"	["▁", "బ్రా"]
7015	"गीत"	["गी", "त"]
7016	"▁cle"	["▁c", "le"]
7017	"▁plural"	["▁pl", "ural"]
7018	"▁83"	["▁8", "3"]
7019	"ressive"	["ress", "ive"]
7020	"▁surp"	["▁sur", "p"]
7021	"▁mathematical"	["▁mathem", "atical"]
7022	"▁loose"	["▁lo", "ose"]
7023	"▁employed"	["▁employ", "ed"]
7024	"rimin"	["rim", "in"]
7025	"▁linguistic"	["▁lingu", "istic"]
7026	"रित"	["रि", "त"]
7027	"త్రి,"	["త్రి", ","]
7028	"▁Ach"	["▁A", "ch"]
7029	"abad"	["ab", "ad"]
7030	"operation"	["op", "eration"]
7031	"▁పంజా"	["▁పం", "జా"]
7032	"▁लेकर"	["▁ले", "कर"]
7033	"▁వెలుపలి"	["▁వెలు", "పలి"]
7034	"Europ"	["E", "urop"]
7035	"اح"	["ا", "ح"]
7036	"వడం"	["వ", "డం"]
7037	"కం,"	["కం", ","]
7038	"anch"	["an", "ch"]
7039	"anag"	["an", "ag"]
7040	"anied"	["an", "ied"]
7041	"▁prob"	["▁pro", "b"]
7042	"▁marg"	["▁mar", "g"]
7043	"▁species."	["▁spec", "ies."]
7044	"▁rebell"	["▁reb", "ell"]
7045	"▁पर्यटन"	["▁पर्य", "टन"]
7046	"European"	["Europ", "ean"]
7047	"▁గంగా"	["▁", "గంగా"]
7048	"▁tens"	["▁t", "ens"]
7049	"uru"	["ur", "u"]
7050	"uscript"	["us", "cript"]
7051	"▁यहां"	["▁य", "हां"]
7052	"▁Thus,"	["▁Th", "us,"]
7053	"▁దీనికి"	["▁దీ", "నికి"]
7054	"▁north,"	["▁north", ","]
7055	"▁పర్యాటక"	["▁పర్యా", "టక"]
7056	"▁Arabian"	["▁Ara", "bian"]
7057	"▁पंजाब"	["▁पंजा", "ब"]
7058	"▁మద్రాసు"	["▁మద్రా", "సు"]
7059	"▁railway"	["▁rail", "way"]
7060	"▁accompanied"	["▁accomp", "anied"]
7061	"s—"	["s", "—"]
7062	"హమ్మ"	["హ", "మ్మ"]
7063	"▁1.4"	["▁1", ".4"]
7064	"▁rept"	["▁re", "pt"]
7065	"▁ఆరో"	["▁ఆ", "రో"]
7066	"▁ఇంది"	["▁ఇం", "ది"]
7067	"▁طرف"	["▁طر", "ف"]
7068	"▁enter"	["▁ent", "er"]
7069	"▁అతని"	["▁అత", "ని"]
7070	"▁goods"	["▁good", "s"]
7071	"తాయి."	["తా", "యి."]
7072	"alt"	["al", "t"]
7073	"▁1000"	["▁1", "000"]
7074	"▁are:"	["▁are", ":"]
7075	"meric"	["mer", "ic"]
7076	"▁formally"	["▁form", "ally"]
7077	"▁ago."	["▁ag", "o."]
7078	"▁consumpt"	["▁cons", "umpt"]
7079	"▁Geography"	["▁Geograph", "y"]
7080	"▁labour"	["▁lab", "our"]
7081	"▁contributions"	["▁contribution", "s"]
7082	"▁narrow"	["▁nar", "row"]
7083	"–201"	["–", "201"]
7084	"—w"	["—", "w"]
7085	"▁దశ"	["▁ద", "శ"]
7086	"▁declined"	["▁decl", "ined"]
7087	"▁minority"	["▁minor", "ity"]
7088	"down"	["d", "own"]
7089	"life"	["l", "ife"]
7090	"▁witn"	["▁w", "itn"]
7091	"▁disrupt"	["▁dis", "rupt"]
7092	"▁classes"	["▁class", "es"]
7093	"-sc"	["-s", "c"]
7094	"place"	["pl", "ace"]
7095	"rises"	["ris", "es"]
7096	"▁Juda"	["▁Jud", "a"]
7097	"ns"	["n", "s"]
7098	"వుని"	["వు", "ని"]
7099	"▁II"	["▁I", "I"]
7100	"ick"	["ic", "k"]
7101	"thle"	["th", "le"]
7102	"▁Indians"	["▁Indian", "s"]
7103	"▁kil"	["▁k", "il"]
7104	"▁2020"	["▁202", "0"]
7105	"reasing"	["reas", "ing"]
7106	"▁manuscript"	["▁man", "uscript"]
7107	"▁emiss"	["▁em", "iss"]
7108	"▁representation"	["▁represent", "ation"]
7109	"▁curren"	["▁cur", "ren"]
7110	"▁village"	["▁vill", "age"]
7111	"▁infrastructure"	["▁infrast", "ructure"]
7112	"▁athle"	["▁a", "thle"]
7113	"▁ago,"	["▁ag", "o,"]
7114	"▁लोकप्रिय"	["▁लोक", "प्रिय"]
7115	"▁era,"	["▁er", "a,"]
7116	"▁protected"	["▁protect", "ed"]
7117	"▁affirm"	["▁aff", "irm"]
7118	"encies"	["enc", "ies"]
7119	"▁degrad"	["▁deg", "rad"]
7120	"3%),"	["3", "%),"]
7121	"▁pover"	["▁p", "over"]
7122	"▁compr"	["▁comp", "r"]
7123	"▁intervent"	["▁inter", "vent"]
7124	"▁balance"	["▁bal", "ance"]
7125	"▁سلطن"	["▁سل", "طن"]
7126	"ya,"	["y", "a,"]
7127	"ई,"	["ई", ","]
7128	"▁అక్ష"	["▁అ", "క్ష"]
7129	"▁Pall"	["▁P", "all"]
7130	"▁relief"	["▁rel", "ief"]
7131	"▁choice"	["▁ch", "oice"]
7132	"▁1990s"	["▁199", "0s"]
7133	"ھیل"	["ھی", "ل"]
7134	"▁secular"	["▁sec", "ular"]
7135	"▁everyday"	["▁every", "day"]
7136	"▁जिनमें"	["▁जिन", "में"]
7137	"▁اہم"	["▁اہ", "م"]
7138	"▁جمہوریہ"	["▁جمہور", "یہ"]
7139	"▁Vedic"	["▁Ved", "ic"]
7140	"▁rarely"	["▁rare", "ly"]
7141	"-scale"	["-sc", "ale"]
7142	"9%),"	["9", "%),"]
7143	"కాలంలో"	["కా", "లంలో"]
7144	"नाव"	["ना", "व"]
7145	"▁tak"	["▁t", "ak"]
7146	"▁c."	["▁c", "."]
7147	"▁प्रका"	["▁प्र", "का"]
7148	"▁basin"	["▁bas", "in"]
7149	"▁power."	["▁power", "."]
7150	"▁విజయ"	["▁విజ", "య"]
7151	"▁arrival"	["▁arr", "ival"]
7152	"▁drawing"	["▁draw", "ing"]
7153	"▁victories"	["▁vict", "ories"]
7154	"▁Nicob"	["▁Nic", "ob"]
7155	"6."	["6", "."]
7156	"ٹا"	["ٹ", "ا"]
7157	"డుతు"	["డు", "తు"]
7158	"టెడ్"	["టె", "డ్"]
7159	"स्कृतिक"	["स्कृ", "तिक"]
7160	"▁gains"	["▁g", "ains"]
7161	"▁వారు"	["▁వా", "రు"]
7162	"▁Dance"	["▁D", "ance"]
7163	"▁Non-"	["▁N", "on-"]
7164	"▁బహి"	["▁బ", "హి"]
7165	"▁seats"	["▁se", "ats"]
7166	"▁పరిస్థి"	["▁పరి", "స్థి"]
7167	"▁40%"	["▁4", "0%"]
7168	"▁పేరుతో"	["▁పేరు", "తో"]
7169	"▁1950s,"	["▁1950", "s,"]
7170	"▁winds"	["▁win", "ds"]
7171	"elfare"	["elf", "are"]
7172	"▁China's"	["▁China", "'s"]
7173	"▁kilomet"	["▁kil", "omet"]
7174	"uth"	["u", "th"]
7175	"▁welfare"	["▁w", "elfare"]
7176	"celer"	["ce", "ler"]
7177	"▁నదులు"	["▁న", "దులు"]
7178	"▁رق"	["▁ر", "ق"]
7179	"▁Keral"	["▁K", "eral"]
7180	"gener"	["gen", "er"]
7181	"▁13th"	["▁13", "th"]
7182	".45"	[".4", "5"]
7183	"▁literacy"	["▁liter", "acy"]
7184	"▁communities."	["▁communities", "."]
7185	"▁poverty"	["▁pover", "ty"]
7186	"टक"	["ट", "क"]
7187	"తన"	["త", "న"]
7188	"▁ఋ"	["▁", "ఋ"]
7189	"▁large-scale"	["▁large", "-scale"]
7190	"▁acceler"	["▁ac", "celer"]
7191	"▁boom"	["▁bo", "om"]
7192	"▁Muslims,"	["▁Muslim", "s,"]
7193	"▁distinctive"	["▁distinct", "ive"]
7194	"▁విమానా"	["▁విమా", "నా"]
7195	"▁substantially"	["▁substant", "ially"]
7196	"▁Zoroastrian"	["▁Zoroastr", "ian"]
7197	"▁సంఘం"	["▁సం", "ఘం"]
7198	"irrig"	["ir", "rig"]
7199	"▁زیر"	["▁ز", "یر"]
7200	"▁మైదా"	["▁మై", "దా"]
7201	"▁devot"	["▁dev", "ot"]
7202	"▁painting,"	["▁paint", "ing,"]
7203	"▁(c."	["▁(c", "."]
7204	"▁समूह"	["▁समू", "ह"]
7205	"▁witnessed"	["▁witn", "essed"]
7206	"▁Judaism,"	["▁Juda", "ism,"]
7207	"తుడు"	["తు", "డు"]
7208	"వంటి"	["వం", "టి"]
7209	"▁mi)"	["▁m", "i)"]
7210	"adem"	["ad", "em"]
7211	"▁विशा"	["▁वि", "शा"]
7212	"▁Gond"	["▁G", "ond"]
7213	"▁marry"	["▁mar", "ry"]
7214	"▁eros"	["▁er", "os"]
7215	"రాయణ"	["రాయ", "ణ"]
7216	"▁Bihar"	["▁Bi", "har"]
7217	"2:"	["2", ":"]
7218	"కాల"	["కా", "ల"]
7219	"▁موجود"	["▁م", "وجود"]
7220	"▁కాకుండా"	["▁కా", "కుండా"]
7221	"angetic"	["ang", "etic"]
7222	"▁vari"	["▁v", "ari"]
7223	"▁nonviol"	["▁non", "viol"]
7224	"▁birthplace"	["▁birth", "place"]
7225	"▁kingdoms"	["▁kingdom", "s"]
7226	"▁surpassing"	["▁surp", "assing"]
7227	"ల్లూరు"	["ల్లూ", "రు"]
7228	"▁Indira"	["▁Indi", "ra"]
7229	"romise"	["rom", "ise"]
7230	"▁varn"	["▁v", "arn"]
7231	"ogam"	["og", "am"]
7232	"▁million)"	["▁million", ")"]
7233	"▁sub-t"	["▁sub", "-t"]
7234	"▁traditions."	["▁tradition", "s."]
7235	"▁Buddha"	["▁Buddh", "a"]
7236	"▁Still"	["▁St", "ill"]
7237	"▁parliament."	["▁parliament", "."]
7238	"▁minister."	["▁minister", "."]
7239	"▁cooked"	["▁cook", "ed"]
7240	"-kn"	["-k", "n"]
7241	"▁Maurya"	["▁Maury", "a"]
7242	"▁initiatives"	["▁initi", "atives"]
7243	"نو"	["ن", "و"]
7244	"alw"	["al", "w"]
7245	"▁ele"	["▁e", "le"]
7246	"▁Simultaneous"	["▁S", "imultaneous"]
7247	"illennium"	["ill", "ennium"]
7248	"▁Dal"	["▁D", "al"]
7249	"▁నటు"	["▁న", "టు"]
7250	"▁compromise"	["▁comp", "romise"]
7251	"ameez"	["ame", "ez"]
7252	"▁kameez"	["▁k", "ameez"]
7253	".7%)"	[".7", "%)"]
7254	"▁parliament,"	["▁parliament", ","]
7255	"▁drain"	["▁dra", "in"]
7256	"▁సంఘటన"	["▁సంఘ", "టన"]
7257	"▁Jainism,"	["▁Jain", "ism,"]
7258	"▁widening"	["▁wid", "ening"]
7259	"▁citizenship"	["▁citizens", "hip"]
7260	"▁kilometres"	["▁kilomet", "res"]
7261	"▁Simultaneously,"	["▁Simultaneous", "ly,"]
7262	"▁|"	["▁", "|"]
7263	"గృహా"	["గృ", "హా"]
7264	"▁am"	["▁a", "m"]
7265	"▁sari"	["▁s", "ari"]
7266	"▁sultanate"	["▁s", "ultanate"]
7267	"aro,"	["ar", "o,"]
7268	"▁BJP"	["▁B", "JP"]
7269	"▁इस्ला"	["▁इ", "स्ला"]
7270	"▁was:"	["▁was", ":"]
7271	"▁Laksh"	["▁L", "aksh"]
7272	"▁2025,"	["▁202", "5,"]
7273	"▁language\""	["▁language", "\""]
7274	"henjo"	["hen", "jo"]
7275	"▁సంవత్సరం"	["▁సంవత్స", "రం"]
7276	".8%),"	[".8", "%),"]
7277	"▁women)."	["▁women", ")."]
7278	"▁subcontinent,"	["▁subcontinent", ","]
7279	"▁nationalism."	["▁national", "ism."]
7280	"▁institutionalised"	["▁institutional", "ised"]
7281	"▁natal"	["▁nat", "al"]
7282	"▁Civilisation"	["▁Civil", "isation"]
7283	"▁Scheduled"	["▁Sched", "uled"]
7284	"▁hereditary"	["▁hered", "itary"]
7285	"▁untouchabil"	["▁untouch", "abil"]
7286	"▁Mohenjo"	["▁Mo", "henjo"]
7287	"▁Pallav"	["▁Pall", "av"]
7288	"▁Zoroastrianism"	["▁Zoroastrian", "ism"]
7289	"-knit"	["-kn", "it"]
7290	"▁Mohenjo-d"	["▁Mohenjo", "-d"]
7291	"—d"	["—", "d"]
7292	"దేశ"	["దే", "శ"]
7293	"▁अग"	["▁अ", "ग"]
7294	"adweep"	["ad", "weep"]
7295	"▁జరుగు"	["▁జ", "రుగు"]
7296	"▁subcontinent's"	["▁subcontinent", "'s"]
7297	"▁classical,"	["▁classical", ","]
7298	"▁محم"	["▁مح", "م"]
7299	"▁gaps,"	["▁gap", "s,"]
7300	"▁Gupta"	["▁Gupt", "a"]
7301	"▁churid"	["▁chur", "id"]
7302	"▁1.464"	["▁1.4", "64"]
7303	"▁Lakshadweep"	["▁Laksh", "adweep"]
7304	"▁Mohenjo-daro,"	["▁Mohenjo-d", "aro,"]
7305	"गढ़"	["ग", "ढ़"]
7306	"రించింది."	["రిం", "చింది."]
7307	"▁కాక"	["▁కా", "క"]
7308	"▁కాయ"	["▁కా", "య"]
7309	"▁స్థాయి"	["▁స్థా", "యి"]
7310	"▁سلطنت"	["▁سلطن", "ت"]
7311	"▁det"	["▁d", "et"]
7312	"▁Way"	["▁W", "ay"]
7313	"▁పుర"	["▁పు", "ర"]
7314	"▁ఏర్పడిన"	["▁ఏర్ప", "డిన"]
7315	"گی"	["گ", "ی"]
7316	"▁1975,"	["▁197", "5,"]
7317	"▁पुरु"	["▁पु", "रु"]
7318	"▁poss"	["▁p", "oss"]
7319	"▁मन"	["▁म", "न"]
7320	"ستی"	["ست", "ی"]
7321	"▁चो"	["▁", "चो"]
7322	"రాలలో"	["రా", "లలో"]
7323	"బాయి"	["బా", "యి"]
7324	"▁اج"	["▁ا", "ج"]
7325	"▁ఉపా"	["▁ఉ", "పా"]
7326	"▁7000"	["▁7", "000"]
7327	"▁పంపి"	["▁పం", "పి"]
7328	"▁9,000"	["▁9", ",000"]
7329	"▁مختلف"	["▁مخت", "لف"]
7330	"▁हॉ"	["▁", "हॉ"]
7331	"या।"	["या", "।"]
7332	"మంత"	["మం", "త"]
7333	"▁ins"	["▁in", "s"]
7334	"▁అతను"	["▁అ", "తను"]
7335	"▁Inter"	["▁In", "ter"]
7336	"▁అందిం"	["▁అం", "దిం"]
7337	"▁7,5"	["▁7", ",5"]
7338	"▁సామ్రాజ్యా"	["▁సామ్రా", "జ్యా"]
7339	"▁ప్రమా"	["▁ప్ర", "మా"]
7340	"▁విడి"	["▁వి", "డి"]
7341	"▁Mach"	["▁M", "ach"]
7342	"▁پار"	["▁پ", "ار"]
7343	"▁సంవత్సరములో"	["▁సంవత్స", "రములో"]
7344	"▁छोटे"	["▁छो", "टे"]
7345	"యాత్ర"	["యా", "త్ర"]
7346	"▁चला"	["▁च", "ला"]
7347	"...."	["..", ".."]
7348	"▁["	["▁", "["]
7349	"▁पार"	["▁पा", "र"]
7350	"▁मुस्लि"	["▁मु", "स्लि"]
7351	"▁والی"	["▁وال", "ی"]
7352	"▁विशाल"	["▁विशा", "ल"]
7353	"▁దృ"	["▁", "దృ"]
7354	"▁నెహ్రూ"	["▁నె", "హ్రూ"]
7355	"▁तुलना"	["▁तु", "लना"]
7356	"الی"	["ال", "ی"]
7357	"▁var"	["▁v", "ar"]
7358	"▁जनसं"	["▁जन", "सं"]
7359	"3,42"	["3,", "42"]
7360	"▁Wayback"	["▁Way", "back"]
7361	"पात"	["पा", "त"]
7362	"▁(5."	["▁(", "5."]
7363	"ola"	["ol", "a"]
7364	"▁हैं:"	["▁हैं", ":"]
7365	"▁పోటీ"	["▁పో", "టీ"]
7366	"▁7,517"	["▁7,5", "17"]
7367	"డం,"	["డం", ","]
7368	"▁دینے"	["▁د", "ینے"]
7369	"▁ప్రాంతాల"	["▁ప్రాంతా", "ల"]
7370	"▁انگریزی"	["▁انگری", "زی"]
7371	"राज"	["रा", "ज"]
7372	"स्थान"	["स्था", "न"]
7373	"▁اخ"	["▁ا", "خ"]
7374	"▁ప్రాంతం"	["▁ప్రాం", "తం"]
7375	"▁ఎంతో"	["▁ఎం", "తో"]
7376	"▁obs"	["▁ob", "s"]
7377	"▁రామాయ"	["▁రామా", "య"]
7378	"▁కోట"	["▁కో", "ట"]
7379	"▁స్థానిక"	["▁స్థా", "నిక"]
7380	"▁राजनीति"	["▁राजनी", "ति"]
7381	"▁పదవి"	["▁పద", "వి"]
7382	"▁దండ"	["▁దం", "డ"]
7383	"▁वृद्धि"	["▁वृ", "द्धि"]
7384	"▁ثقافت"	["▁ثقاف", "ت"]
7385	"▁విమానాశ్ర"	["▁విమానా", "శ్ర"]
7386	"▁मुस्लिम"	["▁मुस्लि", "म"]
7387	"▁ట్రా"	["▁", "ట్రా"]
7388	"पाँच"	["पाँ", "च"]
7389	"▁प्रणा"	["▁प्र", "णा"]
7390	"▁యుగం"	["▁యు", "గం"]
7391	"▁(మ.19"	["▁(మ", ".19"]
7392	"▁History"	["▁Histor", "y"]
7393	"కి.మీ"	["కి", ".మీ"]
7394	"▁وفاق"	["▁و", "فاق"]
7395	"▁ప్రస్తుత"	["▁ప్రస్తు", "త"]
7396	"ونوں"	["ون", "وں"]
7397	"wards"	["w", "ards"]
7398	"▁پھر"	["▁پ", "ھر"]
7399	"▁आग"	["▁आ", "ग"]
7400	"▁تعلقات"	["▁تعلق", "ات"]
7401	"▁ते"	["▁", "ते"]
7402	"▁గే"	["▁", "గే"]
7403	"शाली"	["शा", "ली"]
7404	"▁&"	["▁", "&"]
7405	"▁होना"	["▁हो", "ना"]
7406	"▁स्वतंत्रता"	["▁स्वतंत्र", "ता"]
7407	"mers"	["m", "ers"]
7408	"یم"	["ی", "م"]
7409	"▁नौ"	["▁", "नौ"]
7410	"స్థీకరణ"	["స్థీ", "కరణ"]
7411	"▁oper"	["▁o", "per"]
7412	"▁विरो"	["▁वि", "रो"]
7413	"▁తల"	["▁త", "ల"]
7414	"▁निम्न"	["▁नि", "म्न"]
7415	"▁गया,"	["▁गया", ","]
7416	"▁परिणा"	["▁परि", "णा"]
7417	"రమ"	["ర", "మ"]
7418	"రిత"	["రి", "త"]
7419	"▁مست"	["▁م", "ست"]
7420	"▁Americ"	["▁A", "meric"]
7421	"ollo"	["ol", "lo"]
7422	"▁دونوں"	["▁د", "ونوں"]
7423	"▁జాన"	["▁జా", "న"]
7424	"▁మూడవ"	["▁మూ", "డవ"]
7425	".8%"	[".8", "%"]
7426	"▁जनसंख्या"	["▁जनसं", "ख्या"]
7427	"hau"	["h", "au"]
7428	"కంటే"	["కం", "టే"]
7429	"▁కట్ట"	["▁క", "ట్ట"]
7430	"▁वास्त"	["▁वा", "स्त"]
7431	"▁ఓడిం"	["▁ఓ", "డిం"]
7432	"▁عرص"	["▁عر", "ص"]
7433	"▁یونین"	["▁یون", "ین"]
7434	"▁షా"	["▁", "షా"]
7435	"▁allow"	["▁al", "low"]
7436	"▁شاع"	["▁ش", "اع"]
7437	"▁پہنچ"	["▁پہ", "نچ"]
7438	"▁ముందు"	["▁ముం", "దు"]
7439	"▁దిగు"	["▁ది", "గు"]
7440	"टना"	["ट", "ना"]
7441	"▁మాం"	["▁", "మాం"]
7442	"▁విశాఖ"	["▁వి", "శాఖ"]
7443	"▁Des"	["▁D", "es"]
7444	"▁death"	["▁de", "ath"]
7445	"اہر"	["اہ", "ر"]
7446	"▁नागा"	["▁ना", "गा"]
7447	"▁జంతు"	["▁జం", "తు"]
7448	"▁0"	["▁", "0"]
7449	"▁ఆవి"	["▁ఆ", "వి"]
7450	"▁प्रणाली"	["▁प्रणा", "ली"]
7451	"▁وفاقی"	["▁وفاق", "ی"]
7452	"▁परिणाम"	["▁परिणा", "म"]
7453	"oy"	["o", "y"]
7454	"పురం"	["పు", "రం"]
7455	"ట్టారు."	["ట్టా", "రు."]
7456	"▁از"	["▁ا", "ز"]
7457	"▁Can"	["▁C", "an"]
7458	"▁सभ्य"	["▁स", "भ्य"]
7459	"▁పండుగ"	["▁పండు", "గ"]
7460	"▁یور"	["▁ی", "ور"]
7461	"hys"	["hy", "s"]
7462	"▁باوجود"	["▁با", "وجود"]
7463	"▁సాధారణంగా"	["▁సాధా", "రణంగా"]
7464	"کے"	["ک", "ے"]
7465	"యం,"	["యం", ","]
7466	"पेक्षा"	["पे", "क्षा"]
7467	"▁పట్టు"	["▁ప", "ట్టు"]
7468	"▁Gen"	["▁G", "en"]
7469	"▁comput"	["▁comp", "ut"]
7470	"▁ایشیائی"	["▁ایشیا", "ئی"]
7471	"▁తేదీలు"	["▁తేదీ", "లు"]
7472	"قہ"	["ق", "ہ"]
7473	"సాలు"	["సా", "లు"]
7474	"▁ఆచా"	["▁ఆ", "చా"]
7475	"▁నడు"	["▁న", "డు"]
7476	"▁తమిళనాడు"	["▁తమిళ", "నాడు"]
7477	"▁కనిపిం"	["▁కని", "పిం"]
7478	"▁పారిశ్రా"	["▁పారి", "శ్రా"]
7479	"ox"	["o", "x"]
7480	"▁టా"	["▁", "టా"]
7481	"रिया"	["रि", "या"]
7482	"టువంటి"	["టు", "వంటి"]
7483	"▁చెందింది."	["▁చెం", "దింది."]
7484	"▁సామ్రాజ్య"	["▁సామ్రా", "జ్య"]
7485	"▁పరిపాలిం"	["▁పరిపా", "లిం"]
7486	"▁point"	["▁po", "int"]
7487	"వుల"	["వు", "ల"]
7488	"▁చ."	["▁చ", "."]
7489	"▁राजवंश"	["▁राज", "वंश"]
7490	"▁తీసు"	["▁తీ", "సు"]
7491	"▁పౌర"	["▁పౌ", "ర"]
7492	"▁सभ्यता"	["▁सभ्य", "ता"]
7493	"▁ٹی"	["▁", "ٹی"]
7494	"व्यक्ति"	["व्य", "क्ति"]
7495	"▁అయింది."	["▁అ", "యింది."]
7496	"▁పర్షి"	["▁ప", "ర్షి"]
7497	"▁మాన"	["▁మా", "న"]
7498	"▁ఇంటి"	["▁ఇం", "టి"]
7499	"▁ప్రాథ"	["▁ప్రా", "థ"]
7500	"▁उत्तर-"	["▁उत्तर", "-"]
7501	"▁బయటి"	["▁బయ", "టి"]
7502	"▁नेहरू"	["▁नेह", "रू"]
7503	"▁झा"	["▁", "झा"]
7504	"ents"	["ent", "s"]
7505	"▁బొమ్మ"	["▁బొ", "మ్మ"]
7506	"▁सहायक"	["▁सहाय", "क"]
7507	"▁ప్రకా"	["▁ప్ర", "కా"]
7508	"▁से,"	["▁से", ","]
7509	"▁१३"	["▁१", "३"]
7510	"▁189"	["▁18", "9"]
7511	"▁పంచా"	["▁పం", "చా"]
7512	"▁पाया"	["▁पा", "या"]
7513	"▁जीत"	["▁जी", "त"]
7514	"రావు,"	["రావు", ","]
7515	"صغیر"	["ص", "غیر"]
7516	"పాటు"	["పా", "టు"]
7517	"వారం"	["వా", "రం"]
7518	"iven"	["iv", "en"]
7519	"▁సర్వ"	["▁స", "ర్వ"]
7520	"▁ఇవ్వ"	["▁ఇ", "వ్వ"]
7521	"ize"	["iz", "e"]
7522	"టరీ"	["ట", "రీ"]
7523	"యప"	["య", "ప"]
7524	"▁हिन्दु"	["▁हि", "न्दु"]
7525	"▁رہا۔"	["▁رہ", "ا۔"]
7526	"▁అభిప్రా"	["▁అభి", "ప్రా"]
7527	"▁నాయకత్వం"	["▁నాయ", "కత్వం"]
7528	"▁अमेरिकी"	["▁अमेरि", "की"]
7529	"▁example,"	["▁example", ","]
7530	"ning"	["n", "ing"]
7531	"بہ"	["ب", "ہ"]
7532	"amed"	["am", "ed"]
7533	"▁लोकसभा"	["▁लोक", "सभा"]
7534	"▁లక్షల"	["▁లక్ష", "ల"]
7535	"▁సంబంధించిన"	["▁సంబం", "ధించిన"]
7536	"▁గౌర"	["▁గౌ", "ర"]
7537	"स्वरूप"	["स्व", "रूप"]
7538	"▁auth"	["▁a", "uth"]
7539	"▁पक्ष"	["▁प", "क्ष"]
7540	"▁حضرت"	["▁ح", "ضرت"]
7541	"rict"	["ric", "t"]
7542	"▁جنوب"	["▁جن", "وب"]
7543	"▁برصغیر"	["▁بر", "صغیر"]
7544	"tal"	["t", "al"]
7545	"లున్నాయి."	["లు", "న్నాయి."]
7546	"▁అరు"	["▁అ", "రు"]
7547	"▁परी"	["▁प", "री"]
7548	"రసిం"	["ర", "సిం"]
7549	"▁యుద్ధా"	["▁యు", "ద్ధా"]
7550	"▁मौर्य"	["▁मौ", "र्य"]
7551	"కునే"	["కు", "నే"]
7552	"erm"	["er", "m"]
7553	"▁कश्मी"	["▁क", "श्मी"]
7554	"▁علاوہ"	["▁علا", "وہ"]
7555	"▁नगरी"	["▁नग", "री"]
7556	"లజీ"	["ల", "జీ"]
7557	"▁۔"	["▁", "۔"]
7558	"▁हा"	["▁", "हा"]
7559	"▁می"	["▁م", "ی"]
7560	"▁بح"	["▁ب", "ح"]
7561	"▁స్వాధీ"	["▁స్వా", "ధీ"]
7562	"మంగా"	["మం", "గా"]
7563	"వన"	["వ", "న"]
7564	"కెలు"	["కె", "లు"]
7565	"▁అణు"	["▁అ", "ణు"]
7566	"▁आय"	["▁आ", "य"]
7567	"▁जमा"	["▁ज", "मा"]
7568	"▁شہر"	["▁ش", "ہر"]
7569	"9:"	["9", ":"]
7570	"▁संगीत"	["▁सं", "गीत"]
7571	"▁వైశా"	["▁వై", "శా"]
7572	"▁ترقی"	["▁تر", "قی"]
7573	"▁Apollo"	["▁Ap", "ollo"]
7574	"▁International"	["▁Inter", "national"]
7575	"5:"	["5", ":"]
7576	"వారు."	["వా", "రు."]
7577	"▁ప్రవ"	["▁ప్ర", "వ"]
7578	"▁ఆనం"	["▁ఆ", "నం"]
7579	"▁جہ"	["▁ج", "ہ"]
7580	"▁संख्या"	["▁सं", "ख्या"]
7581	"▁ایٹ"	["▁ای", "ٹ"]
7582	"▁perform"	["▁per", "form"]
7583	"ission"	["iss", "ion"]
7584	"▁గంగ"	["▁గం", "గ"]
7585	"▁usually"	["▁us", "ually"]
7586	"زع"	["ز", "ع"]
7587	"▁مض"	["▁م", "ض"]
7588	"▁der"	["▁d", "er"]
7589	"▁1920"	["▁19", "20"]
7590	"▁శ్రీశై"	["▁శ్రీ", "శై"]
7591	"▁appear"	["▁app", "ear"]
7592	"▁تقریب"	["▁تق", "ریب"]
7593	"▁اقتص"	["▁اقت", "ص"]
7594	"▁फ्रां"	["▁", "फ्रां"]
7595	"సారిగా"	["సా", "రిగా"]
7596	"क्रिय"	["क्रि", "य"]
7597	"▁اد"	["▁ا", "د"]
7598	"▁مار"	["▁م", "ار"]
7599	"▁सक्रिय"	["▁स", "क्रिय"]
7600	"▁దక్క"	["▁ద", "క్క"]
7601	"▁When"	["▁W", "hen"]
7602	"▁सदस्यों"	["▁सद", "स्यों"]
7603	"रम्भि"	["र", "म्भि"]
7604	"▁fun"	["▁f", "un"]
7605	"▁ఏడు"	["▁ఏ", "డు"]
7606	"▁प्रारम्भ"	["▁प्रा", "रम्भ"]
7607	"▁ఏర్పడింది."	["▁ఏర్ప", "డింది."]
7608	"▁లంకెలు"	["▁లం", "కెలు"]
7609	"रम्भिक"	["रम्भि", "क"]
7610	"63"	["6", "3"]
7611	"▁क्रि"	["▁", "क्रि"]
7612	"వైపు"	["వై", "పు"]
7613	"డ్,"	["డ్", ","]
7614	"▁మణి"	["▁మ", "ణి"]
7615	"▁انع"	["▁ان", "ع"]
7616	"▁ఫలి"	["▁ఫ", "లి"]
7617	"▁कश्मीर"	["▁कश्मी", "र"]
7618	"▁اقتصادی"	["▁اقتص", "ادی"]
7619	"▁गां"	["▁", "गां"]
7620	"वियत"	["वि", "यत"]
7621	"▁तीव्र"	["▁ती", "व्र"]
7622	"▁बढ़ती"	["▁बढ़", "ती"]
7623	"▁دیا۔"	["▁دیا", "۔"]
7624	"▁انڈیا"	["▁انڈ", "یا"]
7625	"▁टेली"	["▁टे", "ली"]
7626	"▁చాళుక్యు"	["▁చాళు", "క్యు"]
7627	"▁आगमन"	["▁आग", "मन"]
7628	"धिकार"	["धि", "कार"]
7629	"▁1930"	["▁19", "30"]
7630	"▁کیے"	["▁کی", "ے"]
7631	"▁what"	["▁wh", "at"]
7632	"ove"	["ov", "e"]
7633	"▁بڑے"	["▁بڑ", "ے"]
7634	"▁सोवियत"	["▁सो", "वियत"]
7635	"▁విశాఖపట్నం"	["▁విశాఖ", "పట్నం"]
7636	"▁परिणामस्वरूप"	["▁परिणाम", "स्वरूप"]
7637	"▁నం"	["▁", "నం"]
7638	"▁चौ"	["▁", "चौ"]
7639	"ధిలో"	["ధి", "లో"]
7640	"▁بین"	["▁ب", "ین"]
7641	"ether"	["et", "her"]
7642	"حد"	["ح", "د"]
7643	"వంతమైన"	["వం", "తమైన"]
7644	"▁equ"	["▁e", "qu"]
7645	"▁బహుమతి"	["▁బహు", "మతి"]
7646	"▁२००४"	["▁२००", "४"]
7647	"▁గుర్తింపు"	["▁గుర్తిం", "పు"]
7648	"▁రాజధాని"	["▁రాజధా", "ని"]
7649	"India"	["Ind", "ia"]
7650	"▁شاعر"	["▁شاع", "ر"]
7651	"नत"	["न", "त"]
7652	"రుస"	["రు", "స"]
7653	"క్,"	["క్", ","]
7654	"▁الا"	["▁ا", "لا"]
7655	"▁ఉర్దూ"	["▁ఉ", "ర్దూ"]
7656	"▁نق"	["▁ن", "ق"]
7657	"▁కొద్ది"	["▁కొ", "ద్ది"]
7658	"▁पास"	["▁पा", "स"]
7659	"▁మహాభార"	["▁మహా", "భార"]
7660	"▁अवशेष"	["▁अव", "शेष"]
7661	"▁పారిశ్రామిక"	["▁పారిశ్రా", "మిక"]
7662	"yn"	["y", "n"]
7663	"నియా"	["ని", "యా"]
7664	"ased"	["as", "ed"]
7665	"▁دہ"	["▁د", "ہ"]
7666	"oviet"	["ov", "iet"]
7667	"▁హైదరాబాద్"	["▁హైదరా", "బాద్"]
7668	"▁ऊँची"	["▁ऊँ", "ची"]
7669	"▁रूस"	["▁रू", "स"]
7670	"▁کشمیر"	["▁کش", "میر"]
7671	"▁success"	["▁suc", "cess"]
7672	"▁మరాఠీ"	["▁మరా", "ఠీ"]
7673	"▁درب"	["▁د", "رب"]
7674	"ured"	["ure", "d"]
7675	"▁స్థాపిం"	["▁స్థా", "పిం"]
7676	"▁ఎన్నికలలో"	["▁ఎన్నిక", "లలో"]
7677	"▁పార్లమెంటు"	["▁పార్లమెం", "టు"]
7678	"او"	["ا", "و"]
7679	"▁क्र"	["▁", "क्र"]
7680	"▁ద్వి"	["▁", "ద్వి"]
7681	"కొండ"	["కొం", "డ"]
7682	"in,"	["in", ","]
7683	"▁అక్టో"	["▁అ", "క్టో"]
7684	"▁కాలా"	["▁కా", "లా"]
7685	"▁मास"	["▁मा", "स"]
7686	"▁भाषाएं"	["▁भाषा", "एं"]
7687	"▁निर्वाचित"	["▁निर्वा", "चित"]
7688	"▁عمر"	["▁عم", "ر"]
7689	"▁उभरा"	["▁उभ", "रा"]
7690	"▁हॉकी"	["▁हॉ", "की"]
7691	"न्त्रण"	["न्त्र", "ण"]
7692	"▁opp"	["▁o", "pp"]
7693	"▁भागी"	["▁भा", "गी"]
7694	"▁सल्त"	["▁स", "ल्त"]
7695	"▁नरे"	["▁न", "रे"]
7696	"▁قبل"	["▁قب", "ل"]
7697	"▁మహిళ"	["▁మహి", "ళ"]
7698	"▁फैली"	["▁फै", "ली"]
7699	"▁इण्डिया"	["▁इण्डि", "या"]
7700	"12"	["1", "2"]
7701	"▁ख"	["▁", "ख"]
7702	"ర్లలో"	["ర్ల", "లో"]
7703	"ग्रह"	["ग्र", "ह"]
7704	"ines"	["in", "es"]
7705	"▁అలా"	["▁అ", "లా"]
7706	"▁(\""	["▁(", "\""]
7707	"ets"	["et", "s"]
7708	"▁hel"	["▁he", "l"]
7709	"▁राज्यसभा"	["▁राज्य", "सभा"]
7710	"▁పిలి"	["▁పి", "లి"]
7711	"▁చ.కి.మీ"	["▁చ.", "కి.మీ"]
7712	"▁ایٹمی"	["▁ایٹ", "می"]
7713	"▁सल्तनत"	["▁सल्त", "नत"]
7714	"▁అలం"	["▁అ", "లం"]
7715	"▁Ag"	["▁A", "g"]
7716	"▁go"	["▁g", "o"]
7717	"▁एव"	["▁ए", "व"]
7718	"سیم"	["سی", "م"]
7719	"▁मोदी"	["▁मो", "दी"]
7720	"▁(BW"	["▁(B", "W"]
7721	"▁ہتھیار"	["▁ہتھی", "ار"]
7722	"▁परीक्षण"	["▁परी", "क्षण"]
7723	"▁टेलीवि"	["▁टेली", "वि"]
7724	"03"	["0", "3"]
7725	"లని"	["ల", "ని"]
7726	"▁।"	["▁", "।"]
7727	"రి."	["రి", "."]
7728	"ధీనంలో"	["ధీ", "నంలో"]
7729	"▁ఆల"	["▁ఆ", "ల"]
7730	"▁ఆమె"	["▁ఆ", "మె"]
7731	"▁SI"	["▁S", "I"]
7732	"▁زائد"	["▁ز", "ائد"]
7733	"▁ہوا"	["▁ہو", "ا"]
7734	"▁1980"	["▁198", "0"]
7735	"▁सिन्धु"	["▁सि", "न्धु"]
7736	"▁రచన"	["▁రచ", "న"]
7737	"▁نسلی"	["▁نس", "لی"]
7738	"▁లాంటి"	["▁లాం", "టి"]
7739	"▁author"	["▁auth", "or"]
7740	"గలి"	["గ", "లి"]
7741	"టన్"	["ట", "న్"]
7742	"ility"	["il", "ity"]
7743	"▁Soviet"	["▁S", "oviet"]
7744	"▁మారింది."	["▁మా", "రింది."]
7745	"osition"	["os", "ition"]
7746	"▁దాని"	["▁దా", "ని"]
7747	"▁ప్రజలకు"	["▁ప్రజ", "లకు"]
7748	"▁make"	["▁mak", "e"]
7749	"▁ఇందిరా"	["▁ఇంది", "రా"]
7750	"▁تقریباً"	["▁تقریب", "اً"]
7751	"ధిప"	["ధి", "ప"]
7752	"▁pat"	["▁p", "at"]
7753	"▁तनाव"	["▁त", "नाव"]
7754	"▁बज"	["▁ब", "ज"]
7755	"▁१९९९"	["▁१९९", "९"]
7756	"▁१९८४"	["▁१९८", "४"]
7757	"▁పనిచే"	["▁పని", "చే"]
7758	"▁،"	["▁", "،"]
7759	"तान्त्रिक"	["ता", "न्त्रिक"]
7760	"▁sal"	["▁s", "al"]
7761	"ential"	["ent", "ial"]
7762	"▁కారణం"	["▁కా", "రణం"]
7763	"ective"	["ect", "ive"]
7764	"▁تقسیم"	["▁تق", "سیم"]
7765	"▁सामरिक"	["▁साम", "रिक"]
7766	"▁رقم"	["▁رق", "م"]
7767	"▁नरेन्द्र"	["▁नरे", "न्द्र"]
7768	"▁बजट"	["▁बज", "ट"]
7769	"▁ide"	["▁", "ide"]
7770	"▁par"	["▁p", "ar"]
7771	"▁mass"	["▁m", "ass"]
7772	"▁ప్రఖ్యా"	["▁ప్ర", "ఖ్యా"]
7773	"▁రాతి"	["▁రా", "తి"]
7774	"▁جنم"	["▁جن", "م"]
7775	"▁పూర్వం"	["▁పూ", "ర్వం"]
7776	"▁लोकतान्त्रिक"	["▁लोक", "तान्त्रिक"]
7777	"▁పట్టణాలు"	["▁పట్టణా", "లు"]
7778	"ument"	["u", "ment"]
7779	"వాడ"	["వా", "డ"]
7780	"స్థానంలో"	["స్థా", "నంలో"]
7781	"▁trad"	["▁t", "rad"]
7782	"▁prin"	["▁pr", "in"]
7783	"▁فرد"	["▁فر", "د"]
7784	"▁సంస్థలు"	["▁సంస్థ", "లు"]
7785	"▁गान्धी"	["▁गा", "न्धी"]
7786	"విజన్"	["విజ", "న్"]
7787	"▁नौसेना"	["▁नौ", "सेना"]
7788	"▁బాం"	["▁", "బాం"]
7789	"▁21"	["▁2", "1"]
7790	"▁ఆదా"	["▁ఆ", "దా"]
7791	"▁कार्यपालिका"	["▁कार्य", "पालिका"]
7792	"యనగ"	["యన", "గ"]
7793	"▁सम्बन्धों"	["▁सम्ब", "न्धों"]
7794	"▁मंदि"	["▁मं", "दि"]
7795	"▁दीर्घकालिक"	["▁दीर्घ", "कालिक"]
7796	"నాథ్"	["నా", "థ్"]
7797	"▁मन्त्रि"	["▁म", "न्त्रि"]
7798	"▁భాషలలో"	["▁భాష", "లలో"]
7799	"▁చేయబడింది."	["▁చేయ", "బడింది."]
7800	"▁మొదలైనవి"	["▁మొదలైన", "వి"]
7801	"▁لسانی"	["▁ل", "سانی"]
7802	"▁रख"	["▁र", "ख"]
7803	"▁१९६५,"	["▁१९६", "५,"]
7804	"▁techniqu"	["▁techn", "iqu"]
7805	"▁सङ्घर्ष"	["▁सङ्घ", "र्ष"]
7806	"▁भाजप"	["▁भाज", "प"]
7807	"▁मन्त्रिमण्डल"	["▁मन्त्रि", "मण्डल"]
7808	"36"	["3", "6"]
7809	"క్నాలజీ"	["క్నా", "లజీ"]
7810	"ङ्घीय"	["ङ्घी", "य"]
7811	"▁bi"	["▁b", "i"]
7812	"▁افز"	["▁اف", "ز"]
7813	"▁حوص"	["▁حو", "ص"]
7814	"▁సంఘటనలు"	["▁సంఘటన", "లు"]
7815	"حت"	["ح", "ت"]
7816	"లక"	["ల", "క"]
7817	"▁भो"	["▁", "भो"]
7818	"▁అధ్య"	["▁అ", "ధ్య"]
7819	"▁పచ్చ"	["▁ప", "చ్చ"]
7820	"▁రాసిన"	["▁రా", "సిన"]
7821	"▁వర్షా"	["▁వ", "ర్షా"]
7822	"▁مغلوں"	["▁مغل", "وں"]
7823	"▁జానపద"	["▁జాన", "పద"]
7824	"▁స్వాధీనం"	["▁స్వాధీ", "నం"]
7825	"▁యూ"	["▁", "యూ"]
7826	"rog"	["ro", "g"]
7827	"▁having"	["▁h", "aving"]
7828	"▁పది"	["▁ప", "ది"]
7829	"▁ఒడి"	["▁ఒ", "డి"]
7830	"▁सकते"	["▁सक", "ते"]
7831	"▁ذریع"	["▁ذ", "ریع"]
7832	"▁స్వీకరిం"	["▁స్వీ", "కరిం"]
7833	"▁పవిత్ర"	["▁పవి", "త్ర"]
7834	"▁आधार"	["▁आधा", "र"]
7835	"▁వరకూ"	["▁వర", "కూ"]
7836	"face"	["f", "ace"]
7837	"దారు"	["దా", "రు"]
7838	"న్ని,"	["న్ని", ","]
7839	"▁bran"	["▁b", "ran"]
7840	"▁नदी"	["▁न", "दी"]
7841	"ائل"	["ائ", "ل"]
7842	"▁ప్రాముఖ్య"	["▁ప్రా", "ముఖ్య"]
7843	"▁శాశ్వ"	["▁శా", "శ్వ"]
7844	"▁معاہ"	["▁مع", "اہ"]
7845	"▁view"	["▁vi", "ew"]
7846	"▁حوصلہ"	["▁حوص", "لہ"]
7847	"ead"	["e", "ad"]
7848	"uk"	["u", "k"]
7849	"راہ"	["ر", "اہ"]
7850	"తంత్రం"	["తం", "త్రం"]
7851	"▁either"	["▁e", "ither"]
7852	"▁2013"	["▁201", "3"]
7853	"▁produced"	["▁produ", "ced"]
7854	"▁అవత"	["▁అవ", "త"]
7855	"▁విజయనగ"	["▁విజ", "యనగ"]
7856	"▁speak"	["▁spe", "ak"]
7857	"▁separ"	["▁sep", "ar"]
7858	"▁దండయాత్ర"	["▁దండ", "యాత్ర"]
7859	"బెల్"	["బె", "ల్"]
7860	"ternal"	["tern", "al"]
7861	"▁అలీ"	["▁అ", "లీ"]
7862	"ly."	["ly", "."]
7863	"ations."	["ation", "s."]
7864	"▁ఏమి"	["▁ఏ", "మి"]
7865	"▁افزائی"	["▁افز", "ائی"]
7866	"ధాలు"	["ధా", "లు"]
7867	"యంతో"	["యం", "తో"]
7868	"బియా"	["బి", "యా"]
7869	"▁must"	["▁m", "ust"]
7870	"▁2011ء"	["▁2011", "ء"]
7871	"▁టెక్నాలజీ"	["▁టె", "క్నాలజీ"]
7872	"▁مشرق"	["▁مشر", "ق"]
7873	"▁క్రీ.పూ."	["▁క్రీ.పూ", "."]
7874	"62"	["6", "2"]
7875	"స్థాన"	["స్థా", "న"]
7876	"जित"	["जि", "त"]
7877	"▁total"	["▁to", "tal"]
7878	"▁ఆధ్యా"	["▁ఆ", "ధ్యా"]
7879	"▁వర్ణిం"	["▁వ", "ర్ణిం"]
7880	"▁comb"	["▁com", "b"]
7881	"▁1964"	["▁196", "4"]
7882	"▁2022"	["▁202", "2"]
7883	"▁prev"	["▁pre", "v"]
7884	"▁invol"	["▁inv", "ol"]
7885	"▁వైశాల్యం"	["▁వైశా", "ల్యం"]
7886	"వస్థీకరణ"	["వ", "స్థీకరణ"]
7887	"నైటెడ్"	["నై", "టెడ్"]
7888	"انہ"	["ان", "ہ"]
7889	"▁నిల"	["▁ని", "ల"]
7890	"ior"	["i", "or"]
7891	"ثر"	["ث", "ر"]
7892	"▁Aug"	["▁A", "ug"]
7893	"ety"	["et", "y"]
7894	"▁మారు"	["▁మా", "రు"]
7895	"iform"	["if", "orm"]
7896	"▁forms"	["▁form", "s"]
7897	"▁చేయడానికి"	["▁చేయ", "డానికి"]
7898	"▁Sea"	["▁Se", "a"]
7899	"▁बीच"	["▁बी", "च"]
7900	"▁బ్రిటీషు"	["▁బ్రిటీ", "షు"]
7901	"▁పునర్వ్య"	["▁పున", "ర్వ్య"]
7902	"▁దై"	["▁", "దై"]
7903	"▁my"	["▁m", "y"]
7904	"▁گئے"	["▁گ", "ئے"]
7905	"شہ"	["ش", "ہ"]
7906	"డుతున్న"	["డు", "తున్న"]
7907	"గుళూరు"	["గు", "ళూరు"]
7908	"▁however,"	["▁h", "owever,"]
7909	"▁ఇప్పటికీ"	["▁ఇ", "ప్పటికీ"]
7910	"▁بھومی"	["▁بھ", "ومی"]
7911	"▁should"	["▁sh", "ould"]
7912	"▁زبانیں،"	["▁زبانیں", "،"]
7913	"▁స్థితి"	["▁స్థి", "తి"]
7914	"▁فردوسی"	["▁فرد", "وسی"]
7915	"iber"	["i", "ber"]
7916	"▁हिं"	["▁", "हिं"]
7917	"గాయి."	["గా", "యి."]
7918	"देव"	["दे", "व"]
7919	"▁cert"	["▁c", "ert"]
7920	"omic"	["om", "ic"]
7921	"▁పల్ల"	["▁ప", "ల్ల"]
7922	"▁महि"	["▁म", "हि"]
7923	"▁ہوتے"	["▁ہو", "تے"]
7924	"▁मानव"	["▁मान", "व"]
7925	"▁నెలకొ"	["▁నెల", "కొ"]
7926	"▁పునర్వ్యవస్థీకరణ"	["▁పునర్వ్య", "వస్థీకరణ"]
7927	"esc"	["es", "c"]
7928	"▁शब्द"	["▁श", "ब्द"]
7929	"▁మహిళా"	["▁మహి", "ళా"]
7930	"▁సందర్శిం"	["▁సంద", "ర్శిం"]
7931	"चल"	["च", "ल"]
7932	"లహా"	["ల", "హా"]
7933	"▁डा"	["▁", "डा"]
7934	"▁11."	["▁1", "1."]
7935	"▁మార్గ"	["▁మా", "ర్గ"]
7936	"▁34"	["▁3", "4"]
7937	"▁surface"	["▁sur", "face"]
7938	"▁రూపంలో"	["▁రూ", "పంలో"]
7939	"▁శ్లో"	["▁", "శ్లో"]
7940	"▁క్రై"	["▁", "క్రై"]
7941	"డుట"	["డు", "ట"]
7942	"స్తున్నది."	["స్తు", "న్నది."]
7943	"▁వరుస"	["▁వ", "రుస"]
7944	"▁రాష్ట్రానికి"	["▁రాష్ట్రా", "నికి"]
7945	"▁పర్వతా"	["▁పర్వ", "తా"]
7946	"▁capital"	["▁cap", "ital"]
7947	"▁मूल"	["▁मू", "ल"]
7948	"▁పోరాటం"	["▁పోరా", "టం"]
7949	"bic"	["b", "ic"]
7950	"वित"	["वि", "त"]
7951	"▁live"	["▁l", "ive"]
7952	"▁جانے"	["▁ج", "انے"]
7953	"▁యునైటెడ్"	["▁యు", "నైటెడ్"]
7954	"▁డాల"	["▁డా", "ల"]
7955	"▁మైదానం"	["▁మైదా", "నం"]
7956	"ril"	["r", "il"]
7957	"త్మిక"	["త్మి", "క"]
7958	"▁ప్రణా"	["▁ప్ర", "ణా"]
7959	"▁మనో"	["▁మ", "నో"]
7960	"iment"	["im", "ent"]
7961	"▁Pol"	["▁P", "ol"]
7962	"▁except"	["▁ex", "cept"]
7963	"▁లోయ"	["▁లో", "య"]
7964	"▁वह"	["▁व", "ह"]
7965	"▁అత్యధికంగా"	["▁అత్యధి", "కంగా"]
7966	"▁కార్యక్రమా"	["▁కార్యక్ర", "మా"]
7967	"▁झार"	["▁झा", "र"]
7968	"▁August"	["▁Aug", "ust"]
7969	"ee"	["e", "e"]
7970	"▁కీ"	["▁", "కీ"]
7971	"चार"	["चा", "र"]
7972	"वेश"	["वे", "श"]
7973	"lement"	["le", "ment"]
7974	"▁कहा"	["▁क", "हा"]
7975	"▁సమాజం"	["▁సమా", "జం"]
7976	"nal"	["n", "al"]
7977	"कृत"	["कृ", "त"]
7978	"▁ఇతను"	["▁ఇ", "తను"]
7979	"▁related"	["▁rel", "ated"]
7980	"▁పోర్చు"	["▁పో", "ర్చు"]
7981	"▁కుమార్తె"	["▁కుమా", "ర్తె"]
7982	"▁నోబెల్"	["▁నో", "బెల్"]
7983	"▁నృత్య"	["▁నృ", "త్య"]
7984	"):"	[")", ":"]
7985	"lands"	["l", "ands"]
7986	"▁ద్రా"	["▁", "ద్రా"]
7987	"other"	["ot", "her"]
7988	"▁چار"	["▁چ", "ار"]
7989	"▁క్రైస్త"	["▁క్రై", "స్త"]
7990	"▁గ్రీ"	["▁", "గ్రీ"]
7991	"బుల్"	["బు", "ల్"]
7992	"వించిన"	["విం", "చిన"]
7993	"anc"	["an", "c"]
7994	"▁ఆలో"	["▁ఆ", "లో"]
7995	"▁परं"	["▁प", "रं"]
7996	"▁విని"	["▁వి", "ని"]
7997	"▁కలుపు"	["▁క", "లుపు"]
7998	"illed"	["ill", "ed"]
7999	"ift"	["if", "t"]
8000	"ance,"	["ance", ","]
8001	"▁సాంఘి"	["▁సాం", "ఘి"]
8002	"▁original"	["▁origin", "al"]
8003	"▁చోళు"	["▁చో", "ళు"]
8004	"8,"	["8", ","]
8005	"▁ఫి"	["▁", "ఫి"]
8006	"ada"	["ad", "a"]
8007	"▁دست"	["▁د", "ست"]
8008	"▁معی"	["▁مع", "ی"]
8009	"erences"	["eren", "ces"]
8010	"▁విశేషం"	["▁విశే", "షం"]
8011	"▁केंद्र"	["▁कें", "द्र"]
8012	"تب"	["ت", "ب"]
8013	"యుగ"	["యు", "గ"]
8014	"▁اص"	["▁ا", "ص"]
8015	"▁ప్రథ"	["▁ప్ర", "థ"]
8016	"▁చట్టం"	["▁చ", "ట్టం"]
8017	"▁1996"	["▁199", "6"]
8018	"ification"	["ific", "ation"]
8019	"లనుండి"	["ల", "నుండి"]
8020	"▁नृ"	["▁", "नृ"]
8021	"▁అరే"	["▁అ", "రే"]
8022	"▁(ఇ"	["▁(", "ఇ"]
8023	"erest"	["ere", "st"]
8024	"▁తరువాత,"	["▁తరువాత", ","]
8025	"▁శ్రీరామ"	["▁శ్రీ", "రామ"]
8026	"▁رہی"	["▁رہ", "ی"]
8027	"less"	["l", "ess"]
8028	"విడ"	["వి", "డ"]
8029	"డింది"	["డిం", "ది"]
8030	"erous"	["er", "ous"]
8031	"▁వహి"	["▁వ", "హి"]
8032	"▁گرو"	["▁گ", "رو"]
8033	"▁times"	["▁tim", "es"]
8034	"▁सामान्य"	["▁सामा", "न्य"]
8035	"▁పంచాయ"	["▁పంచా", "య"]
8036	"▁ఆధ్యాత్మిక"	["▁ఆధ్యా", "త్మిక"]
8037	"రాజ్య"	["రా", "జ్య"]
8038	"वास"	["वा", "स"]
8039	"రించే"	["రిం", "చే"]
8040	"▁వాటిలో"	["▁వా", "టిలో"]
8041	"▁relative"	["▁rel", "ative"]
8042	"▁offic"	["▁off", "ic"]
8043	"▁సంప్రదాయా"	["▁సంప్రదా", "యా"]
8044	"▁ఇండో-"	["▁ఇండో", "-"]
8045	"eded"	["ed", "ed"]
8046	"▁ప్రత్య"	["▁ప్ర", "త్య"]
8047	"▁रखा"	["▁र", "खा"]
8048	"لاح"	["لا", "ح"]
8049	"▁తూర్పున"	["▁తూర్పు", "న"]
8050	"▁meaning"	["▁mean", "ing"]
8051	"دے"	["د", "ے"]
8052	"▁ess"	["▁", "ess"]
8053	"కూడా"	["కూ", "డా"]
8054	"లాల్"	["లా", "ల్"]
8055	"मंत्री"	["मं", "त्री"]
8056	"▁Court"	["▁C", "ourt"]
8057	"▁2000"	["▁2", "000"]
8058	"▁జవ"	["▁జ", "వ"]
8059	"▁آج"	["▁آ", "ج"]
8060	"▁గణి"	["▁గ", "ణి"]
8061	"▁repl"	["▁rep", "l"]
8062	"▁ఏర్పర"	["▁ఏర్ప", "ర"]
8063	"▁నీరు"	["▁నీ", "రు"]
8064	"ware"	["w", "are"]
8065	"భాషా"	["భా", "షా"]
8066	"కున్నాయి."	["కు", "న్నాయి."]
8067	"▁line"	["▁l", "ine"]
8068	"▁(సా"	["▁(", "సా"]
8069	"▁ఉద్భ"	["▁ఉ", "ద్భ"]
8070	"▁తమ"	["▁త", "మ"]
8071	"▁ఒక్కొ"	["▁ఒ", "క్కొ"]
8072	"▁స్వరూ"	["▁స్వ", "రూ"]
8073	"▁ఘన"	["▁ఘ", "న"]
8074	"▁పురుషుల"	["▁పురుషు", "ల"]
8075	"ఒక"	["ఒ", "క"]
8076	"దులు,"	["దు", "లు,"]
8077	"గోళ"	["గో", "ళ"]
8078	"▁fall"	["▁f", "all"]
8079	"▁అశో"	["▁అ", "శో"]
8080	"▁dr"	["▁d", "r"]
8081	"▁(ఉ"	["▁(", "ఉ"]
8082	"▁تش"	["▁ت", "ش"]
8083	"▁ప్రాచు"	["▁ప్రా", "చు"]
8084	"▁పరిధిలో"	["▁పరి", "ధిలో"]
8085	"hib"	["hi", "b"]
8086	"▁works"	["▁wor", "ks"]
8087	"▁చుట్టూ"	["▁చు", "ట్టూ"]
8088	"▁General"	["▁Gen", "eral"]
8089	"60"	["6", "0"]
8090	"pect"	["p", "ect"]
8091	"شاہ"	["ش", "اہ"]
8092	"పవ"	["ప", "వ"]
8093	"नियों"	["नि", "यों"]
8094	"▁(5"	["▁(", "5"]
8095	"▁rese"	["▁re", "se"]
8096	"▁రక్షణ"	["▁ర", "క్షణ"]
8097	"ptember"	["pt", "ember"]
8098	"▁From"	["▁F", "rom"]
8099	"▁दूसरे"	["▁दूस", "रे"]
8100	"▁लं"	["▁", "लं"]
8101	"▁Since"	["▁S", "ince"]
8102	"▁Man"	["▁M", "an"]
8103	"▁आते"	["▁आ", "ते"]
8104	"▁मना"	["▁म", "ना"]
8105	"▁వెబ్"	["▁వె", "బ్"]
8106	"▁State"	["▁St", "ate"]
8107	"▁నేరుగా"	["▁నే", "రుగా"]
8108	"▁September"	["▁Se", "ptember"]
8109	"ittle"	["itt", "le"]
8110	"▁క్రమంగా"	["▁క్ర", "మంగా"]
8111	".ఇ"	[".", "ఇ"]
8112	"మర"	["మ", "ర"]
8113	"▁బ్యా"	["▁", "బ్యా"]
8114	"ష్టమైన"	["ష్ట", "మైన"]
8115	"▁مص"	["▁م", "ص"]
8116	"utes"	["ut", "es"]
8117	"▁చేసి"	["▁చే", "సి"]
8118	"▁کوش"	["▁کو", "ش"]
8119	"▁మొదటిసారిగా"	["▁మొదటి", "సారిగా"]
8120	"▁followed"	["▁follow", "ed"]
8121	"परा"	["प", "रा"]
8122	"▁లు"	["▁", "లు"]
8123	"▁next"	["▁n", "ext"]
8124	"▁వివరాలు"	["▁వి", "వరాలు"]
8125	"▁విలువ"	["▁వి", "లువ"]
8126	"▁forces"	["▁for", "ces"]
8127	"▁2014,"	["▁201", "4,"]
8128	"▁seas"	["▁se", "as"]
8129	"▁శర"	["▁శ", "ర"]
8130	"▁account"	["▁acc", "ount"]
8131	"▁నాయకత్వంలో"	["▁నాయకత్వం", "లో"]
8132	"pre"	["p", "re"]
8133	"▁मृ"	["▁", "मृ"]
8134	"▁सौ"	["▁", "सौ"]
8135	"र्गत"	["र्ग", "त"]
8136	"▁lost"	["▁l", "ost"]
8137	"▁तब"	["▁त", "ब"]
8138	"▁కాని"	["▁కా", "ని"]
8139	"▁Or"	["▁O", "r"]
8140	"ضی"	["ض", "ی"]
8141	"▁ఫు"	["▁", "ఫు"]
8142	"पान"	["पा", "न"]
8143	"కృష్ణ"	["కృ", "ష్ణ"]
8144	"వించింది."	["విం", "చింది."]
8145	"▁పల్లె"	["▁ప", "ల్లె"]
8146	"▁తత్వ"	["▁త", "త్వ"]
8147	"▁includes"	["▁includ", "es"]
8148	"▁సాధించింది."	["▁సాధిం", "చింది."]
8149	"▁defin"	["▁def", "in"]
8150	"▁బంగాళా"	["▁బంగా", "ళా"]
8151	"▁associated"	["▁associ", "ated"]
8152	".పూ"	[".", "పూ"]
8153	"▁/"	["▁", "/"]
8154	"▁water"	["▁w", "ater"]
8155	"▁प्रसि"	["▁प्र", "सि"]
8156	"▁جاپ"	["▁ج", "اپ"]
8157	"▁روس"	["▁ر", "وس"]
8158	"▁निय"	["▁नि", "य"]
8159	"▁కోల్పో"	["▁కో", "ల్పో"]
8160	"▁agre"	["▁ag", "re"]
8161	"▁ప్రకారం,"	["▁ప్రకారం", ","]
8162	"▁సంఖ్యలో"	["▁సంఖ్య", "లో"]
8163	"▁యాత్రి"	["▁యా", "త్రి"]
8164	"▁కేంద్రం,"	["▁కేంద్రం", ","]
8165	"▁خاند"	["▁خان", "د"]
8166	"▁పోషకాహార"	["▁పోష", "కాహార"]
8167	"▁elements"	["▁ele", "ments"]
8168	"▁गांधी"	["▁गां", "धी"]
8169	"ana"	["an", "a"]
8170	"▁(7"	["▁(", "7"]
8171	"ecess"	["ec", "ess"]
8172	"▁కల్పిం"	["▁క", "ల్పిం"]
8173	"▁వన్య"	["▁వ", "న్య"]
8174	"▁आस"	["▁आ", "स"]
8175	"చాలని"	["చాల", "ని"]
8176	"▁ఉపఖండం"	["▁ఉపఖం", "డం"]
8177	"▁ఫలితంగా"	["▁ఫలి", "తంగా"]
8178	"▁ప్రణాళిక"	["▁ప్రణా", "ళిక"]
8179	"▁ఒక్కొక్క"	["▁ఒక్కొ", "క్క"]
8180	"▁کوشش"	["▁کوش", "ش"]
8181	"na"	["n", "a"]
8182	"rate"	["r", "ate"]
8183	"చవచ్చు."	["చ", "వచ్చు."]
8184	"దికి"	["ది", "కి"]
8185	"▁sold"	["▁s", "old"]
8186	"arth"	["ar", "th"]
8187	"▁doc"	["▁d", "oc"]
8188	"▁వరి"	["▁వ", "రి"]
8189	"▁کوئی"	["▁کو", "ئی"]
8190	"uck"	["uc", "k"]
8191	"▁abs"	["▁ab", "s"]
8192	"▁स्थानीय"	["▁स्था", "नीय"]
8193	"▁హిందీ,"	["▁హిందీ", ","]
8194	"ounc"	["oun", "c"]
8195	"▁పరిస్థితి"	["▁పరిస్థి", "తి"]
8196	"▁శాశ్వత"	["▁శాశ్వ", "త"]
8197	"మణ"	["మ", "ణ"]
8198	"కాక"	["కా", "క"]
8199	"रुप"	["रु", "प"]
8200	"rest"	["re", "st"]
8201	"▁విశి"	["▁వి", "శి"]
8202	"▁तट"	["▁त", "ट"]
8203	"▁range"	["▁r", "ange"]
8204	"▁concept"	["▁con", "cept"]
8205	"▁adapt"	["▁ad", "apt"]
8206	"▁subject"	["▁sub", "ject"]
8207	"▁لیا۔"	["▁لیا", "۔"]
8208	"▁రామాయణం"	["▁రామాయ", "ణం"]
8209	"وٹ"	["و", "ٹ"]
8210	"లచే"	["ల", "చే"]
8211	"राष्ट्र"	["रा", "ष्ट्र"]
8212	"पास"	["पा", "स"]
8213	"యుక్త"	["యు", "క్త"]
8214	"दास"	["दा", "स"]
8215	"▁bord"	["▁b", "ord"]
8216	"▁Az"	["▁A", "z"]
8217	"▁سپ"	["▁س", "پ"]
8218	"▁విశ్వా"	["▁వి", "శ్వా"]
8219	"▁స్వర్ణ"	["▁స్వ", "ర్ణ"]
8220	"▁దేశము"	["▁దేశ", "ము"]
8221	"▁reported"	["▁report", "ed"]
8222	"▁ఎగుమతి"	["▁ఎగు", "మతి"]
8223	"▁జవహ"	["▁జవ", "హ"]
8224	"وک"	["و", "ک"]
8225	"हरा"	["ह", "रा"]
8226	"▁ప్లా"	["▁", "ప్లా"]
8227	"▁then"	["▁the", "n"]
8228	"▁کب"	["▁ک", "ب"]
8229	"▁mor"	["▁m", "or"]
8230	"▁never"	["▁n", "ever"]
8231	"▁శాస్త్ర"	["▁శా", "స్త్ర"]
8232	"కోవచ్చు."	["కోవ", "చ్చు."]
8233	"▁establish"	["▁establ", "ish"]
8234	"▁स्थिति"	["▁स्थि", "ति"]
8235	"▁ఉన్నాయి"	["▁ఉన్నా", "యి"]
8236	"▁నిలిచింది."	["▁నిలి", "చింది."]
8237	"▁वर्णन"	["▁वर्ण", "न"]
8238	"den"	["d", "en"]
8239	"పరంగా"	["ప", "రంగా"]
8240	"▁host"	["▁h", "ost"]
8241	"▁వలె"	["▁వ", "లె"]
8242	"▁विमान"	["▁वि", "मान"]
8243	"aps"	["ap", "s"]
8244	"▁climate"	["▁cl", "imate"]
8245	"▁స్వతంత్రం"	["▁స్వ", "తంత్రం"]
8246	"▁శిలా"	["▁శి", "లా"]
8247	"▁విశ్వనాథ"	["▁విశ్వ", "నాథ"]
8248	"52"	["5", "2"]
8249	"8:"	["8", ":"]
8250	"ll"	["l", "l"]
8251	"▁चि"	["▁", "चि"]
8252	"चाई"	["चा", "ई"]
8253	"▁field"	["▁f", "ield"]
8254	"▁hold"	["▁h", "old"]
8255	"▁project"	["▁pro", "ject"]
8256	"▁cause"	["▁ca", "use"]
8257	"▁above"	["▁ab", "ove"]
8258	"ength"	["eng", "th"]
8259	"▁దీన్ని"	["▁దీ", "న్ని"]
8260	"▁బెంగుళూరు"	["▁బెం", "గుళూరు"]
8261	"▁గమనిం"	["▁గమ", "నిం"]
8262	"▁सांस्कृतिक"	["▁सां", "स्कृतिक"]
8263	"▁ప్రథమ"	["▁ప్రథ", "మ"]
8264	"లన్నీ"	["ల", "న్నీ"]
8265	"హల్"	["హ", "ల్"]
8266	"న్-"	["న్", "-"]
8267	"▁give"	["▁g", "ive"]
8268	"▁వన"	["▁వ", "న"]
8269	"igned"	["ign", "ed"]
8270	"▁legal"	["▁leg", "al"]
8271	"▁కొంక"	["▁కొం", "క"]
8272	"قوامی"	["قو", "امی"]
8273	"▁మార్గంలో"	["▁మార్గం", "లో"]
8274	"▁బ్రిటీష్"	["▁బ్రిటీ", "ష్"]
8275	"రవే"	["ర", "వే"]
8276	"కోర్టు"	["కో", "ర్టు"]
8277	"▁best"	["▁b", "est"]
8278	"▁191"	["▁19", "1"]
8279	"انچ"	["ان", "چ"]
8280	"▁ఇచ్చే"	["▁ఇ", "చ్చే"]
8281	"ection"	["ect", "ion"]
8282	"▁సింహ"	["▁సిం", "హ"]
8283	"▁پیش"	["▁پی", "ش"]
8284	"▁حصہ"	["▁حص", "ہ"]
8285	"▁ارد"	["▁ار", "د"]
8286	"ouncil"	["ounc", "il"]
8287	"र-"	["र", "-"]
8288	"▁తం"	["▁", "తం"]
8289	"▁స్థూ"	["▁", "స్థూ"]
8290	"ముగా"	["ము", "గా"]
8291	"మిడి"	["మి", "డి"]
8292	"दिक"	["दि", "क"]
8293	"న్‌కు"	["న్‌", "కు"]
8294	"▁cere"	["▁c", "ere"]
8295	"▁mount"	["▁m", "ount"]
8296	"▁सहि"	["▁स", "हि"]
8297	"▁ఆగ్నే"	["▁ఆ", "గ్నే"]
8298	"▁मनो"	["▁म", "नो"]
8299	"▁బడ్జె"	["▁బ", "డ్జె"]
8300	"▁jud"	["▁j", "ud"]
8301	"▁ఖగోళ"	["▁ఖ", "గోళ"]
8302	"غیرہ"	["غیر", "ہ"]
8303	"▁విమాన"	["▁విమా", "న"]
8304	"▁اہل"	["▁اہ", "ل"]
8305	"▁బె"	["▁", "బె"]
8306	"▁భం"	["▁", "భం"]
8307	"orial"	["or", "ial"]
8308	"▁بج"	["▁ب", "ج"]
8309	"▁neg"	["▁n", "eg"]
8310	"▁Cult"	["▁C", "ult"]
8311	"▁سنگ"	["▁س", "نگ"]
8312	"▁\"p"	["▁\"", "p"]
8313	"▁వంశం"	["▁వం", "శం"]
8314	"▁राजस्थान"	["▁राज", "स्थान"]
8315	"▁increase"	["▁increas", "e"]
8316	"▁produce"	["▁produ", "ce"]
8317	"▁درم"	["▁در", "م"]
8318	"▁गए।"	["▁गए", "।"]
8319	"▁الاقوامی"	["▁الا", "قوامی"]
8320	"▁परंपरा"	["▁परं", "परा"]
8321	"cle"	["c", "le"]
8322	"مین"	["م", "ین"]
8323	"చలేదు."	["చ", "లేదు."]
8324	"వరు"	["వ", "రు"]
8325	"ప్రస్తు"	["ప్ర", "స్తు"]
8326	"ములు."	["ము", "లు."]
8327	"పూర్"	["పూ", "ర్"]
8328	"iting"	["it", "ing"]
8329	"▁విజ్ఞాన"	["▁వి", "జ్ఞాన"]
8330	"▁وغیرہ"	["▁و", "غیرہ"]
8331	"▁بنگ"	["▁بن", "گ"]
8332	"▁కన్నడ,"	["▁కన్నడ", ","]
8333	"▁అరేబియా"	["▁అరే", "బియా"]
8334	"gether"	["g", "ether"]
8335	"uous"	["u", "ous"]
8336	"టల"	["ట", "ల"]
8337	"षित"	["षि", "त"]
8338	"त्मक"	["त्म", "क"]
8339	"inted"	["in", "ted"]
8340	"▁together"	["▁to", "gether"]
8341	"▁सभा"	["▁स", "भा"]
8342	"▁ఆయా"	["▁ఆ", "యా"]
8343	"▁ఇను"	["▁ఇ", "ను"]
8344	"▁పాద"	["▁పా", "ద"]
8345	"▁మాతృ"	["▁మా", "తృ"]
8346	"▁حد"	["▁ح", "د"]
8347	"▁plac"	["▁pl", "ac"]
8348	"ance."	["ance", "."]
8349	"▁97"	["▁9", "7"]
8350	"▁influence"	["▁influ", "ence"]
8351	"▁particularly"	["▁particular", "ly"]
8352	"▁معیشت"	["▁معی", "شت"]
8353	"ij"	["i", "j"]
8354	"▁न्यू"	["▁", "न्यू"]
8355	"ల్లోనూ"	["ల్లో", "నూ"]
8356	"▁ach"	["▁a", "ch"]
8357	"omb"	["om", "b"]
8358	"▁आने"	["▁आ", "ने"]
8359	"ithm"	["ith", "m"]
8360	"▁خود"	["▁خ", "ود"]
8361	"▁హక్కు"	["▁హ", "క్కు"]
8362	"▁భావిస్తారు."	["▁భావి", "స్తారు."]
8363	"▁Atl"	["▁At", "l"]
8364	"▁సహాయ"	["▁సహా", "య"]
8365	"300"	["3", "00"]
8366	"▁जु"	["▁", "जु"]
8367	"▁self"	["▁s", "elf"]
8368	"ics,"	["ic", "s,"]
8369	"▁little"	["▁l", "ittle"]
8370	"▁cost"	["▁co", "st"]
8371	"▁contrast"	["▁cont", "rast"]
8372	"▁దాటి"	["▁దా", "టి"]
8373	"▁smaller"	["▁small", "er"]
8374	"▁annual"	["▁ann", "ual"]
8375	"▁కాలేజీ"	["▁కాలే", "జీ"]
8376	"▁హొ"	["▁", "హొ"]
8377	"▁ఫ్రా"	["▁", "ఫ్రా"]
8378	"విద్యా"	["వి", "ద్యా"]
8379	"పింది."	["పిం", "ది."]
8380	"arter"	["ar", "ter"]
8381	"▁equal"	["▁e", "qual"]
8382	"▁19th"	["▁19", "th"]
8383	"▁वर्षा"	["▁व", "र्षा"]
8384	"▁జనాభాలో"	["▁జనాభా", "లో"]
8385	"▁అనుమతి"	["▁అను", "మతి"]
8386	"athol"	["ath", "ol"]
8387	"▁పొడి"	["▁పొ", "డి"]
8388	"▁بنیادی"	["▁بنیا", "دی"]
8389	"▁వినాయక"	["▁వినా", "యక"]
8390	"▁probably"	["▁prob", "ably"]
8391	"hysical"	["hys", "ical"]
8392	"▁क्रम"	["▁", "क्रम"]
8393	"చిత"	["చి", "త"]
8394	"पुर"	["पु", "र"]
8395	"ఖండ"	["ఖం", "డ"]
8396	"కైక"	["కై", "క"]
8397	"▁size"	["▁s", "ize"]
8398	"▁necess"	["▁n", "ecess"]
8399	"ams"	["am", "s"]
8400	"▁కాగా,"	["▁కా", "గా,"]
8401	"▁చేసా"	["▁చే", "సా"]
8402	"▁అంటా"	["▁అం", "టా"]
8403	"▁company"	["▁comp", "any"]
8404	"▁sex"	["▁se", "x"]
8405	"▁జరిగాయి."	["▁జరి", "గాయి."]
8406	"▁(17"	["▁(1", "7"]
8407	"▁రంగంలో"	["▁రంగం", "లో"]
8408	"▁మార్కెట్"	["▁మార్కె", "ట్"]
8409	"eated"	["e", "ated"]
8410	"▁مہ"	["▁م", "ہ"]
8411	"▁died"	["▁d", "ied"]
8412	"▁hom"	["▁h", "om"]
8413	"▁पड़ा"	["▁प", "ड़ा"]
8414	"▁నిర్మి"	["▁ని", "ర్మి"]
8415	"▁کافی"	["▁کا", "فی"]
8416	"ighb"	["igh", "b"]
8417	"▁భాష,"	["▁భాష", ","]
8418	"-9"	["-", "9"]
8419	"త్రంగా"	["త్రం", "గా"]
8420	"నోత్సవం"	["నో", "త్సవం"]
8421	"▁అద్దం"	["▁అ", "ద్దం"]
8422	"ented"	["ent", "ed"]
8423	"▁Cathol"	["▁C", "athol"]
8424	"▁समान"	["▁स", "मान"]
8425	"▁und"	["▁u", "nd"]
8426	"▁ఉన్నట్లు"	["▁ఉన్న", "ట్లు"]
8427	"▁largely"	["▁large", "ly"]
8428	"▁medical"	["▁med", "ical"]
8429	"▁ఖర్చు"	["▁ఖ", "ర్చు"]
8430	"▁mainly"	["▁main", "ly"]
8431	"డతాయి."	["డతా", "యి."]
8432	"▁పురుషులు"	["▁పురుషు", "లు"]
8433	"▁రాజ్యాంగ"	["▁రాజ్యాం", "గ"]
8434	"▁नीति"	["▁नी", "ति"]
8435	"▁సమాచారం"	["▁సమాచా", "రం"]
8436	"▁achiev"	["▁ach", "iev"]
8437	"-st"	["-", "st"]
8438	"▁<"	["▁", "<"]
8439	"▁aud"	["▁a", "ud"]
8440	"▁open"	["▁o", "pen"]
8441	"▁length"	["▁l", "ength"]
8442	"▁باد"	["▁ب", "اد"]
8443	"uss"	["us", "s"]
8444	"▁ris"	["▁r", "is"]
8445	"▁prep"	["▁pre", "p"]
8446	"▁متعلق"	["▁مت", "علق"]
8447	"▁శిల్ప"	["▁శి", "ల్ప"]
8448	"లయాలు,"	["లయా", "లు,"]
8449	"▁పాలకులు"	["▁పాలకు", "లు"]
8450	"▁امریکا"	["▁امریک", "ا"]
8451	"ధిపత్యం"	["ధిప", "త్యం"]
8452	".శ"	[".", "శ"]
8453	"దరో"	["ద", "రో"]
8454	"నవి"	["న", "వి"]
8455	"హక"	["హ", "క"]
8456	"ర్చిన"	["ర్చి", "న"]
8457	"▁అహ్మ"	["▁అ", "హ్మ"]
8458	"▁అధీనంలో"	["▁అ", "ధీనంలో"]
8459	"ulated"	["ul", "ated"]
8460	"▁నవం"	["▁న", "వం"]
8461	"▁కూచి"	["▁కూ", "చి"]
8462	"▁జాతీ"	["▁జా", "తీ"]
8463	"▁ఏకైక"	["▁ఏ", "కైక"]
8464	"aged"	["ag", "ed"]
8465	"▁కుడి"	["▁కు", "డి"]
8466	"▁ప్రాంతంలో"	["▁ప్రాం", "తంలో"]
8467	"▁appo"	["▁app", "o"]
8468	"▁ముందుగా"	["▁ముం", "దుగా"]
8469	"▁Island"	["▁Isl", "and"]
8470	"▁active"	["▁act", "ive"]
8471	"▁تحریک"	["▁تح", "ریک"]
8472	"ద్యమంలో"	["ద్యమం", "లో"]
8473	"▁దిగువ"	["▁దిగు", "వ"]
8474	"దే."	["దే", "."]
8475	"विक"	["वि", "क"]
8476	"ణాన్ని"	["ణా", "న్ని"]
8477	"న్స్,"	["న్స్", ","]
8478	"▁sources"	["▁s", "ources"]
8479	"rok"	["ro", "k"]
8480	"▁అస్సా"	["▁అ", "స్సా"]
8481	"▁سی"	["▁س", "ی"]
8482	"▁سرب"	["▁س", "رب"]
8483	"▁మరి"	["▁మ", "రి"]
8484	"▁आगे"	["▁आ", "गे"]
8485	"▁once"	["▁on", "ce"]
8486	"▁vary"	["▁v", "ary"]
8487	"▁వ్యవహా"	["▁వ్యవ", "హా"]
8488	"▁पुन"	["▁पु", "न"]
8489	"▁divided"	["▁div", "ided"]
8490	"▁neighb"	["▁ne", "ighb"]
8491	"▁black"	["▁bl", "ack"]
8492	"▁latter"	["▁lat", "ter"]
8493	"▁ذریعے"	["▁ذریع", "ے"]
8494	"▁document"	["▁doc", "ument"]
8495	"▁फु"	["▁", "फु"]
8496	"కొన"	["కొ", "న"]
8497	"లేదు"	["లే", "దు"]
8498	"లీ,"	["లీ", ","]
8499	"టంతో"	["టం", "తో"]
8500	"▁School"	["▁S", "chool"]
8501	"▁ఇన్‌"	["▁ఇ", "న్‌"]
8502	"▁Green"	["▁G", "reen"]
8503	"aves"	["av", "es"]
8504	"▁ఒలిం"	["▁ఒ", "లిం"]
8505	"పతి,"	["పతి", ","]
8506	"▁web"	["▁we", "b"]
8507	"▁independence"	["▁independ", "ence"]
8508	"▁ప్రత్యేకమైన"	["▁ప్రత్యేక", "మైన"]
8509	"యస్"	["య", "స్"]
8510	"వలి"	["వ", "లి"]
8511	"▁త్వ"	["▁", "త్వ"]
8512	"క్షణా"	["క్ష", "ణా"]
8513	"▁ten"	["▁t", "en"]
8514	"itor"	["it", "or"]
8515	"ura"	["ur", "a"]
8516	"▁सत"	["▁स", "त"]
8517	"▁ge"	["▁g", "e"]
8518	"▁पद"	["▁प", "द"]
8519	"▁విస్తృ"	["▁వి", "స్తృ"]
8520	"ان،"	["ان", "،"]
8521	"▁హిందువు"	["▁హిం", "దువు"]
8522	"▁reflect"	["▁ref", "lect"]
8523	"▁थी,"	["▁थी", ","]
8524	"▁యము"	["▁య", "ము"]
8525	"▁قبول"	["▁قب", "ول"]
8526	"▁స్థాయిలో"	["▁స్థాయి", "లో"]
8527	"▁speakers"	["▁speak", "ers"]
8528	"కట"	["క", "ట"]
8529	"స్తుందని"	["స్తుం", "దని"]
8530	"isions"	["is", "ions"]
8531	"▁తయా"	["▁త", "యా"]
8532	"▁వాదన"	["▁వా", "దన"]
8533	"▁नेता"	["▁ने", "ता"]
8534	"▁देव"	["▁दे", "व"]
8535	"▁Jew"	["▁J", "ew"]
8536	"▁country's"	["▁country", "'s"]
8537	"▁condition"	["▁cond", "ition"]
8538	"▁feature"	["▁feat", "ure"]
8539	"ftware"	["ft", "ware"]
8540	"▁building"	["▁bu", "ilding"]
8541	"▁دہائی"	["▁دہ", "ائی"]
8542	"▁డాలర్లు"	["▁డాల", "ర్లు"]
8543	"ires"	["i", "res"]
8544	"nic"	["n", "ic"]
8545	"جہ"	["ج", "ہ"]
8546	"نڈ"	["ن", "ڈ"]
8547	"నిధి"	["ని", "ధి"]
8548	"స్తూ,"	["స్తూ", ","]
8549	"arc"	["ar", "c"]
8550	"▁pet"	["▁p", "et"]
8551	"▁అక్క"	["▁అ", "క్క"]
8552	"▁ఇతి"	["▁ఇ", "తి"]
8553	"▁ఎడమ"	["▁ఎ", "డమ"]
8554	"ریہ"	["ری", "ہ"]
8555	"మైనవి."	["మైన", "వి."]
8556	"▁Oly"	["▁O", "ly"]
8557	"▁63"	["▁6", "3"]
8558	"▁them."	["▁them", "."]
8559	"▁బెంగాల్"	["▁బెంగా", "ల్"]
8560	"▁కలక"	["▁కల", "క"]
8561	"▁روایت"	["▁رو", "ایت"]
8562	"▁autom"	["▁aut", "om"]
8563	"▁పదార్థా"	["▁పదా", "ర్థా"]
8564	"-B"	["-", "B"]
8565	"▁पाँच"	["▁", "पाँच"]
8566	"మి,"	["మి", ","]
8567	"పిక్"	["పి", "క్"]
8568	"చుకుం"	["చు", "కుం"]
8569	"▁fast"	["▁f", "ast"]
8570	"▁(a"	["▁(", "a"]
8571	"▁సవా"	["▁స", "వా"]
8572	"irt"	["ir", "t"]
8573	"▁Educ"	["▁E", "duc"]
8574	"▁whom"	["▁wh", "om"]
8575	"ائر"	["ائ", "ر"]
8576	"▁jur"	["▁j", "ur"]
8577	"▁మిన"	["▁మి", "న"]
8578	"▁اضاف"	["▁اض", "اف"]
8579	"▁పశ్చిమాన"	["▁పశ్చిమా", "న"]
8580	"▁దశలో"	["▁దశ", "లో"]
8581	"▁Olymp"	["▁Oly", "mp"]
8582	"▁reach"	["▁re", "ach"]
8583	"▁unc"	["▁un", "c"]
8584	"▁ప్రాంతాలకు"	["▁ప్రాంతా", "లకు"]
8585	"▁లేదు."	["▁లే", "దు."]
8586	"▁makes"	["▁mak", "es"]
8587	"▁परिवर्त"	["▁परिव", "र्त"]
8588	"▁ఐక్యరాజ్య"	["▁ఐక్య", "రాజ్య"]
8589	"▁programm"	["▁program", "m"]
8590	"▁కట్టడా"	["▁కట్ట", "డా"]
8591	"▁ఆదాయం"	["▁ఆదా", "యం"]
8592	"▁కూచిపూ"	["▁కూచి", "పూ"]
8593	"hood"	["h", "ood"]
8594	"rative"	["r", "ative"]
8595	"సరా"	["స", "రా"]
8596	"సమితి"	["స", "మితి"]
8597	"కాలో"	["కా", "లో"]
8598	"మాలిక"	["మా", "లిక"]
8599	"పెట్టారు."	["పె", "ట్టారు."]
8600	"స్తులు"	["స్తు", "లు"]
8601	"isd"	["is", "d"]
8602	"▁Ter"	["▁T", "er"]
8603	"ra."	["ra", "."]
8604	"▁తగ్గి"	["▁త", "గ్గి"]
8605	"▁univers"	["▁un", "ivers"]
8606	"▁1500"	["▁15", "00"]
8607	"▁agriculture"	["▁agricult", "ure"]
8608	"▁nearly"	["▁near", "ly"]
8609	"▁मील"	["▁मी", "ल"]
8610	"▁visit"	["▁vis", "it"]
8611	"▁composed"	["▁compos", "ed"]
8612	"▁జీవితంలో"	["▁జీవి", "తంలో"]
8613	"▁घाटी"	["▁घा", "टी"]
8614	"▁దగ్గరలో"	["▁దగ్గ", "రలో"]
8615	"▁मृत्यु"	["▁मृ", "त्यु"]
8616	"hav"	["h", "av"]
8617	"och"	["o", "ch"]
8618	"लिस"	["लि", "स"]
8619	"ణుల"	["ణు", "ల"]
8620	"▁fra"	["▁f", "ra"]
8621	"▁fram"	["▁f", "ram"]
8622	"oman"	["om", "an"]
8623	"▁nav"	["▁n", "av"]
8624	"▁Bal"	["▁B", "al"]
8625	"istance"	["ist", "ance"]
8626	"▁बढ़ा"	["▁ब", "ढ़ा"]
8627	"▁रचना"	["▁र", "चना"]
8628	"▁ముద్ర"	["▁ము", "ద్ర"]
8629	"ressed"	["ress", "ed"]
8630	"hens"	["hen", "s"]
8631	"▁humans"	["▁hum", "ans"]
8632	"▁فران"	["▁فر", "ان"]
8633	"▁دریائے"	["▁دریا", "ئے"]
8634	"▁వుంటుంది."	["▁వుం", "టుంది."]
8635	"▁పరిశోధనా"	["▁పరిశోధ", "నా"]
8636	"▁ద్రావిడ"	["▁ద్రా", "విడ"]
8637	"▁బంగాళాఖా"	["▁బంగాళా", "ఖా"]
8638	"▁درمیان"	["▁درم", "یان"]
8639	"▁అస్సామీ"	["▁అస్సా", "మీ"]
8640	"▁కలకత్తా"	["▁కలక", "త్తా"]
8641	"3:"	["3", ":"]
8642	"वत"	["व", "त"]
8643	"కల్"	["క", "ల్"]
8644	"చడం"	["చ", "డం"]
8645	"▁गौ"	["▁", "गौ"]
8646	"▁ఘో"	["▁", "ఘో"]
8647	"లోను"	["లో", "ను"]
8648	"పేట"	["పే", "ట"]
8649	"లే."	["లే", "."]
8650	"▁ple"	["▁p", "le"]
8651	"▁dyn"	["▁d", "yn"]
8652	"▁सत्ता"	["▁स", "त्ता"]
8653	"▁2,"	["▁2", ","]
8654	"▁ఉనికి"	["▁ఉ", "నికి"]
8655	"▁ప్రార్థ"	["▁ప్రా", "ర్థ"]
8656	"▁compared"	["▁comp", "ared"]
8657	"▁Kar"	["▁K", "ar"]
8658	"▁वायु"	["▁वा", "यु"]
8659	"▁లభ్య"	["▁ల", "భ్య"]
8660	"able."	["able", "."]
8661	"▁అని,"	["▁అని", ","]
8662	"▁ద్వీప"	["▁ద్వీ", "ప"]
8663	"▁1935"	["▁193", "5"]
8664	"▁సంబంధాలు"	["▁సంబం", "ధాలు"]
8665	"▁ऑफ"	["▁ऑ", "फ"]
8666	"▁బంగ్లాదేశ్"	["▁బంగ్లా", "దేశ్"]
8667	"▁नदियों"	["▁नदि", "यों"]
8668	"ufact"	["uf", "act"]
8669	"▁విద్యను"	["▁విద్య", "ను"]
8670	"▁simple"	["▁simp", "le"]
8671	"▁branch"	["▁bran", "ch"]
8672	"-आ"	["-", "आ"]
8673	"les."	["l", "es."]
8674	"▁ఖో"	["▁", "ఖో"]
8675	"▁ult"	["▁", "ult"]
8676	"కుడు."	["కు", "డు."]
8677	"▁cut"	["▁c", "ut"]
8678	"▁24"	["▁2", "4"]
8679	"▁ఆది"	["▁ఆ", "ది"]
8680	"lege"	["le", "ge"]
8681	"▁altern"	["▁al", "tern"]
8682	"▁bey"	["▁be", "y"]
8683	"▁shap"	["▁sh", "ap"]
8684	"▁Old"	["▁O", "ld"]
8685	"▁peace"	["▁pe", "ace"]
8686	"▁moving"	["▁mov", "ing"]
8687	"▁హైకోర్టు"	["▁హై", "కోర్టు"]
8688	"▁display"	["▁displ", "ay"]
8689	"▁బడ్జెట్"	["▁బడ్జె", "ట్"]
8690	"▁jurisd"	["▁jur", "isd"]
8691	"-१"	["-", "१"]
8692	"यल"	["य", "ल"]
8693	"నేత"	["నే", "త"]
8694	"head"	["he", "ad"]
8695	"atures"	["at", "ures"]
8696	"▁కలుగు"	["▁క", "లుగు"]
8697	"verse"	["ver", "se"]
8698	"▁constit"	["▁con", "stit"]
8699	"▁పార్టీకి"	["▁పార్టీ", "కి"]
8700	"▁service"	["▁serv", "ice"]
8701	"▁internal"	["▁inter", "nal"]
8702	"▁దీపా"	["▁దీ", "పా"]
8703	"▁సాధించి"	["▁సాధిం", "చి"]
8704	"▁defeat"	["▁def", "eat"]
8705	"▁నాయక"	["▁నాయ", "క"]
8706	"▁مشرقی"	["▁مشر", "قی"]
8707	"▁విశేషం."	["▁విశేషం", "."]
8708	"▁سربراہ"	["▁سرب", "راہ"]
8709	"عنی"	["ع", "نی"]
8710	"टल"	["ट", "ल"]
8711	"ఫల"	["ఫ", "ల"]
8712	"पाल"	["पा", "ल"]
8713	"శ్రద్ధ"	["శ్ర", "ద్ధ"]
8714	"▁भागों"	["▁भा", "गों"]
8715	"▁సంధి"	["▁సం", "ధి"]
8716	"▁కేంద్రీ"	["▁కేం", "ద్రీ"]
8717	"▁గురించి"	["▁గు", "రించి"]
8718	"▁जैन"	["▁जै", "न"]
8719	"▁امریکی"	["▁امریک", "ی"]
8720	"▁గ్రంథాలు"	["▁గ్రంథా", "లు"]
8721	"▁عالمی"	["▁عال", "می"]
8722	"▁agreement"	["▁agre", "ement"]
8723	"▁విశిష్ట"	["▁విశి", "ష్ట"]
8724	"▁beyond"	["▁bey", "ond"]
8725	".ఏ"	[".", "ఏ"]
8726	"yle"	["y", "le"]
8727	"سام"	["س", "ام"]
8728	"వన్నీ"	["వ", "న్నీ"]
8729	"त्पत्ति"	["त्प", "त्ति"]
8730	"umed"	["um", "ed"]
8731	"▁کرتا"	["▁کر", "تا"]
8732	"osing"	["os", "ing"]
8733	"▁शहर"	["▁श", "हर"]
8734	"ities."	["ities", "."]
8735	"రాలుగా"	["రాలు", "గా"]
8736	"▁कुल"	["▁कु", "ल"]
8737	"రంగంలో"	["రంగం", "లో"]
8738	"▁నేపాలీ"	["▁నేపా", "లీ"]
8739	"భారతదేశం"	["భారత", "దేశం"]
8740	"చుకున్నారు."	["చుకు", "న్నారు."]
8741	"▁prior"	["▁pri", "or"]
8742	"▁معاہدے"	["▁معاہ", "دے"]
8743	"▁స్వరూపం"	["▁స్వరూ", "పం"]
8744	"▁आसपास"	["▁आस", "पास"]
8745	"اوی"	["ا", "وی"]
8746	"زوں"	["ز", "وں"]
8747	"▁ens"	["▁", "ens"]
8748	"लाल"	["ला", "ल"]
8749	"aled"	["al", "ed"]
8750	"▁evol"	["▁e", "vol"]
8751	"▁ఆదేశా"	["▁ఆ", "దేశా"]
8752	"▁Sant"	["▁S", "ant"]
8753	"▁forced"	["▁for", "ced"]
8754	"▁కాలం"	["▁కా", "లం"]
8755	"▁కావడం"	["▁కా", "వడం"]
8756	"▁निर्या"	["▁नि", "र्या"]
8757	"▁करवा"	["▁कर", "वा"]
8758	"▁మంత్రు"	["▁మం", "త్రు"]
8759	"▁seg"	["▁se", "g"]
8760	"▁resources"	["▁res", "ources"]
8761	"undred"	["und", "red"]
8762	"▁ఉంటాయి"	["▁ఉంటా", "యి"]
8763	"▁promot"	["▁prom", "ot"]
8764	"▁ద్వీపం"	["▁ద్వీ", "పం"]
8765	"▁భాగస్వా"	["▁భాగ", "స్వా"]
8766	"▁languages."	["▁languag", "es."]
8767	"▁additional"	["▁addition", "al"]
8768	"▁ऊपर"	["▁ऊ", "पर"]
8769	"▁కొనసాగు"	["▁కొనసా", "గు"]
8770	"డుతున్నారు."	["డుతు", "న్నారు."]
8771	"▁ఉపాధి"	["▁ఉపా", "ధి"]
8772	".6%"	[".", "6%"]
8773	"ground"	["g", "round"]
8774	"త్వంలో"	["త్వం", "లో"]
8775	"itan"	["it", "an"]
8776	"▁fest"	["▁f", "est"]
8777	"▁సలహా"	["▁స", "లహా"]
8778	"▁ఎల్ల"	["▁ఎ", "ల్ల"]
8779	"▁जिसकी"	["▁जिस", "की"]
8780	"▁శ్రీలం"	["▁శ్రీ", "లం"]
8781	"▁manufact"	["▁man", "ufact"]
8782	"▁ప్రపంచంలోనే"	["▁ప్రపంచంలో", "నే"]
8783	"▁అధికారికంగా"	["▁అధికారి", "కంగా"]
8784	"▁ఇటీవల"	["▁ఇటీ", "వల"]
8785	"▁heavy"	["▁heav", "y"]
8786	"▁ప్రఖ్యాతి"	["▁ప్రఖ్యా", "తి"]
8787	"▁ఆలోచన"	["▁ఆలో", "చన"]
8788	"eing"	["e", "ing"]
8789	"पश्चि"	["प", "श्चि"]
8790	"▁लौ"	["▁", "लौ"]
8791	"జిత్"	["జి", "త్"]
8792	"त्र,"	["त्र", ","]
8793	"ठार"	["ठा", "र"]
8794	"क्टूबर"	["क्टू", "बर"]
8795	"ises"	["is", "es"]
8796	"▁بولی"	["▁ب", "ولی"]
8797	"▁Tod"	["▁T", "od"]
8798	"▁geograph"	["▁g", "eograph"]
8799	"▁ఆనా"	["▁ఆ", "నా"]
8800	"▁विधि"	["▁वि", "धि"]
8801	"▁నిర"	["▁ని", "ర"]
8802	"▁changed"	["▁ch", "anged"]
8803	"▁కొల"	["▁కొ", "ల"]
8804	"▁Ur"	["▁U", "r"]
8805	"▁1999"	["▁199", "9"]
8806	"fficial"	["ff", "icial"]
8807	"▁మేరకు"	["▁మే", "రకు"]
8808	"▁Europe,"	["▁Europ", "e,"]
8809	"▁సంబంధ"	["▁సంబం", "ధ"]
8810	"▁వారసత్వ"	["▁వారస", "త్వ"]
8811	"▁గెలి"	["▁గె", "లి"]
8812	"▁पीछे"	["▁पी", "छे"]
8813	"▁initially"	["▁init", "ially"]
8814	"▁Health"	["▁He", "alth"]
8815	"▁ethnic"	["▁eth", "nic"]
8816	"▁प्रशासन"	["▁प्रशास", "न"]
8817	"▁అందరూ"	["▁అంద", "రూ"]
8818	"▁ప్రయాణి"	["▁ప్రయా", "ణి"]
8819	"▁female"	["▁fem", "ale"]
8820	"▁పూర్వపు"	["▁పూర్వ", "పు"]
8821	"▁వరుసగా"	["▁వరుస", "గా"]
8822	"حدہ"	["ح", "دہ"]
8823	"నంగా"	["నం", "గా"]
8824	"మూల"	["మూ", "ల"]
8825	"ధుమ"	["ధు", "మ"]
8826	"▁inn"	["▁in", "n"]
8827	"▁pare"	["▁p", "are"]
8828	"▁mal"	["▁m", "al"]
8829	"▁hundred"	["▁h", "undred"]
8830	"imum"	["im", "um"]
8831	"▁మామిడి"	["▁మా", "మిడి"]
8832	"▁عب"	["▁ع", "ب"]
8833	"▁ہوتی"	["▁ہو", "تی"]
8834	"▁applied"	["▁app", "lied"]
8835	"▁medic"	["▁med", "ic"]
8836	"▁occas"	["▁occ", "as"]
8837	"డానికి,"	["డానికి", ","]
8838	"▁మెట్రో"	["▁మె", "ట్రో"]
8839	"▁software"	["▁so", "ftware"]
8840	"▁contribut"	["▁contrib", "ut"]
8841	"▁కాశ్మీర్"	["▁కాశ్మీ", "ర్"]
8842	"▁solid"	["▁sol", "id"]
8843	"▁occurred"	["▁occur", "red"]
8844	"▁టెలివిజన్"	["▁టెలి", "విజన్"]
8845	"▁దక్కను"	["▁దక్క", "ను"]
8846	"▁మహిళల"	["▁మహిళ", "ల"]
8847	"▁అవతరించింది."	["▁అవత", "రించింది."]
8848	".పూ."	[".పూ", "."]
8849	"ల్లోని"	["ల్లో", "ని"]
8850	"ఫిక్"	["ఫి", "క్"]
8851	"itage"	["it", "age"]
8852	"▁face"	["▁f", "ace"]
8853	"▁More"	["▁M", "ore"]
8854	"▁१७"	["▁१", "७"]
8855	"▁నిషే"	["▁ని", "షే"]
8856	"▁pros"	["▁pro", "s"]
8857	"acity"	["ac", "ity"]
8858	"ces."	["ces", "."]
8859	"erve"	["erv", "e"]
8860	"▁Ka"	["▁K", "a"]
8861	"▁policy"	["▁pol", "icy"]
8862	"▁నగరం"	["▁నగ", "రం"]
8863	"▁factor"	["▁fact", "or"]
8864	"▁remaining"	["▁remain", "ing"]
8865	"▁కాలేజి"	["▁కాలే", "జి"]
8866	"▁challeng"	["▁chall", "eng"]
8867	"▁యుద్ధాలు"	["▁యుద్ధా", "లు"]
8868	"▁బాంబే"	["▁బాం", "బే"]
8869	"lig"	["l", "ig"]
8870	"गति"	["ग", "ति"]
8871	"పతులు"	["ప", "తులు"]
8872	"▁ast"	["▁a", "st"]
8873	"erl"	["er", "l"]
8874	"arp"	["ar", "p"]
8875	"arri"	["ar", "ri"]
8876	"▁अपेक्षा"	["▁अ", "पेक्षा"]
8877	"▁अक्टूबर"	["▁अ", "क्टूबर"]
8878	"ives,"	["iv", "es,"]
8879	"▁మహ"	["▁మ", "హ"]
8880	"▁మర్రి"	["▁మ", "ర్రి"]
8881	"▁Post"	["▁P", "ost"]
8882	"▁Direct"	["▁D", "irect"]
8883	"▁అధికారంలో"	["▁అధికా", "రంలో"]
8884	"▁నాయకుల"	["▁నాయ", "కుల"]
8885	"anking"	["ank", "ing"]
8886	"▁ధరి"	["▁ధ", "రి"]
8887	"▁ఆవిర్భ"	["▁ఆవి", "ర్భ"]
8888	"▁శ్రీశైల"	["▁శ్రీశై", "ల"]
8889	"▁officially"	["▁offic", "ially"]
8890	"▁اضافہ"	["▁اضاف", "ہ"]
8891	"ls"	["l", "s"]
8892	"खर"	["ख", "र"]
8893	"▁despite"	["▁d", "espite"]
8894	"▁(ఆం"	["▁(", "ఆం"]
8895	"ully"	["ul", "ly"]
8896	"▁వర్గీ"	["▁వ", "ర్గీ"]
8897	"emen"	["em", "en"]
8898	"▁exch"	["▁ex", "ch"]
8899	"▁निवास"	["▁नि", "वास"]
8900	"▁spl"	["▁sp", "l"]
8901	"▁ఏడవ"	["▁ఏ", "డవ"]
8902	"▁81"	["▁8", "1"]
8903	"▁లఘు"	["▁ల", "ఘు"]
8904	"▁disput"	["▁dis", "put"]
8905	"▁बनाए"	["▁बना", "ए"]
8906	"▁గోధుమ"	["▁గో", "ధుమ"]
8907	"▁సమాజ"	["▁సమా", "జ"]
8908	"▁critical"	["▁crit", "ical"]
8909	"▁ఆసియాలో"	["▁ఆసియా", "లో"]
8910	"▁II,"	["▁II", ","]
8911	"▁neighbour"	["▁neighb", "our"]
8912	"yal"	["y", "al"]
8913	"तक"	["त", "क"]
8914	"ల్లిన"	["ల్లి", "న"]
8915	"olid"	["ol", "id"]
8916	"olith"	["ol", "ith"]
8917	"▁వర్ధి"	["▁వ", "ర్ధి"]
8918	"▁विद्रो"	["▁वि", "द्रो"]
8919	"ourse"	["our", "se"]
8920	"▁చిహ్నా"	["▁చి", "హ్నా"]
8921	"▁Champ"	["▁Ch", "amp"]
8922	"▁resident"	["▁res", "ident"]
8923	"▁पुलिस"	["▁पु", "लिस"]
8924	"▁సూచన"	["▁సూ", "చన"]
8925	"▁घोषित"	["▁घो", "षित"]
8926	"▁सूचना"	["▁सू", "चना"]
8927	"▁society"	["▁societ", "y"]
8928	"▁చేసుకోవ"	["▁చేసు", "కోవ"]
8929	"▁advanced"	["▁adv", "anced"]
8930	"▁experienced"	["▁experien", "ced"]
8931	"▁ప్రమాణ"	["▁ప్రమా", "ణ"]
8932	"ke"	["k", "e"]
8933	"ఆర్య"	["ఆ", "ర్య"]
8934	"తలు"	["త", "లు"]
8935	"▁డ్రై"	["▁", "డ్రై"]
8936	"మును"	["ము", "ను"]
8937	"न्तर"	["न्त", "र"]
8938	"ట్లలో"	["ట్ల", "లో"]
8939	"म्पूर्ण"	["म्पू", "र्ण"]
8940	"ancial"	["an", "cial"]
8941	"▁విలు"	["▁వి", "లు"]
8942	"▁ఎడా"	["▁ఎ", "డా"]
8943	"▁साक्षर"	["▁सा", "क्षर"]
8944	"▁मात्र"	["▁मा", "त्र"]
8945	"▁sever"	["▁se", "ver"]
8946	"argest"	["arge", "st"]
8947	"▁transform"	["▁trans", "form"]
8948	"▁సాంప్రదాయ"	["▁సాంప్రదా", "య"]
8949	"▁सुधा"	["▁सु", "धा"]
8950	"▁భాగం."	["▁భాగం", "."]
8951	"▁تعا"	["▁تع", "ا"]
8952	"▁quarter"	["▁qu", "arter"]
8953	"▁extremely"	["▁extreme", "ly"]
8954	"▁inscript"	["▁ins", "cript"]
8955	"▁వన్యప్రా"	["▁వన్య", "ప్రా"]
8956	"▁Culture"	["▁Cult", "ure"]
8957	"▁Education"	["▁Educ", "ation"]
8958	"fall"	["f", "all"]
8959	"కర్‌"	["క", "ర్‌"]
8960	"కుంటుంది."	["కుం", "టుంది."]
8961	"మించి"	["మిం", "చి"]
8962	"గ్లేయు"	["గ్లే", "యు"]
8963	"▁tal"	["▁t", "al"]
8964	"one."	["on", "e."]
8965	"▁mixed"	["▁m", "ixed"]
8966	"▁Ak"	["▁A", "k"]
8967	"▁green"	["▁g", "reen"]
8968	"▁ఉష్ణ"	["▁ఉ", "ష్ణ"]
8969	"ist."	["ist", "."]
8970	"▁fort"	["▁for", "t"]
8971	"▁پوری"	["▁پ", "وری"]
8972	"▁GDP"	["▁G", "DP"]
8973	"▁Nat"	["▁N", "at"]
8974	"▁overall"	["▁over", "all"]
8975	"یسویں"	["یس", "ویں"]
8976	"▁अवधि"	["▁अव", "धि"]
8977	"▁ఆక్రమణ"	["▁ఆక్ర", "మణ"]
8978	"▁practice"	["▁pract", "ice"]
8979	"▁పద్ధతిలో"	["▁పద్ధతి", "లో"]
8980	"▁చిత్రమాలిక"	["▁చిత్ర", "మాలిక"]
8981	"▁immediately"	["▁im", "mediately"]
8982	"▁gods"	["▁god", "s"]
8983	"▁లెక్కలు"	["▁లెక్క", "లు"]
8984	"▁essential"	["▁ess", "ential"]
8985	"ایا"	["ا", "یا"]
8986	"▁स्थ"	["▁", "स्थ"]
8987	"▁शां"	["▁", "शां"]
8988	"हारी"	["हा", "री"]
8989	"రెండు"	["రెం", "డు"]
8990	"నెట్"	["నె", "ట్"]
8991	"बंधी"	["बं", "धी"]
8992	"inated"	["in", "ated"]
8993	"erring"	["er", "ring"]
8994	"ars."	["ar", "s."]
8995	"▁bott"	["▁b", "ott"]
8996	"▁بات"	["▁ب", "ات"]
8997	"▁Sri"	["▁S", "ri"]
8998	"▁Eth"	["▁E", "th"]
8999	"▁excl"	["▁ex", "cl"]
9000	"▁mob"	["▁mo", "b"]
9001	"▁valle"	["▁v", "alle"]
9002	"▁చము"	["▁చ", "ము"]
9003	"▁chain"	["▁ch", "ain"]
9004	"▁expos"	["▁exp", "os"]
9005	"▁62"	["▁6", "2"]
9006	"▁scen"	["▁sc", "en"]
9007	"▁coastal"	["▁coast", "al"]
9008	"▁speech"	["▁spe", "ech"]
9009	"▁చెప్పుకో"	["▁చెప్పు", "కో"]
9010	"▁Foreign"	["▁Fore", "ign"]
9011	"▁characteristic"	["▁character", "istic"]
9012	"▁पहुँच"	["▁पहुँ", "च"]
9013	"▁विजय"	["▁विज", "य"]
9014	"نوع"	["نو", "ع"]
9015	"▁పండుగలు,"	["▁పండుగ", "లు,"]
9016	"▁వూ"	["▁", "వూ"]
9017	"दीय"	["दी", "य"]
9018	"డే."	["డే", "."]
9019	"ese,"	["es", "e,"]
9020	"▁pressure"	["▁p", "ressure"]
9021	"▁ارب"	["▁ا", "رب"]
9022	"▁అన"	["▁అ", "న"]
9023	"▁Crit"	["▁C", "rit"]
9024	"▁सम्पूर्ण"	["▁स", "म्पूर्ण"]
9025	"▁మసా"	["▁మ", "సా"]
9026	"ady"	["ad", "y"]
9027	"▁veh"	["▁v", "eh"]
9028	"▁deleg"	["▁de", "leg"]
9029	"▁అధిగ"	["▁అధి", "గ"]
9030	"▁చెంది"	["▁చెం", "ది"]
9031	"దేశాలలో"	["దేశా", "లలో"]
9032	"▁country,"	["▁country", ","]
9033	"▁وجود"	["▁وج", "ود"]
9034	"▁వ్యాపారం"	["▁వ్యాపా", "రం"]
9035	"asht"	["ash", "t"]
9036	"▁తిరిగి"	["▁తిరి", "గి"]
9037	"▁प्रचलित"	["▁प्रच", "लित"]
9038	"▁cosm"	["▁cos", "m"]
9039	"▁life,"	["▁lif", "e,"]
9040	"▁deaths"	["▁death", "s"]
9041	"▁ఇతిహా"	["▁ఇతి", "హా"]
9042	"band"	["b", "and"]
9043	"house"	["h", "ouse"]
9044	"यस"	["य", "स"]
9045	"▁స్వే"	["▁", "స్వే"]
9046	"నిస్తాన్"	["ని", "స్తాన్"]
9047	"ముల"	["ము", "ల"]
9048	"गोल"	["गो", "ल"]
9049	"▁अनि"	["▁अ", "नि"]
9050	"▁Cup"	["▁C", "up"]
9051	"▁21."	["▁2", "1."]
9052	"▁వివాదం"	["▁వి", "వాదం"]
9053	"▁కరా"	["▁క", "రా"]
9054	"▁P."	["▁P", "."]
9055	"▁ఉంటూ"	["▁ఉం", "టూ"]
9056	"term"	["ter", "m"]
9057	"▁Nag"	["▁N", "ag"]
9058	"▁intellig"	["▁int", "ellig"]
9059	"▁నుండి,"	["▁నుండి", ","]
9060	"▁जिसने"	["▁जिस", "ने"]
9061	"▁కిమీ"	["▁కి", "మీ"]
9062	"▁భరత"	["▁భ", "రత"]
9063	"▁अधिकतर"	["▁अधिक", "तर"]
9064	"▁(16"	["▁(1", "6"]
9065	"▁stream"	["▁stre", "am"]
9066	"▁నిర్మించి"	["▁నిర్మిం", "చి"]
9067	"▁مغربی"	["▁مغرب", "ی"]
9068	"▁auton"	["▁aut", "on"]
9069	"▁పర్షియ"	["▁పర్షి", "య"]
9070	"▁helped"	["▁hel", "ped"]
9071	"▁మినహా"	["▁మిన", "హా"]
9072	"▁ప్రార్థన"	["▁ప్రార్థ", "న"]
9073	"oo"	["o", "o"]
9074	"phere"	["p", "here"]
9075	"را"	["ر", "ا"]
9076	"सागर"	["सा", "गर"]
9077	"olute"	["ol", "ute"]
9078	"imil"	["im", "il"]
9079	"▁Major"	["▁M", "ajor"]
9080	"▁कप"	["▁क", "प"]
9081	"▁जवा"	["▁ज", "वा"]
9082	"▁2011,"	["▁201", "1,"]
9083	"لاع"	["لا", "ع"]
9084	"▁పండ్లు"	["▁పం", "డ్లు"]
9085	"▁Out"	["▁O", "ut"]
9086	"▁job"	["▁j", "ob"]
9087	"▁others."	["▁other", "s."]
9088	"▁నగరాలు,"	["▁నగ", "రాలు,"]
9089	"overe"	["ov", "ere"]
9090	"▁17th"	["▁17", "th"]
9091	"▁సాధించా"	["▁సాధిం", "చా"]
9092	"ribes"	["rib", "es"]
9093	"▁period."	["▁period", "."]
9094	"▁స్వాతంత్ర్యా"	["▁స్వాతం", "త్ర్యా"]
9095	"herent"	["here", "nt"]
9096	"▁రహదారులు"	["▁రహదారు", "లు"]
9097	"▁controlled"	["▁control", "led"]
9098	"▁subsequently"	["▁subsequent", "ly"]
9099	"▁thousands"	["▁thous", "ands"]
9100	"-largest"	["-l", "argest"]
9101	"▁financial"	["▁fin", "ancial"]
9102	"▁بدھ"	["▁بد", "ھ"]
9103	"▁causing"	["▁caus", "ing"]
9104	"tymology"	["tym", "ology"]
9105	"▁ఋతు"	["▁ఋ", "తు"]
9106	"▁పోటీలలో"	["▁పోటీ", "లలో"]
9107	"▁ఇండో-ఆర్య"	["▁ఇండో-", "ఆర్య"]
9108	"▁साक्षरता"	["▁साक्षर", "ता"]
9109	"▁several"	["▁sever", "al"]
9110	"b,"	["b", ","]
9111	"▁ड"	["▁", "ड"]
9112	"▁पि"	["▁", "पि"]
9113	"దీర్ఘ"	["దీ", "ర్ఘ"]
9114	"ద్రనాథ్"	["ద్ర", "నాథ్"]
9115	"rehens"	["re", "hens"]
9116	"▁fixed"	["▁f", "ixed"]
9117	"▁da"	["▁d", "a"]
9118	"▁ప్రగ"	["▁ప్ర", "గ"]
9119	"▁పక్షి"	["▁ప", "క్షి"]
9120	"▁لے"	["▁ل", "ے"]
9121	"▁آپ"	["▁آ", "پ"]
9122	"▁పుట్టు"	["▁పు", "ట్టు"]
9123	"▁form,"	["▁form", ","]
9124	"▁extinct"	["▁ext", "inct"]
9125	"1.1"	["1.", "1"]
9126	"▁serves"	["▁serv", "es"]
9127	"▁measures"	["▁me", "asures"]
9128	"▁belief"	["▁bel", "ief"]
9129	"▁अन्तर्गत"	["▁अन्त", "र्गत"]
9130	"▁wealth"	["▁we", "alth"]
9131	"▁ఆధారిత"	["▁ఆధా", "రిత"]
9132	"▁China,"	["▁Chin", "a,"]
9133	"▁ఘర్షణ"	["▁ఘ", "ర్షణ"]
9134	"ronz"	["ron", "z"]
9135	"▁arms"	["▁arm", "s"]
9136	"▁sites"	["▁sit", "es"]
9137	"▁strongly"	["▁strong", "ly"]
9138	"▁regarded"	["▁regard", "ed"]
9139	"▁Acha"	["▁Ach", "a"]
9140	"▁ఐక్యరాజ్యసమితి"	["▁ఐక్యరాజ్య", "సమితి"]
9141	".3"	[".", "3"]
9142	"ई।"	["ई", "।"]
9143	"परे"	["प", "रे"]
9144	"हती"	["ह", "ती"]
9145	"२००"	["२", "००"]
9146	"att"	["at", "t"]
9147	"▁sovere"	["▁s", "overe"]
9148	"▁lies"	["▁l", "ies"]
9149	"▁Coast"	["▁C", "oast"]
9150	"▁వజ్రా"	["▁వ", "జ్రా"]
9151	"▁ఇవన్నీ"	["▁ఇ", "వన్నీ"]
9152	"లలోను"	["లలో", "ను"]
9153	"▁Nep"	["▁N", "ep"]
9154	"▁عام"	["▁ع", "ام"]
9155	"▁regist"	["▁reg", "ist"]
9156	"▁వెల్ల"	["▁వె", "ల్ల"]
9157	"▁numeral"	["▁num", "eral"]
9158	"▁రాజకీయాలు"	["▁రాజకీ", "యాలు"]
9159	"▁142"	["▁14", "2"]
9160	"▁stret"	["▁stre", "t"]
9161	"▁టెన్ని"	["▁టె", "న్ని"]
9162	"▁बनने"	["▁बन", "ने"]
9163	"▁قبض"	["▁قب", "ض"]
9164	"▁annually"	["▁ann", "ually"]
9165	"▁తక్కువ."	["▁తక్కువ", "."]
9166	"▁వర్గాలు"	["▁వర్గా", "లు"]
9167	"▁నున్న"	["▁ను", "న్న"]
9168	"▁encomp"	["▁enc", "omp"]
9169	"▁అయితే,"	["▁అయితే", ","]
9170	"▁योग्य"	["▁यो", "ग्य"]
9171	"▁अगस्त"	["▁अग", "स्त"]
9172	"▁विद्रोह"	["▁विद्रो", "ह"]
9173	"▁exclusive"	["▁excl", "usive"]
9174	"▁గ్రాం"	["▁", "గ్రాం"]
9175	"▁शेष"	["▁", "शेष"]
9176	"రియ"	["రి", "య"]
9177	"న్నా,"	["న్నా", ","]
9178	"దుపరి"	["దు", "పరి"]
9179	"యులు,"	["యు", "లు,"]
9180	"edd"	["ed", "d"]
9181	"▁each"	["▁e", "ach"]
9182	"▁बहा"	["▁ब", "हा"]
9183	"▁మాల్దీ"	["▁మా", "ల్దీ"]
9184	"▁माल"	["▁मा", "ल"]
9185	"▁స్థానాలు"	["▁స్థా", "నాలు"]
9186	"▁మధ్యకాలంలో"	["▁మధ్య", "కాలంలో"]
9187	"▁artistic"	["▁art", "istic"]
9188	"▁ending"	["▁end", "ing"]
9189	"▁زبانوں"	["▁زبان", "وں"]
9190	"▁sched"	["▁sc", "hed"]
9191	"▁committ"	["▁comm", "itt"]
9192	"▁బాల"	["▁బా", "ల"]
9193	"▁supply"	["▁supp", "ly"]
9194	"▁newly"	["▁new", "ly"]
9195	"▁Islands"	["▁Isl", "ands"]
9196	"▁secur"	["▁sec", "ur"]
9197	"▁గాంచిన"	["▁గాం", "చిన"]
9198	"▁farmers"	["▁far", "mers"]
9199	"▁బుక్"	["▁బు", "క్"]
9200	"▁బౌద్ధు"	["▁బౌ", "ద్ధు"]
9201	"▁Common"	["▁Comm", "on"]
9202	"▁సంస్కరణలు"	["▁సంస్కరణ", "లు"]
9203	"▁houses"	["▁hous", "es"]
9204	"▁Economic"	["▁Econom", "ic"]
9205	"▁రూపాంతరం"	["▁రూపాం", "తరం"]
9206	"▁receive"	["▁rece", "ive"]
9207	"▁महत्व"	["▁मह", "त्व"]
9208	"▁పంజాబీ"	["▁పంజా", "బీ"]
9209	"▁వర్షాలు"	["▁వర్షా", "లు"]
9210	"▁absolute"	["▁abs", "olute"]
9211	"▁bottom"	["▁bott", "om"]
9212	"set"	["s", "et"]
9213	"ونی"	["و", "نی"]
9214	"రత్"	["ర", "త్"]
9215	"కున్నది."	["కు", "న్నది."]
9216	"దా:"	["దా", ":"]
9217	"ట్లకు"	["ట్ల", "కు"]
9218	"▁کھیل"	["▁ک", "ھیل"]
9219	"▁phas"	["▁p", "has"]
9220	"▁प्रगति"	["▁प्र", "गति"]
9221	"▁area."	["▁are", "a."]
9222	"▁government,"	["▁government", ","]
9223	"▁populations"	["▁population", "s"]
9224	"▁సుదీర్ఘ"	["▁సు", "దీర్ఘ"]
9225	"▁हुआ,"	["▁हुआ", ","]
9226	"▁ప్రభుత్వంలో"	["▁ప్రభుత్వం", "లో"]
9227	"▁ఇవికూడా"	["▁ఇవి", "కూడా"]
9228	"▁లక్షణాలు"	["▁లక్ష", "ణాలు"]
9229	"▁legislature"	["▁legisl", "ature"]
9230	"▁మంత్రివర్గం"	["▁మంత్రి", "వర్గం"]
9231	"▁popularity"	["▁popular", "ity"]
9232	"▁portion"	["▁port", "ion"]
9233	"▁ऊँचाई"	["▁ऊँ", "चाई"]
9234	"▁ఇండోనే"	["▁ఇండో", "నే"]
9235	"▁expansion"	["▁expans", "ion"]
9236	"▁नागरिक"	["▁नाग", "रिक"]
9237	"▁కుమారుడు."	["▁కుమారు", "డు."]
9238	"▁బ్రహ్మపు"	["▁బ్రహ్మ", "పు"]
9239	"▁అక్షర"	["▁అక్ష", "ర"]
9240	"మంతటా"	["మంత", "టా"]
9241	"▁separated"	["▁separ", "ated"]
9242	"▁adapted"	["▁adapt", "ed"]
9243	"▁జవహర్‌"	["▁జవహ", "ర్‌"]
9244	"▁ఆగ్నేయ"	["▁ఆగ్నే", "య"]
9245	"▁फुट"	["▁फु", "ट"]
9246	"Isl"	["I", "sl"]
9247	"h,"	["h", ","]
9248	"వర్ణ"	["వ", "ర్ణ"]
9249	"–8"	["–", "8"]
9250	"ట్‌బా"	["ట్‌", "బా"]
9251	"▁tun"	["▁t", "un"]
9252	"▁folk"	["▁f", "olk"]
9253	"icon"	["ic", "on"]
9254	"▁Saint"	["▁S", "aint"]
9255	"▁पठार"	["▁प", "ठार"]
9256	"▁కష్టం"	["▁క", "ష్టం"]
9257	"▁پالی"	["▁پ", "الی"]
9258	"▁rivers"	["▁r", "ivers"]
9259	"▁మాజీ"	["▁మా", "జీ"]
9260	"▁१,"	["▁१", ","]
9261	"and."	["and", "."]
9262	"▁భారతదేశం,"	["▁భారతదేశం", ","]
9263	"▁حق"	["▁ح", "ق"]
9264	"▁chose"	["▁ch", "ose"]
9265	"▁Just"	["▁J", "ust"]
9266	"▁articles"	["▁art", "icles"]
9267	"▁election"	["▁elect", "ion"]
9268	"▁సంగీతంలో"	["▁సంగీ", "తంలో"]
9269	"ographics"	["ograph", "ics"]
9270	"▁territorial"	["▁territ", "orial"]
9271	"▁neither"	["▁ne", "ither"]
9272	"▁statu"	["▁stat", "u"]
9273	"▁setting"	["▁sett", "ing"]
9274	"▁శక్తిగా"	["▁శక్తి", "గా"]
9275	"▁అనుసరి"	["▁అనుస", "రి"]
9276	"▁quality"	["▁qual", "ity"]
9277	"▁అభిప్రాయప"	["▁అభిప్రా", "యప"]
9278	"uard"	["u", "ard"]
9279	"▁టీ"	["▁", "టీ"]
9280	"త్సాహం"	["త్సా", "హం"]
9281	"ల్లింది."	["ల్లిం", "ది."]
9282	"▁sed"	["▁s", "ed"]
9283	"▁Cl"	["▁C", "l"]
9284	"▁Bol"	["▁B", "ol"]
9285	"▁రవీం"	["▁ర", "వీం"]
9286	"anta"	["ant", "a"]
9287	"▁దసరా"	["▁ద", "సరా"]
9288	"▁تھا،"	["▁تھ", "ا،"]
9289	"▁Kal"	["▁K", "al"]
9290	"▁दिस"	["▁दि", "स"]
9291	"oked"	["ok", "ed"]
9292	"▁10,000"	["▁10", ",000"]
9293	"▁बना।"	["▁बना", "।"]
9294	"▁हरा"	["▁ह", "रा"]
9295	"harm"	["har", "m"]
9296	"raphic"	["raph", "ic"]
9297	"▁ముంబాయి"	["▁ముం", "బాయి"]
9298	"▁sports"	["▁sport", "s"]
9299	"▁తమిళం,"	["▁తమిళం", ","]
9300	"▁layer"	["▁lay", "er"]
9301	"▁sole"	["▁sol", "e"]
9302	"▁वास्तविक"	["▁वास्त", "विक"]
9303	"▁accounts"	["▁account", "s"]
9304	"▁borders"	["▁bord", "ers"]
9305	"▁కొంకణి"	["▁కొంక", "ణి"]
9306	"▁Jews"	["▁Jew", "s"]
9307	"▁پالیسی"	["▁پالی", "سی"]
9308	"బద్ధం"	["బ", "ద్ధం"]
9309	"—the"	["—", "the"]
9310	"యాల్లో"	["యా", "ల్లో"]
9311	"వంతం"	["వం", "తం"]
9312	"టాయి"	["టా", "యి"]
9313	"వింద్"	["విం", "ద్"]
9314	"र्भर"	["र्भ", "र"]
9315	"ఫ్ట్‌వే"	["ఫ్ట్‌", "వే"]
9316	"room"	["ro", "om"]
9317	"▁అల్ప"	["▁అ", "ల్ప"]
9318	"▁Agen"	["▁A", "gen"]
9319	"▁కమీ"	["▁క", "మీ"]
9320	"irus"	["ir", "us"]
9321	"▁sust"	["▁su", "st"]
9322	"▁Etymology"	["▁E", "tymology"]
9323	"▁vul"	["▁v", "ul"]
9324	"▁ఏటా"	["▁ఏ", "టా"]
9325	"▁7th"	["▁7", "th"]
9326	"▁Lord"	["▁L", "ord"]
9327	"▁అధికారాన్ని"	["▁అధికా", "రాన్ని"]
9328	"▁राजभाषा"	["▁राज", "भाषा"]
9329	"▁సైతం"	["▁సై", "తం"]
9330	"▁వచ్చి,"	["▁వచ్చి", ","]
9331	"▁monitor"	["▁mon", "itor"]
9332	"▁ऑपरे"	["▁ऑ", "परे"]
9333	"▁అమెరికా,"	["▁అమెరికా", ","]
9334	"▁విశ్వవిద్యా"	["▁విశ్వ", "విద్యా"]
9335	"▁దుస్తు"	["▁దు", "స్తు"]
9336	"▁సముద్రతీరం"	["▁సముద్రతీ", "రం"]
9337	"▁ప్రారంభమైన"	["▁ప్రారంభ", "మైన"]
9338	"▁मिलाकर"	["▁मिला", "कर"]
9339	"▁تجارتی"	["▁تجارت", "ی"]
9340	"▁preferred"	["▁pref", "erred"]
9341	"▁ఆనంద్"	["▁ఆనం", "ద్"]
9342	"▁శ్లోకా"	["▁శ్లో", "కా"]
9343	"▁innov"	["▁inn", "ov"]
9344	"olithic"	["olith", "ic"]
9345	"▁విలువైన"	["▁విలు", "వైన"]
9346	"▁जवाहर"	["▁जवा", "हर"]
9347	"pot"	["p", "ot"]
9348	"ve"	["v", "e"]
9349	"కర"	["క", "ర"]
9350	"పిస్తా"	["పి", "స్తా"]
9351	"చెట్టు"	["చె", "ట్టు"]
9352	"యించి,"	["యిం", "చి,"]
9353	"క్షంగా"	["క్షం", "గా"]
9354	"arsh"	["ar", "sh"]
9355	"▁firm"	["▁f", "irm"]
9356	"▁Tradition"	["▁T", "radition"]
9357	"▁گا"	["▁گ", "ا"]
9358	"osis"	["os", "is"]
9359	"▁దేశాన్ని"	["▁దేశా", "న్ని"]
9360	"▁साथ,"	["▁साथ", ","]
9361	"▁लड़ा"	["▁ल", "ड़ा"]
9362	"▁grown"	["▁grow", "n"]
9363	"▁ruled"	["▁rul", "ed"]
9364	"▁15న"	["▁15", "న"]
9365	"▁సరిహద్దులు"	["▁సరిహద్దు", "లు"]
9366	"▁మేళ"	["▁మే", "ళ"]
9367	"▁महासागर"	["▁महा", "सागर"]
9368	"▁south,"	["▁south", ","]
9369	"▁states."	["▁states", "."]
9370	"▁వైవిధ్యం"	["▁వైవి", "ధ్యం"]
9371	"▁capacity"	["▁cap", "acity"]
9372	"▁दामो"	["▁दा", "मो"]
9373	"▁married"	["▁marri", "ed"]
9374	"-known"	["-k", "nown"]
9375	"▁సంగమ"	["▁సంగ", "మ"]
9376	"▁సమయంలో,"	["▁సమయంలో", ","]
9377	"▁grass"	["▁gr", "ass"]
9378	"▁focused"	["▁foc", "used"]
9379	"▁అందించిన"	["▁అందిం", "చిన"]
9380	"▁ఫుట్‌బా"	["▁ఫు", "ట్‌బా"]
9381	"▁universities"	["▁univers", "ities"]
9382	"▁शांति"	["▁शां", "ति"]
9383	"▁Achaemen"	["▁Acha", "emen"]
9384	"-term"	["-", "term"]
9385	"کاری"	["ک", "اری"]
9386	"▁पे"	["▁", "पे"]
9387	"దిరిగా"	["ది", "రిగా"]
9388	"ara,"	["ar", "a,"]
9389	"ignt"	["ig", "nt"]
9390	"▁తర"	["▁త", "ర"]
9391	"▁తదుపరి"	["▁త", "దుపరి"]
9392	"▁نا"	["▁ن", "ا"]
9393	"▁సాఫ్ట్‌వే"	["▁సా", "ఫ్ట్‌వే"]
9394	"▁علی"	["▁ع", "لی"]
9395	"▁दलों"	["▁द", "लों"]
9396	"▁chart"	["▁ch", "art"]
9397	"▁కుది"	["▁కు", "ది"]
9398	"▁adhere"	["▁ad", "here"]
9399	"ework"	["ew", "ork"]
9400	"▁youth"	["▁y", "outh"]
9401	"▁1948లో"	["▁194", "8లో"]
9402	"▁bonds"	["▁bo", "nds"]
9403	"▁founding"	["▁found", "ing"]
9404	"▁Union."	["▁Un", "ion."]
9405	"▁bird"	["▁bir", "d"]
9406	"▁సంస్కృతిలో"	["▁సంస్కృతి", "లో"]
9407	"▁Sea."	["▁Se", "a."]
9408	"▁ఉండగా,"	["▁ఉండ", "గా,"]
9409	"▁దీనిని"	["▁దీని", "ని"]
9410	"▁భారతీయులు"	["▁భారతీయు", "లు"]
9411	"▁industry."	["▁industry", "."]
9412	"▁investment"	["▁invest", "ment"]
9413	"▁Economy"	["▁Econom", "y"]
9414	"▁fewer"	["▁few", "er"]
9415	"▁reptil"	["▁rept", "il"]
9416	"▁عرصہ"	["▁عرص", "ہ"]
9417	"▁involving"	["▁invol", "ving"]
9418	"▁నిలబె"	["▁నిల", "బె"]
9419	"▁ఘనత"	["▁ఘన", "త"]
9420	"▁జవహర్‌లాల్"	["▁జవహర్‌", "లాల్"]
9421	"▁दामोदर"	["▁दामो", "दर"]
9422	"-1"	["-", "1"]
9423	"4:"	["4", ":"]
9424	"after"	["a", "fter"]
9425	"२०"	["२", "०"]
9426	"సెస్"	["సె", "స్"]
9427	"ధం,"	["ధం", ","]
9428	"ata,"	["at", "a,"]
9429	"▁cul"	["▁c", "ul"]
9430	"▁band"	["▁b", "and"]
9431	"▁అన్నం"	["▁అ", "న్నం"]
9432	"▁dense"	["▁d", "ense"]
9433	"iger"	["ig", "er"]
9434	"▁సం."	["▁సం", "."]
9435	"ctu"	["ct", "u"]
9436	"▁Hot"	["▁H", "ot"]
9437	"▁निर्भर"	["▁नि", "र्भर"]
9438	"▁ఏళ్ళ"	["▁ఏ", "ళ్ళ"]
9439	"▁ప్రాబ"	["▁ప్రా", "బ"]
9440	"ishn"	["ish", "n"]
9441	"▁uniform"	["▁un", "iform"]
9442	"▁sharp"	["▁sh", "arp"]
9443	"▁దేశాలతో"	["▁దేశా", "లతో"]
9444	"▁Ash"	["▁As", "h"]
9445	"▁శక"	["▁శ", "క"]
9446	"▁exports"	["▁exp", "orts"]
9447	"▁Buddhism"	["▁Buddh", "ism"]
9448	"▁हत्या"	["▁ह", "त्या"]
9449	"▁బహుభాషా"	["▁బహు", "భాషా"]
9450	"▁assert"	["▁ass", "ert"]
9451	"▁హస్త"	["▁హ", "స్త"]
9452	"▁జాబితాలో"	["▁జాబితా", "లో"]
9453	"▁सेवाओं"	["▁सेवा", "ओं"]
9454	"▁వహించింది."	["▁వహిం", "చింది."]
9455	"▁showing"	["▁show", "ing"]
9456	"▁ఇటీవలి"	["▁ఇటీ", "వలి"]
9457	"▁ప్రతిపక్ష"	["▁ప్రతిప", "క్ష"]
9458	"▁జంతువు"	["▁జంతు", "వు"]
9459	"▁విశ్వామి"	["▁విశ్వా", "మి"]
9460	"▁చెప్పుకోద"	["▁చెప్పుకో", "ద"]
9461	"▁sovereignt"	["▁sovere", "ignt"]
9462	"Islamic"	["Isl", "amic"]
9463	"▁vulner"	["▁vul", "ner"]
9464	"-int"	["-", "int"]
9465	"6:"	["6", ":"]
9466	"IN"	["I", "N"]
9467	"tics"	["t", "ics"]
9468	"थक"	["थ", "क"]
9469	"ధాల"	["ధా", "ల"]
9470	"araj"	["ar", "aj"]
9471	"▁bronz"	["▁b", "ronz"]
9472	"▁భారతంలో"	["▁భార", "తంలో"]
9473	"▁भारती"	["▁भार", "ती"]
9474	"▁విఫల"	["▁వి", "ఫల"]
9475	"▁సంక్రాం"	["▁సం", "క్రాం"]
9476	"▁areas,"	["▁are", "as,"]
9477	"▁proclaim"	["▁pro", "claim"]
9478	"▁عل"	["▁ع", "ل"]
9479	"arty"	["art", "y"]
9480	"▁7%"	["▁7", "%"]
9481	"▁బహా"	["▁బ", "హా"]
9482	"▁partially"	["▁part", "ially"]
9483	"▁పెట్రో"	["▁పె", "ట్రో"]
9484	"▁వందే"	["▁వం", "దే"]
9485	"▁భారతదేశము"	["▁భారతదేశ", "ము"]
9486	"▁abol"	["▁ab", "ol"]
9487	"▁धर्मों"	["▁ध", "र्मों"]
9488	"▁متحدہ"	["▁مت", "حدہ"]
9489	"▁రహదారి"	["▁రహదా", "రి"]
9490	"▁south."	["▁south", "."]
9491	"▁southwest"	["▁south", "west"]
9492	"▁assass"	["▁ass", "ass"]
9493	"▁survive"	["▁surv", "ive"]
9494	"▁rainfall"	["▁rain", "fall"]
9495	"▁వంటకాలు"	["▁వంట", "కాలు"]
9496	"▁افری"	["▁اف", "ری"]
9497	"▁వారసత్వం"	["▁వారస", "త్వం"]
9498	"▁births"	["▁birth", "s"]
9499	"▁అవినీ"	["▁అవి", "నీ"]
9500	"▁సారవంతమైన"	["▁సార", "వంతమైన"]
9501	"▁తర్వాతి"	["▁తర్వా", "తి"]
9502	"▁shortly"	["▁short", "ly"]
9503	"▁civilian"	["▁civil", "ian"]
9504	"▁society."	["▁societ", "y."]
9505	"▁نظر"	["▁نظ", "ر"]
9506	"▁ఎగువ"	["▁ఎగు", "వ"]
9507	"▁छोड़कर"	["▁छोड़", "कर"]
9508	"ailing"	["ail", "ing"]
9509	"▁వ్యాపారవేత్త"	["▁వ్యాపార", "వేత్త"]
9510	"▁ఆఫ్ఘనిస్తా"	["▁ఆఫ్ఘని", "స్తా"]
9511	"▁సత్యజిత్"	["▁సత్య", "జిత్"]
9512	"▁temples"	["▁temp", "les"]
9513	"▁governed"	["▁govern", "ed"]
9514	"▁percentage"	["▁percent", "age"]
9515	"▁dropped"	["▁dro", "pped"]
9516	"▁विरोध"	["▁विरो", "ध"]
9517	"▁ఎడారి"	["▁ఎడా", "రి"]
9518	"▁ఋతుపవ"	["▁ఋతు", "పవ"]
9519	"aut"	["a", "ut"]
9520	"whil"	["w", "hil"]
9521	"५०"	["५", "०"]
9522	"శిక"	["శి", "క"]
9523	"hered"	["he", "red"]
9524	"▁push"	["▁p", "ush"]
9525	"icul"	["ic", "ul"]
9526	"asm"	["as", "m"]
9527	"▁reduction"	["▁re", "duction"]
9528	"▁grad"	["▁g", "rad"]
9529	"▁Sund"	["▁S", "und"]
9530	"▁మరె"	["▁మ", "రె"]
9531	"▁మతం,"	["▁మ", "తం,"]
9532	"astri"	["ast", "ri"]
9533	"opol"	["op", "ol"]
9534	"▁vital"	["▁v", "ital"]
9535	"▁Fam"	["▁F", "am"]
9536	"▁Kos"	["▁K", "os"]
9537	"▁1971,"	["▁197", "1,"]
9538	"▁V."	["▁V", "."]
9539	"▁decid"	["▁dec", "id"]
9540	"▁65"	["▁6", "5"]
9541	"▁పార్టీలు"	["▁పార్టీ", "లు"]
9542	"▁cultures"	["▁cult", "ures"]
9543	"▁అనునది"	["▁అను", "నది"]
9544	"▁preserved"	["▁pres", "erved"]
9545	"▁हुए,"	["▁हुए", ","]
9546	"▁Indo-European"	["▁Indo-", "European"]
9547	"▁centuries,"	["▁centur", "ies,"]
9548	"▁mid-19"	["▁mid-", "19"]
9549	"▁education,"	["▁educ", "ation,"]
9550	"▁legislative"	["▁legisl", "ative"]
9551	"▁armies"	["▁arm", "ies"]
9552	"▁strengthen"	["▁streng", "then"]
9553	"▁పాలనలోకి"	["▁పాలనలో", "కి"]
9554	"▁కళలు,"	["▁కళ", "లు,"]
9555	"▁గమనిక"	["▁గమ", "నిక"]
9556	"▁extends"	["▁extend", "s"]
9557	"▁చాళుక్యులు,"	["▁చాళుక్యు", "లు,"]
9558	"▁టెక్నాలజీ,"	["▁టెక్నాలజీ", ","]
9559	"▁వినియో"	["▁విని", "యో"]
9560	"▁విస్తృతంగా"	["▁విస్తృ", "తంగా"]
9561	"▁framework"	["▁fram", "ework"]
9562	"▁jurisdiction"	["▁jurisd", "iction"]
9563	"▁parents"	["▁pare", "nts"]
9564	"▁delegates"	["▁deleg", "ates"]
9565	"while,"	["whil", "e,"]
9566	"-of"	["-", "of"]
9567	".१"	[".", "१"]
9568	"శక"	["శ", "క"]
9569	"▁व्यक्ति"	["▁", "व्यक्ति"]
9570	"తిక,"	["తి", "క,"]
9571	"ర్యము"	["ర్య", "ము"]
9572	"యింది"	["యిం", "ది"]
9573	"జూరు"	["జూ", "రు"]
9574	"▁सम्प्र"	["▁स", "म्प्र"]
9575	"▁ranges"	["▁r", "anges"]
9576	"▁وع"	["▁و", "ع"]
9577	"▁ఒరియా"	["▁ఒ", "రియా"]
9578	"▁२१"	["▁२", "१"]
9579	"▁million."	["▁million", "."]
9580	"▁Long"	["▁L", "ong"]
9581	"▁comprising"	["▁comp", "rising"]
9582	"aped"	["ap", "ed"]
9583	"▁raid"	["▁ra", "id"]
9584	"▁పేరుమీ"	["▁పేరు", "మీ"]
9585	"▁Vij"	["▁V", "ij"]
9586	"▁decreasing"	["▁dec", "reasing"]
9587	"▁समझौ"	["▁सम", "झौ"]
9588	"▁10th"	["▁10", "th"]
9589	"▁ప్రతినిధి"	["▁ప్రతి", "నిధి"]
9590	"▁अनुसू"	["▁अनु", "सू"]
9591	"▁BCE,"	["▁BCE", ","]
9592	"rounds"	["round", "s"]
9593	"▁یعنی"	["▁ی", "عنی"]
9594	"▁ఉత్తర,"	["▁ఉత్తర", ","]
9595	"▁न्याय"	["▁न्या", "य"]
9596	"▁courts."	["▁court", "s."]
9597	"▁మెహ"	["▁మె", "హ"]
9598	"▁(Ar"	["▁(A", "r"]
9599	"han,"	["han", ","]
9600	"orne"	["orn", "e"]
9601	"▁مسیحیت"	["▁مسیح", "یت"]
9602	"▁छह"	["▁छ", "ह"]
9603	"▁तीसरी"	["▁तीस", "री"]
9604	"▁వాహనాలు"	["▁వాహ", "నాలు"]
9605	"▁కృష్ణ,"	["▁కృష్ణ", ","]
9606	"▁اتح"	["▁ات", "ح"]
9607	"▁owned"	["▁own", "ed"]
9608	"▁excav"	["▁exc", "av"]
9609	"-east"	["-e", "ast"]
9610	"▁supreme"	["▁sup", "reme"]
9611	"▁revenue"	["▁reven", "ue"]
9612	"▁habitat"	["▁habit", "at"]
9613	"▁కరాచీ"	["▁కరా", "చీ"]
9614	"rehensive"	["rehens", "ive"]
9615	"▁stretch"	["▁stret", "ch"]
9616	"▁Vijay"	["▁Vij", "ay"]
9617	"7:"	["7", ":"]
9618	"بت"	["ب", "ت"]
9619	"▁गों"	["▁", "गों"]
9620	"ర్."	["ర్", "."]
9621	"मोहन"	["मो", "हन"]
9622	"▁cuis"	["▁c", "uis"]
9623	"▁ing"	["▁in", "g"]
9624	"▁अल्प"	["▁अ", "ल्प"]
9625	"▁Aj"	["▁A", "j"]
9626	"▁పరాజ"	["▁ప", "రాజ"]
9627	"ama"	["am", "a"]
9628	"▁جین"	["▁ج", "ین"]
9629	"▁करे"	["▁क", "रे"]
9630	"▁ఎక్కు"	["▁ఎ", "క్కు"]
9631	"▁नम"	["▁न", "म"]
9632	"▁plains"	["▁pl", "ains"]
9633	"quate"	["qu", "ate"]
9634	"▁Lank"	["▁L", "ank"]
9635	"hi,"	["hi", ","]
9636	"▁raw"	["▁ra", "w"]
9637	"▁ప్రస్తుతము"	["▁ప్రస్తు", "తము"]
9638	"▁warri"	["▁war", "ri"]
9639	"▁సముద్రం,"	["▁సము", "ద్రం,"]
9640	"▁coastline"	["▁coast", "line"]
9641	"▁courts,"	["▁court", "s,"]
9642	"▁term."	["▁term", "."]
9643	"▁west,"	["▁west", ","]
9644	"▁paintings"	["▁paint", "ings"]
9645	"▁cruc"	["▁cr", "uc"]
9646	"▁cheap"	["▁che", "ap"]
9647	"▁severely"	["▁severe", "ly"]
9648	"▁cities,"	["▁cities", ","]
9649	"▁displaced"	["▁displ", "aced"]
9650	"▁favou"	["▁fav", "ou"]
9651	"▁మహాసముద్రం"	["▁మహాసము", "ద్రం"]
9652	"▁बैठ"	["▁बै", "ठ"]
9653	"▁కేంద్రాల్లో"	["▁కేంద్రా", "ల్లో"]
9654	"▁గీతం"	["▁గీ", "తం"]
9655	"▁maintains"	["▁maint", "ains"]
9656	"▁पुरुषों"	["▁पुरु", "षों"]
9657	"వైపులా"	["వైపు", "లా"]
9658	"▁ప్రాముఖ్యతను"	["▁ప్రాముఖ్య", "తను"]
9659	"▁myst"	["▁my", "st"]
9660	"▁మార్గము"	["▁మార్గ", "ము"]
9661	"▁కార్యక్రమాలలో"	["▁కార్యక్రమా", "లలో"]
9662	"▁క్రైస్తవులు"	["▁క్రైస్త", "వులు"]
9663	"▁డాలర్లు."	["▁డాలర్లు", "."]
9664	"▁ఆవిర్భవించింది."	["▁ఆవిర్భ", "వించింది."]
9665	"▁చిహ్నాలు"	["▁చిహ్నా", "లు"]
9666	"▁تعاون"	["▁تعا", "ون"]
9667	"▁autonomy"	["▁auton", "omy"]
9668	"▁scheduled"	["▁sched", "uled"]
9669	"లిథి"	["లి", "థి"]
9670	"స్థానం."	["స్థా", "నం."]
9671	"ధీన"	["ధీ", "న"]
9672	"ట్టాయి."	["ట్టా", "యి."]
9673	"డ్లను"	["డ్ల", "ను"]
9674	"▁card"	["▁c", "ard"]
9675	"▁flood"	["▁f", "lood"]
9676	"▁ప్రదేశ్‌"	["▁ప్ర", "దేశ్‌"]
9677	"▁పడుతుంది."	["▁ప", "డుతుంది."]
9678	"▁Cold"	["▁C", "old"]
9679	"▁నియో"	["▁ని", "యో"]
9680	"▁antic"	["▁an", "tic"]
9681	"▁అంకె"	["▁అం", "కె"]
9682	"▁worship"	["▁wor", "ship"]
9683	"ologically"	["olog", "ically"]
9684	"▁regions."	["▁region", "s."]
9685	"▁పెద్దగా"	["▁పెద్ద", "గా"]
9686	"▁1950,"	["▁1950", ","]
9687	"▁East,"	["▁East", ","]
9688	"▁సంవత్సరాలలో"	["▁సంవత్స", "రాలలో"]
9689	"▁ఇండియాలో"	["▁ఇండియా", "లో"]
9690	"▁numbers,"	["▁number", "s,"]
9691	"▁مقام"	["▁مق", "ام"]
9692	"▁Shastri"	["▁Sh", "astri"]
9693	"▁agriculture."	["▁agricult", "ure."]
9694	"▁వంటలు"	["▁వంట", "లు"]
9695	"▁యథా"	["▁య", "థా"]
9696	"▁devast"	["▁dev", "ast"]
9697	"▁influences"	["▁influen", "ces"]
9698	"▁పొందినది."	["▁పొందిన", "ది."]
9699	"▁కాశ్మీరు"	["▁కాశ్మీ", "రు"]
9700	"▁environment."	["▁environment", "."]
9701	"▁बने।"	["▁बने", "।"]
9702	"▁industry,"	["▁industry", ","]
9703	"పకల్పం"	["పక", "ల్పం"]
9704	"▁housing"	["▁hous", "ing"]
9705	"▁ఎదుర్కొంటు"	["▁ఎదు", "ర్కొంటు"]
9706	"▁consumption"	["▁consumpt", "ion"]
9707	"▁పంపిన"	["▁పంపి", "న"]
9708	"▁విమానాశ్రయాలు"	["▁విమానాశ్ర", "యాలు"]
9709	"▁उत्तर-पश्चि"	["▁उत्तर-", "पश्चि"]
9710	"▁శిల్పకళ"	["▁శిల్ప", "కళ"]
9711	"▁culmin"	["▁cul", "min"]
9712	"▁crucial"	["▁cruc", "ial"]
9713	"-own"	["-", "own"]
9714	".२"	[".", "२"]
9715	"cy."	["c", "y."]
9716	"drew"	["d", "rew"]
9717	"మహే"	["మ", "హే"]
9718	"▁रो"	["▁", "रो"]
9719	"మాతరం"	["మా", "తరం"]
9720	"పాక్షి"	["పా", "క్షి"]
9721	"తాయని"	["తా", "యని"]
9722	"చేది"	["చే", "ది"]
9723	"देशों"	["दे", "शों"]
9724	"हिन्दी"	["हि", "न्दी"]
9725	"పోతున్న"	["పో", "తున్న"]
9726	"ల్లాయి."	["ల్లా", "యి."]
9727	"ట్టాలు"	["ట్టా", "లు"]
9728	"थिया"	["थि", "या"]
9729	"ర్మేషన్"	["ర్మే", "షన్"]
9730	"alore"	["al", "ore"]
9731	"ari,"	["ar", "i,"]
9732	"ese"	["es", "e"]
9733	"▁mand"	["▁m", "and"]
9734	"▁మయ"	["▁మ", "య"]
9735	"▁ఉండి,"	["▁ఉం", "డి,"]
9736	"▁వ్యయంతో"	["▁వ్య", "యంతో"]
9737	"▁మంజూరు"	["▁మం", "జూరు"]
9738	"aput"	["ap", "ut"]
9739	"alli"	["all", "i"]
9740	"▁మధ్య,"	["▁మధ్య", ","]
9741	"▁हिन्द"	["▁हि", "न्द"]
9742	"▁governments"	["▁government", "s"]
9743	"▁2021."	["▁202", "1."]
9744	"▁హిందూ,"	["▁హిందూ", ","]
9745	"▁abroad"	["▁ab", "road"]
9746	"▁CE."	["▁CE", "."]
9747	"▁rule,"	["▁rul", "e,"]
9748	"▁interm"	["▁inter", "m"]
9749	"▁धर्म,"	["▁धर्म", ","]
9750	"▁landm"	["▁land", "m"]
9751	"▁ईद"	["▁ई", "द"]
9752	"▁east."	["▁east", "."]
9753	"▁women's"	["▁women", "'s"]
9754	"▁men's"	["▁men", "'s"]
9755	"▁మైత్రి"	["▁మై", "త్రి"]
9756	"▁ఆర్థిక,"	["▁ఆర్థి", "క,"]
9757	"▁support,"	["▁support", ","]
9758	"▁గుర్తించింది."	["▁గుర్తిం", "చింది."]
9759	"▁spreading"	["▁spread", "ing"]
9760	"▁commerce"	["▁commer", "ce"]
9761	"▁Alliance"	["▁All", "iance"]
9762	"▁archaic"	["▁arch", "aic"]
9763	"▁extensively"	["▁extensive", "ly"]
9764	"▁నెలకొని"	["▁నెల", "కొని"]
9765	"▁స్వీకారం"	["▁స్వీ", "కారం"]
9766	"▁नगरों"	["▁नग", "रों"]
9767	"▁testing"	["▁test", "ing"]
9768	"▁మొదలగునవి"	["▁మొదలగు", "నవి"]
9769	"▁favour"	["▁fav", "our"]
9770	"▁hym"	["▁hy", "m"]
9771	"▁multi"	["▁mult", "i"]
9772	"▁पुर्तगाली"	["▁पुर्तगा", "ली"]
9773	"▁weapons"	["▁weap", "ons"]
9774	"▁seasonal"	["▁seas", "onal"]
9775	"▁యాత్రికులు"	["▁యాత్రి", "కులు"]
9776	"▁బంగాళాఖాతం"	["▁బంగాళాఖా", "తం"]
9777	"▁exposure"	["▁expos", "ure"]
9778	"▁sediment"	["▁sed", "iment"]
9779	"▁వందేమాతరం"	["▁వందే", "మాతరం"]
9780	"తీ,"	["తీ", ","]
9781	"లి."	["లి", "."]
9782	"क्षेप"	["क्षे", "प"]
9783	"▁tight"	["▁t", "ight"]
9784	"▁cricket"	["▁c", "ricket"]
9785	"▁biodiversity"	["▁b", "iodiversity"]
9786	"▁అహిం"	["▁అ", "హిం"]
9787	"▁unpre"	["▁un", "pre"]
9788	"▁భాషలు."	["▁భాష", "లు."]
9789	"▁నెమ"	["▁నె", "మ"]
9790	"▁emergence"	["▁emerg", "ence"]
9791	"▁thereby"	["▁there", "by"]
9792	"▁college"	["▁col", "lege"]
9793	"▁प्राचीनतम"	["▁प्राचीन", "तम"]
9794	"▁సంఘర్షణ"	["▁సంఘ", "ర్షణ"]
9795	"▁music."	["▁music", "."]
9796	"▁low-"	["▁low", "-"]
9797	"నవచ్చు."	["నవ", "చ్చు."]
9798	"పబడి"	["పబ", "డి"]
9799	"▁coalition"	["▁coal", "ition"]
9800	"▁چھوٹی"	["▁چھو", "ٹی"]
9801	"▁100,000"	["▁100", ",000"]
9802	"▁ఇతరులు"	["▁ఇత", "రులు"]
9803	"▁volcan"	["▁vol", "can"]
9804	"▁ہزاروں"	["▁ہز", "اروں"]
9805	"▁Demographics"	["▁Dem", "ographics"]
9806	"▁tribal"	["▁trib", "al"]
9807	"▁doctors"	["▁doct", "ors"]
9808	"▁వైశాల్యంలో"	["▁వైశాల్యం", "లో"]
9809	"▁लंबे"	["▁लं", "बे"]
9810	"▁దీపావ"	["▁దీపా", "వ"]
9811	"▁segreg"	["▁seg", "reg"]
9812	"▁registered"	["▁regist", "ered"]
9813	"-owned"	["-own", "ed"]
9814	"%)."	["%", ")."]
9815	"-res"	["-", "res"]
9816	"-धीरे"	["-", "धीरे"]
9817	"W,"	["W", ","]
9818	"egh"	["e", "gh"]
9819	"ees."	["e", "es."]
9820	"ii)"	["i", "i)"]
9821	"सक"	["स", "क"]
9822	"కము."	["క", "ము."]
9823	"కారిగా"	["కా", "రిగా"]
9824	"స్తారు,"	["స్తా", "రు,"]
9825	"लंका"	["लं", "का"]
9826	"▁(0"	["▁(", "0"]
9827	"▁ఆతి"	["▁ఆ", "తి"]
9828	"▁Guru"	["▁G", "uru"]
9829	"andy"	["and", "y"]
9830	"▁చేయి"	["▁చే", "యి"]
9831	"▁1970s,"	["▁197", "0s,"]
9832	"▁jet"	["▁j", "et"]
9833	"▁అనువైన"	["▁అను", "వైన"]
9834	"▁consolid"	["▁cons", "olid"]
9835	"▁मध्यम"	["▁मध्य", "म"]
9836	"▁Plain"	["▁Pl", "ain"]
9837	"▁دیش"	["▁دی", "ش"]
9838	"▁దినోత్సవం"	["▁ది", "నోత్సవం"]
9839	"▁thereafter"	["▁there", "after"]
9840	"▁అభివృద్ధి,"	["▁అభివృద్ధి", ","]
9841	"▁రాజు."	["▁రాజు", "."]
9842	"sequently"	["sequent", "ly"]
9843	"-major"	["-m", "ajor"]
9844	"▁1956,"	["▁1956", ","]
9845	"▁انگریزوں"	["▁انگری", "زوں"]
9846	"▁చెప్పుకోవచ్చు."	["▁చెప్పు", "కోవచ్చు."]
9847	"▁धीरे-धीरे"	["▁धीरे", "-धीरे"]
9848	"▁campus"	["▁camp", "us"]
9849	"▁విస్తరించిన"	["▁విస్త", "రించిన"]
9850	"▁కనుమలు"	["▁కనుమ", "లు"]
9851	"▁చిరునా"	["▁చిరు", "నా"]
9852	"▁response,"	["▁response", ","]
9853	"▁moisture"	["▁moist", "ure"]
9854	"▁organised"	["▁organ", "ised"]
9855	"▁అవసర"	["▁అవస", "ర"]
9856	"▁अभियान"	["▁अभिया", "न"]
9857	"▁communications"	["▁communic", "ations"]
9858	"▁electricity"	["▁electric", "ity"]
9859	"▁Desert"	["▁Des", "ert"]
9860	"▁انعام"	["▁انع", "ام"]
9861	"▁చోళులు,"	["▁చోళు", "లు,"]
9862	"▁بنگلہ"	["▁بنگ", "لہ"]
9863	"▁దాటిన"	["▁దాటి", "న"]
9864	"-style"	["-st", "yle"]
9865	"▁Urdu"	["▁Ur", "du"]
9866	"▁greenhouse"	["▁green", "house"]
9867	"▁vehicles"	["▁veh", "icles"]
9868	"▁जवाहरलाल"	["▁जवाहर", "लाल"]
9869	"▁assassinated"	["▁assass", "inated"]
9870	"8–2"	["8", "–2"]
9871	"iov"	["i", "ov"]
9872	"४०"	["४", "०"]
9873	"▁ब्र"	["▁", "ब्र"]
9874	"▁स्टा"	["▁", "स्टा"]
9875	"▁irrig"	["▁", "irrig"]
9876	"बंध"	["बं", "ध"]
9877	"र्धन"	["र्ध", "न"]
9878	"▁کام"	["▁ک", "ام"]
9879	"▁అడ"	["▁అ", "డ"]
9880	"▁పరో"	["▁ప", "రో"]
9881	"▁Carn"	["▁C", "arn"]
9882	"▁Calc"	["▁C", "alc"]
9883	"▁కమల"	["▁క", "మల"]
9884	"▁Marat"	["▁M", "arat"]
9885	"▁ఉండుట"	["▁ఉం", "డుట"]
9886	"▁Him"	["▁H", "im"]
9887	"▁ఎమ"	["▁ఎ", "మ"]
9888	"udal"	["ud", "al"]
9889	"▁Dry"	["▁D", "ry"]
9890	"▁పేదరి"	["▁పే", "దరి"]
9891	"▁जिसे"	["▁जि", "से"]
9892	"▁united"	["▁un", "ited"]
9893	"▁Lok"	["▁L", "ok"]
9894	"▁cloth"	["▁cl", "oth"]
9895	"▁प्रारम्भिक"	["▁प्रा", "रम्भिक"]
9896	"▁ప్రాంతాలతో"	["▁ప్రాంతా", "లతో"]
9897	"cedented"	["ced", "ented"]
9898	"▁గుప్తు"	["▁గు", "ప్తు"]
9899	"▁end,"	["▁end", ","]
9900	"▁jack"	["▁j", "ack"]
9901	"▁elections."	["▁elect", "ions."]
9902	"▁rulers"	["▁rul", "ers"]
9903	"▁हथिया"	["▁ह", "थिया"]
9904	"▁సంస్కృతం,"	["▁సంస్కృ", "తం,"]
9905	"▁supplied"	["▁supp", "lied"]
9906	"▁సంగీతము"	["▁సంగీ", "తము"]
9907	"▁దేశమంతటా"	["▁దేశ", "మంతటా"]
9908	"▁president,"	["▁pres", "ident,"]
9909	"▁ప్రభుత్వం,"	["▁ప్రభుత్వం", ","]
9910	"▁కోర్టులు"	["▁కోర్టు", "లు"]
9911	"▁eras"	["▁er", "as"]
9912	"▁बढ़ने"	["▁बढ़", "ने"]
9913	"▁ద్వీపకల్పం"	["▁ద్వీ", "పకల్పం"]
9914	"▁Indo-A"	["▁Indo-", "A"]
9915	"▁creates"	["▁cre", "ates"]
9916	"▁ఆక్రమి"	["▁ఆక్ర", "మి"]
9917	"▁యావ"	["▁యా", "వ"]
9918	"▁Christianity,"	["▁Christian", "ity,"]
9919	"▁legislatures"	["▁legisl", "atures"]
9920	"▁services,"	["▁servic", "es,"]
9921	"▁సామ్రాజ్యం,"	["▁సామ్రాజ్యం", ","]
9922	"▁obst"	["▁ob", "st"]
9923	"▁Bangalore"	["▁Bang", "alore"]
9924	"iscal"	["isc", "al"]
9925	"▁श्रीलंका"	["▁श्री", "लंका"]
9926	"▁2023."	["▁2023", "."]
9927	"▁flowering"	["▁flow", "ering"]
9928	"▁productivity"	["▁product", "ivity"]
9929	"▁altered"	["▁alt", "ered"]
9930	"▁Revolution,"	["▁Revolution", ","]
9931	"▁average."	["▁average", "."]
9932	"▁discrimin"	["▁disc", "rimin"]
9933	"▁margins"	["▁marg", "ins"]
9934	"▁enterp"	["▁enter", "p"]
9935	"▁Kerala"	["▁Keral", "a"]
9936	"▁సామ్రాజ్యాలు"	["▁సామ్రాజ్యా", "లు"]
9937	"▁ట్రాఫిక్"	["▁ట్రా", "ఫిక్"]
9938	"▁త్వరలో"	["▁త్వ", "రలో"]
9939	"▁వర్గీకరణ"	["▁వర్గీ", "కరణ"]
9940	"▁speech,"	["▁speech", ","]
9941	"▁Vijayanag"	["▁Vijay", "anag"]
9942	"▁unprecedented"	["▁unpre", "cedented"]
9943	"వచ్చని"	["వ", "చ్చని"]
9944	"▁ప్ల"	["▁", "ప్ల"]
9945	"దే,"	["దే", ","]
9946	"టికంటే"	["టి", "కంటే"]
9947	"నెస్"	["నె", "స్"]
9948	"टिबंधी"	["टि", "बंधी"]
9949	"ల్లు."	["ల్లు", "."]
9950	"జెండా"	["జెం", "డా"]
9951	"ati,"	["at", "i,"]
9952	"▁cro"	["▁c", "ro"]
9953	"iva"	["iv", "a"]
9954	"▁Chen"	["▁C", "hen"]
9955	"▁Cricket"	["▁C", "ricket"]
9956	"▁విధి"	["▁వి", "ధి"]
9957	"▁प्रदेशों"	["▁प्र", "देशों"]
9958	"▁stiff"	["▁st", "iff"]
9959	"▁తరత"	["▁త", "రత"]
9960	"▁chol"	["▁ch", "ol"]
9961	"▁సిద్ధం"	["▁సి", "ద్ధం"]
9962	"▁1949,"	["▁194", "9,"]
9963	"wealth"	["we", "alth"]
9964	"▁ages"	["▁ag", "es"]
9965	"لیم"	["لی", "م"]
9966	"harasht"	["har", "asht"]
9967	"▁నెరవే"	["▁నె", "రవే"]
9968	"▁1980."	["▁198", "0."]
9969	"▁غال"	["▁غ", "ال"]
9970	"▁भरा"	["▁भ", "रा"]
9971	"▁రాజ్యాలను"	["▁రాజ్యా", "లను"]
9972	"▁Maharasht"	["▁Ma", "harasht"]
9973	"▁१९९०"	["▁१९९", "०"]
9974	"▁uprising"	["▁up", "rising"]
9975	"▁Rajast"	["▁Raj", "ast"]
9976	"▁Himalayas"	["▁Himalay", "as"]
9977	"▁మొదలైనవి."	["▁మొదలైన", "వి."]
9978	"▁forest,"	["▁forest", ","]
9979	"▁పీఠి"	["▁పీ", "ఠి"]
9980	"▁దాదాపుగా"	["▁దాదాపు", "గా"]
9981	"▁వహించి"	["▁వహిం", "చి"]
9982	"▁పురుషులకు"	["▁పురుషు", "లకు"]
9983	"▁టైగర్"	["▁టై", "గర్"]
9984	"▁४०"	["▁४", "०"]
9985	"▁services."	["▁servic", "es."]
9986	"▁draws"	["▁draw", "s"]
9987	"▁lines,"	["▁lin", "es,"]
9988	"▁passes"	["▁pass", "es"]
9989	"▁లాభ"	["▁లా", "భ"]
9990	"▁expanding"	["▁expand", "ing"]
9991	"▁wildlife"	["▁wild", "life"]
9992	"▁Brahmaput"	["▁Brahm", "aput"]
9993	"▁शुष्क"	["▁शु", "ष्क"]
9994	"▁కుటుంబాలు"	["▁కుటుంబా", "లు"]
9995	"iosphere"	["ios", "phere"]
9996	"▁diseases,"	["▁diseas", "es,"]
9997	"▁northeast,"	["▁northeast", ","]
9998	"▁meat,"	["▁meat", ","]
9999	"▁faces"	["▁fac", "es"]
